month,ticker,adj_close,rel_mom_12m_vs_qqq,mom_12m,up_day_volume_ratio_3m,up_day_dollar_volume_ratio_3m,mom_9m,mom_7m,mom_6m,mom_4m_vs_6m,mom_5m_vs_6m,mom_6m_first3m,mom_6m_acceleration,ret_lag_6m,rel_mom_6m_vs_qqq,mom_3m_vs_6m,return_vol_ratio_6m,drawdown_12m,drawdown_12m_abs,ma100_slope_1m,volume_change_3m,dollar_volume_change_3m,volume_ma3_to_12m,mom_5m,core_mom_456_std,ret_lag_5m,price_ma100_ratio,drawdown_change_3m,mom_4m,core_mom_456_avg,core_mom_456_min,core_mom_456_max,ret_lag_4m,volume_change_1m,dollar_volume_change_1m,ma50_slope_1m,mom_6m_last3m,ret_lag_3m,rel_mom_3m_vs_qqq,mom_3m,return_vol_ratio_3m,volatility_6m,volatility_1m_to_6m,volatility_3m_to_6m,avg_abs_daily_return_6m,drawdown_6m,drawdown_6m_abs,recovery_from_6m_low,avg_dollar_volume_6m,dollar_volume_3m_to_6m,large_move_freq_6m,up_big_move_freq_6m,down_big_move_freq_6m,intraday_range_mean_6m,volume_ma1_to_6m,drawdown_change_1m,ma30_slope_1m,price_ma50_ratio,atr_14_to_100d,volume_ratio_3m,ret_lag_2m,ret_lag_6m_std,mom_2m,ma20_slope_1m,volatility_3m,volatility_1m_to_3m,avg_abs_daily_return_3m,ma10_slope_1m,drawdown_3m,drawdown_3m_abs,recovery_from_3m_low,days_since_3m_high_norm,days_since_3m_low_norm,avg_dollar_volume_3m,log_avg_dollar_volume_3m,large_move_freq_3m,up_big_move_freq_3m,down_big_move_freq_3m,intraday_range_mean_3m,price_ma30_ratio,ma5_slope_1m,return_vol_ratio_1m,ret_lag_1m,positive_month_ratio_6m,ret_lag_6m_mean,ret_lag_6m_min,ret_lag_6m_max,rel_mom_1m_vs_qqq,mom_1m,price_ma20_ratio,volatility_1m,avg_abs_daily_return_1m,drawdown_1m,drawdown_1m_abs,recovery_from_1m_low,avg_dollar_volume_1m,price_ma10_ratio,atr_14_to_price,price_ma5_ratio,qqq_mom_1m,qqq_mom_3m,qqq_mom_6m,qqq_mom_12m,source_count,source_weight_sum,theme_count,in_large_cap_core,in_manual_core,trading_day_count_3m,trading_day_count_6m,liquid_vol_score,future_return_1m,future_return_2m,future_return_3m,future_max_return_1_3m,future_max_return_1_3m_pct_rank,monthly_top10_threshold_1_3m,monthly_top5_threshold_1_3m,label_top10_1_3m,label_top5_1_3m,label_boom30_top10_1_3m,label_boom40_top10_1_3m,label_boom50_top5_1_3m,label_mega100_1_3m
2026-10-31,A,167.77999877929688,-0.04393250777077351,0.1532346562241369,1.0938989201200675,1.111565843926489,0.2587693821633841,0.47484388441293346,0.4548048976286847,-0.1916866527558525,-0.21446912035157495,0.19979346790996066,0.012752638181910081,0.17291214546950817,0.3298374390192267,-0.24225879153681396,1.187150168621609,-0.042406299011814697,0.042406299011814697,0.06780868639620996,0.3306025216431352,0.6134169063744077,1.0295485912411215,0.24033577727710975,0.11779913501300371,-0.018036686342074115,0.1948827690853827,-0.02696586730119621,0.2631182448728322,0.31941963992620886,0.24033577727710975,0.4548048976286847,0.04170739448742222,-0.1159280420012353,-0.13917013443515325,0.07693573144421495,0.21254610609187075,0.10977815261568535,0.12188915616293894,0.21254610609187075,0.7156009529706316,0.3831064591910518,0.8666471335746436,0.7752874760447178,0.015734946739201703,-0.042406299011814697,0.042406299011814697,0.520328405304211,312430004.0340242,1.0915890574577247,0.15079365079365079,0.007936507936507936,0.007936507936507936,0.027795768144623277,0.8389976430935314,-0.025854680701512422,0.0698175412301063,0.09996878728537983,1.2028341019474533,-0.1014752426041694,0.12210211186572573,0.08081773940792854,0.09260224958832275,0.05426776170062353,0.2970176398026592,1.1178397179792137,0.014313840644872691,0.0984925463147246,-0.042406299011814697,0.042406299011814697,0.2999146917055653,0.06349206349206349,0.9682539682539683,341045173.6250136,19.647525503379697,0.15873015873015872,0.0,0.0,0.027341224026503894,0.06371422785840197,0.11821349861614516,-0.07918188375505768,-0.026289819763687605,0.6666666666666666,0.06702888305542996,-0.026289819763687605,0.17291214546950817,-0.039550694494471905,-0.026289819763687605,0.0508449054402722,0.3320181147118562,0.01687294043634941,-0.042406299011814697,0.042406299011814697,0.17230299401504046,395567941.58194405,-0.011407292619810883,0.03089505298273691,-0.02113160958032112,0.0132608747307843,0.09065694992893181,0.12496745860945802,0.1971671639949104,1.0,3.0,1.0,1.0,0.0,63.0,126.0,0.5131132075471698,,,,,,,,0,0,0,0,0,0
2026-10-31,AAPL,333.69000244140625,0.04158950625701818,0.2387566702519286,0.9623696109569423,0.9769326878171611,0.28949544551839956,0.31717360367885994,0.2319346696924367,-0.07773991877572928,-0.16169887797311566,0.1394678629137931,-0.058318749552937144,0.15108715221843605,0.10696721108297869,-0.15078555633158075,0.8423450460718256,-0.021637800816056818,0.021637800816056818,0.04042559889174724,-0.7490699234880454,-0.7287071702635286,0.6676343358341212,0.07023579171932104,0.08086936888023995,-0.07274245453871875,0.06345385282998972,0.0700169819789831,0.15419475091670742,0.15212173744282173,0.07023579171932104,0.2319346696924367,0.06756296301144094,-0.334938365947436,-0.33360030745309177,0.028643325007688514,0.08114911336085595,0.026587852979950588,-0.009507836568075856,0.08114911336085595,0.3036566304147584,0.2753440181954367,0.8251637152452871,0.9705666507957962,0.012851920735999424,-0.021637800816056818,0.021637800816056818,0.3186804625555535,15154741312.65857,0.9749127307012563,0.07142857142857142,0.0,0.015873015873015872,0.02211851736537774,0.5087391278954554,0.001964445460891806,0.03561030960996803,0.03516249264238569,0.8607924269992937,-0.19875430602329103,0.051033557199533286,0.07419003709465477,0.053148164789332375,0.06379657458518562,0.26723972155660175,0.8501875832728346,0.011976146379326015,0.06401716650037304,-0.021637800816056818,0.021637800816056818,0.10401985919406531,0.07936507936507936,0.5714285714285714,14774550236.195107,23.416171958976264,0.06349206349206349,0.0,0.015873015873015872,0.021227418166087243,0.02042023677238558,0.03972594977771249,0.00885518086156565,0.002011931565185643,0.8333333333333334,0.03759016707263796,-0.07274245453871875,0.15108715221843605,-0.011248943165598657,0.002011931565185643,0.005408345254470648,0.22720389302471247,0.011002917072796891,-0.021637800816056818,0.021637800816056818,0.05819117878042146,13903713811.144875,-0.006156232890175528,0.01948771472265957,0.0021744115999609015,0.0132608747307843,0.09065694992893181,0.12496745860945802,0.1971671639949104,2.0,8.0,2.0,1.0,1.0,63.0,126.0,0.5125471698113208,,,,,,,,0,0,0,0,0,0
2026-10-31,ABBV,262.82000732421875,0.03670713251965885,0.23387429651456926,0.9395183789816081,0.9532752172924314,0.19674744191188087,0.22712142089894272,0.25255874237493203,-0.20069602838615253,-0.03681965217263672,0.19594051103508203,-0.14859849793541113,0.030285817466402465,0.12759128376547402,-0.20521672927526113,0.9928294592945925,-0.01299380903913061,0.01299380903913061,0.05259331764048891,-0.19244440770438953,-0.15421310027521828,0.7709053757720369,0.2157390902022953,0.10684104179961545,0.15579635444256645,0.0755517396690828,0.03394878847166416,0.05186271398877951,0.17338684885533562,0.05186271398877951,0.25255874237493203,0.004316355911025971,0.3362057174121187,0.34248863241429794,0.018293332587443256,0.0473420130996709,0.021837933103582063,-0.04331493682926091,0.0473420130996709,0.2227167105801535,0.2543828046302892,0.6747507767719008,0.835614882752272,0.011935839479643365,-0.01299380903913061,0.01299380903913061,0.34102092529208394,1407088172.5256057,0.8866712103322925,0.07142857142857142,0.007936507936507936,0.0,0.02283302298837442,0.9651201721213851,0.004619239116594787,0.02148391124298965,0.019304059065538004,0.807496861045519,0.20745725468653453,0.02016216613144084,0.05786955611410683,0.024959026446225607,0.019071072823942936,0.21256605746533325,0.8074901377408075,0.010127680377050535,0.010100476500645827,-0.01299380903913061,0.01299380903913061,0.08134130435806197,0.06349206349206349,0.9047619047619048,1247624572.9775324,20.944507239504205,0.031746031746031744,0.0,0.0,0.02074696559272108,0.006735355042518654,0.01714715523740118,0.0273940796613902,0.004702056667103438,1.0,0.03951678062035354,0.004316355911025971,0.15579635444256645,-0.008558818063680862,0.004702056667103438,0.006643453161202961,0.17164499502170233,0.007858870976657722,-0.01299380903913061,0.01299380903913061,0.05643543939952078,1097921430.4812477,-0.0037677723503919403,0.018016134534652783,0.00014463164026068398,0.0132608747307843,0.09065694992893181,0.12496745860945802,0.1971671639949104,1.0,3.0,1.0,1.0,0.0,63.0,126.0,0.4951886792452831,,,,,,,,0,0,0,0,0,0
2026-10-31,ABNB,162.42999267578125,0.08645849983144371,0.2836256638263541,1.1560728007167698,1.2069158066336325,0.25554609883572255,0.2862685638734028,0.15723847228169663,-0.02215820849552519,0.06119972178089328,0.07950985760601603,-0.007506240290231503,-0.050228006704909345,0.03227101367223861,-0.0852348549659121,0.3892225852636182,-0.1473491198121719,0.1473491198121719,0.035913230822517184,0.39882185659150915,0.49954209024647955,1.33830328692714,0.2184381940625899,0.04317587422345599,0.07343791706708913,0.05158886026592491,-0.1369644530265124,0.13508026378617144,0.17025231004348598,0.13508026378617144,0.2184381940625899,0.058839956742241295,-0.2520636023981232,-0.24377648179243627,0.05163612523729011,0.07200361731578453,0.20921327913401933,-0.018653332613147278,0.07200361731578453,0.14712886551564008,0.40398085371947245,0.9683376409663565,1.2114225294576442,0.0169715295636266,-0.1473491198121719,0.1473491198121719,0.2997518691619596,653880625.2419245,1.2030270916074108,0.12698412698412698,0.023809523809523808,0.007936507936507936,0.03033839237605159,0.8087406879651124,0.009343825613106982,0.0001174726221782052,-0.04270270450614744,1.0744953782404856,-0.33975493924615374,-0.12318528094010528,0.11410180319103795,-0.11347019106215728,-0.10249239793262033,0.4893915076653018,0.7993393035210291,0.018865045038831862,-0.15035664078945576,-0.1473491198121719,0.1473491198121719,0.18070788709761154,0.42857142857142855,0.7936507936507936,786636106.8432279,20.4832763205993,0.15873015873015872,0.015873015873015872,0.015873015873015872,0.02921102262293889,-0.05388761510569229,-0.13681996283611653,0.028323791874262583,0.011079980373007725,0.6666666666666666,0.02985964094522381,-0.12318528094010528,0.20921327913401933,-0.002180894357776575,0.011079980373007725,-0.011459874133585402,0.3911898668862887,0.017606383140844555,-0.12318492482709176,0.12318492482709176,0.08590714458768467,819699163.5433378,0.02564907952988671,0.032899882391597385,0.019533219237686028,0.0132608747307843,0.09065694992893181,0.12496745860945802,0.1971671639949104,1.0,3.0,1.0,1.0,0.0,63.0,126.0,0.6683018867924528,,,,,,,,0,0,0,0,0,0
2026-10-31,ABT,97.5,-0.3938022082413629,-0.1966350442464525,1.2698635196340886,1.2815244536031483,-0.09596117155948314,-0.037582098535413055,0.08156627850971487,0.0005959526776107005,0.06557625535402867,0.17252874192613898,-0.2501067663820665,-0.057164871337442524,-0.04340118009974314,-0.15914430296564241,0.27045272691222616,-0.25883352253700487,0.25883352253700487,0.0244322929817804,-0.09371390516227718,-0.16402178999166517,0.791321600281652,0.14714253386374354,0.037689609889573934,0.060046729412394084,-0.011152905681725889,-0.1430132534856443,0.08216223118732557,0.103623681186928,0.08156627850971487,0.14714253386374354,0.17317481573336702,0.15034604818258668,0.1348653002104805,0.032042001321485714,-0.07757802445592754,0.0440870747081592,-0.16823497438485935,-0.07757802445592754,-0.25151489567583896,0.3015916291211467,0.596709120579049,1.0227175816569969,0.013562959561755657,-0.1643095780389573,0.1643095780389573,0.18938227046526324,1091338800.2683427,0.904256292600509,0.07936507936507936,0.007936507936507936,0.007936507936507936,0.023042249283256783,0.7713586049209777,-0.011399690168236276,-0.03628304971490215,-0.08740506604931109,0.8036303479089341,-0.031269580563475396,-0.10447624787540455,0.09814464905670704,-0.11652773232356539,-0.08599967315167811,0.30844306158277307,0.5834544465464911,0.012698538068215824,-0.10961554074839408,-0.1643095780389573,0.1643095780389573,0.10381521542911787,0.4444444444444444,0.9047619047619048,986849977.501739,20.71002858837966,0.031746031746031744,0.015873015873015872,0.0,0.022468906928969863,-0.07738311207015103,-0.10629806642885253,-0.0747793139084878,-0.013457470468615895,0.5,0.01703500502874289,-0.10447624787540455,0.17317481573336702,-0.026718345199400195,-0.013457470468615895,-0.04607226739768833,0.17996247578688215,0.009600008157843846,-0.10377792830697508,0.10377792830697508,0.008377262779413197,887639755.7634989,-0.03222925602237847,0.02060072343428058,-0.015052034566590544,0.0132608747307843,0.09065694992893181,0.12496745860945802,0.1971671639949104,1.0,3.0,1.0,1.0,0.0,63.0,126.0,0.5282075471698113,,,,,,,,0,0,0,0,0,0
2026-10-31,ACGL,93.5999984741211,-0.11270416872511757,0.08446299526979284,1.006981146184315,1.0198206430802597,-0.025406105978199367,-0.02489842111508689,-0.0091043893572611,-0.02654365485769905,0.05678742395375713,0.06426000162667811,-0.13319465187361457,-0.05420286678177255,-0.13407184796671912,-0.05983026088967536,-0.040786005195573134,-0.12096172498827973,0.12096172498827973,0.00015804134273489368,0.738719110142767,0.6188611164074107,1.506337699136385,0.04768303459649603,0.04257042366947096,0.08641147903684154,-0.03332050643084239,-0.06508264544231468,-0.03564804421496015,0.0009768670080915938,-0.03564804421496015,0.04768303459649603,0.035751095281125744,-0.46456317536549196,-0.45737456000881427,-0.01688036388150005,-0.06893465024693646,-0.024470298561062642,-0.15959160017586826,-0.06893465024693646,-0.3285828999636649,0.22322336579923938,0.8868502148077462,0.9398379250295225,0.010494635837822126,-0.12096172498827973,0.12096172498827973,0.06824920725960992,243957691.32506356,1.093185889106162,0.05555555555555555,0.0,0.0,0.019639527781471884,0.8675315758607373,0.01164535898456831,-0.029773703681554742,-0.04689172018172316,0.921139435432038,-0.2717922036340351,-0.05822370859835957,0.05630594128553704,-0.045579700567073944,-0.03216213275852653,0.2097937849308632,0.9436203745234991,0.0101102943873425,-0.04810739438072953,-0.12096172498827973,0.12096172498827973,0.013425702204148182,0.746031746031746,0.031746031746031744,266691105.69547623,19.401601642872514,0.031746031746031744,0.0,0.0,0.019097990017997064,-0.034291603194426146,-0.04517856701073597,0.06781832857152448,0.013425702204148182,0.5,-0.00021809956984654896,-0.05822370859835957,0.08641147903684154,0.00016482747336388215,0.013425702204148182,-0.021728919013174197,0.19796568990916355,0.008933427643140979,-0.06240612283546587,0.06240612283546587,0.013425702204148182,431015351.2405032,-0.010372083603437443,0.020070210226269668,-0.004763552858947806,0.0132608747307843,0.09065694992893181,0.12496745860945802,0.1971671639949104,1.0,3.0,1.0,1.0,0.0,63.0,126.0,0.22226415094339622,,,,,,,,0,0,0,0,0,0
2026-10-31,ACN,198.8999938964844,-0.385497324463828,-0.1883301604689176,1.1327628856862944,1.1746654458896582,-0.2300159063726145,0.02374623559473199,0.12635895335478908,0.4912206567019919,-0.05033608193253469,-0.060404820447282126,0.2591752886940196,0.046779750941540854,0.0013914947453310678,0.07241151489194841,0.22047896745747264,-0.29646275143081047,0.29646275143081047,0.004854956379939601,0.06849358837813657,0.28087855925869554,1.1554725831199062,0.07602287142225439,0.2991975812835391,-0.3347944887952171,0.1911969279441259,0.08274337641678553,0.617579610056781,0.2733204782779415,0.07602287142225439,0.617579610056781,0.3493655815717358,-0.047355426835058445,0.033326088419934674,0.13340896116156942,0.1987704682467375,0.1436836825035157,0.10811351831780569,0.1987704682467375,0.35317849608987906,0.5731111443959478,1.2954995592689162,0.9820164307353729,0.02497136191859919,-0.06311827113825597,0.06311827113825597,0.617579610056781,1165739893.8427274,0.9686297078611762,0.29365079365079366,0.0873015873015873,0.05555555555555555,0.039771152844001116,1.0766272697354302,-0.0034772204571662524,0.06436204009182078,0.10443180417636855,1.278394248928059,0.2156778000832078,-0.0336741124295209,0.22554669512883804,0.04816610273099031,0.020801596813877055,0.5628045604343735,1.319223913900091,0.025781516488999394,-0.005879855317087901,-0.06311827113825597,0.06311827113825597,0.47815099216150014,0.015873015873015872,0.9047619047619048,1129170292.8149996,20.844748946713647,0.31746031746031744,0.1111111111111111,0.031746031746031744,0.04030135622477912,0.06901571746289448,0.003861986410980567,0.11406883997654471,0.0846921480767453,0.6666666666666666,0.04267542697813328,-0.3347944887952171,0.3493655815717358,0.071431273345961,0.0846921480767453,0.07339157212329694,0.7424652349770545,0.03178884215814047,-0.06311827113825597,0.06311827113825597,0.14002402994700236,1293840710.8622959,0.07337708524692999,0.05115278220568474,0.051090705241803036,0.0132608747307843,0.09065694992893181,0.12496745860945802,0.1971671639949104,1.0,3.0,1.0,1.0,0.0,63.0,126.0,0.8559433962264151,,,,,,,,0,0,0,0,0,0
2026-10-31,ADBE,237.69000244140625,-0.49871573986217865,-0.30154857586726824,1.0732132129523875,1.0956289313445688,-0.18946290727568205,-0.02217376727434206,-0.03417311439875337,0.1935234094340057,-0.04884833432268354,0.0175131956590886,-0.06830989321381897,0.05327096719391444,-0.15914057300821138,-0.016623583155977006,-0.07206309793865896,-0.33958489616044596,0.33958489616044596,0.0016143884673984754,-0.4430449950800608,-0.4713364700165723,0.8566742909957842,-0.08302144872143691,0.12818055750692764,-0.20905824994793265,-0.023437648892473684,-0.10199457797466827,0.15935029503525233,0.014051910638354018,-0.08302144872143691,0.15935029503525233,0.22139302723517407,-0.3107273331119229,-0.3171908801850164,0.05245881610478653,-0.050796697554730375,0.1692424594186659,-0.14145364748366218,-0.050796697554730375,-0.10703533839722801,0.47421100918866915,0.9046366450452495,1.0007754881905957,0.02360960710090618,-0.18818950269972,0.18818950269972,0.22894368409534205,1375329705.6337507,0.9367936801637384,0.2857142857142857,0.06349206349206349,0.047619047619047616,0.036056758170095606,0.5260821684772047,-0.007684688460449229,-0.018270098846209337,-0.08045379749944526,0.792450239991816,-0.2724815380301001,-0.18050481423927078,0.17693725558548254,-0.18818950269972,-0.09429862337809769,0.4745787542261454,0.9039356536208082,0.023806132369047963,-0.15106154592391652,-0.18818950269972,0.18818950269972,0.120280927995013,0.36507936507936506,0.7936507936507936,1288400176.3791523,20.976667113095285,0.31746031746031744,0.07936507936507936,0.031746031746031744,0.03678833309316905,-0.08170242239881198,-0.17802727145607888,-0.02185918928358232,-0.009377344240668939,0.5,0.007494340903313672,-0.20905824994793265,0.22139302723517407,-0.02263821897145324,-0.009377344240668939,-0.0379045872488456,0.4289886563959597,0.021980519091957213,-0.16818896783409887,0.16818896783409887,0.028916532156242347,1381465603.5967145,-0.003793026905742014,0.034156143660181985,0.004530522517925073,0.0132608747307843,0.09065694992893181,0.12496745860945802,0.1971671639949104,2.0,8.0,2.0,1.0,1.0,63.0,126.0,0.833490566037736,,,,,,,,0,0,0,0,0,0
2026-10-31,ADI,417.1499938964844,0.6068190955796147,0.8039862595745251,0.9285759071651886,0.9415391656622336,0.35383673561154194,0.3188126184543081,0.043024508899858205,0.0104814238851616,-0.029210210299422057,-0.08413368890391926,0.22297294553254066,0.028812190102020407,-0.08194294970959981,0.0958147477287632,0.10538907682086547,-0.06074135570246686,0.06074135570246686,-0.0035786042387171424,-0.2518988422040793,-0.14803303357268272,0.6710179262076045,0.013814298600436148,0.02056908058486373,-0.03767575762924835,0.07297809358825824,0.17524915054466905,0.053505932785019805,0.03678158009510472,0.013814298600436148,0.053505932785019805,-0.07493008635496057,0.11309574197917538,0.1704466536618463,-0.009611755722774507,0.1388392566286214,-0.014343663045765731,0.04818230669968959,0.1388392566286214,0.43553885223012095,0.408244480336315,0.7883105768318496,0.7808453993652941,0.01952286882889157,-0.06074135570246686,0.06074135570246686,0.28166870070855166,1585386847.7109878,0.8468520876652508,0.2222222222222222,0.03968253968253968,0.023809523809523808,0.029978919911678045,0.6786434700329025,0.0037918983501487036,0.007324631833504736,0.11280355250970553,0.743075296921329,0.01843389357911862,0.09879786745495278,0.06329568000783167,0.15541209844775716,0.016125764830557943,0.31877582428688683,1.0095603783701914,0.015192362047451297,0.07849840035634648,0.0,-0.0,0.18408737795450758,0.0,0.7301587301587301,1342588161.741081,21.017865052761714,0.15873015873015872,0.015873015873015872,0.0,0.02761519167503611,0.11266915947349987,0.11453646859052591,0.16009955674672668,0.0515237903800585,0.5,0.008697390151176173,-0.07493008635496057,0.09879786745495278,0.0382629156492742,0.0515237903800585,0.09772703239099867,0.3218234417823391,0.015536272758655476,0.0,-0.0,0.1701262100883152,1229130836.7292132,0.05690005295954825,0.025973876334040854,0.03659838908755919,0.0132608747307843,0.09065694992893181,0.12496745860945802,0.1971671639949104,1.0,3.0,1.0,1.0,0.0,63.0,126.0,0.779245283018868,,,,,,,,0,0,0,0,0,0
2026-10-31,ADM,80.44999694824219,0.1707588751240614,0.3679260391189718,0.8758674807069818,0.886655511503378,0.2198580395239047,0.1211223448180394,0.09329740967711642,-0.03360368825223814,-0.07849918190751559,0.07046741188968508,-0.049140281765163385,0.0773544728000235,-0.0316700489323416,-0.07197027955259472,0.34157165917916626,-0.0867294778892187,0.0867294778892187,0.032105928454502,-0.5445740264874481,-0.5348610974882589,0.9497016399920963,0.014798227769600825,0.03938471525616227,-0.042366480755317015,-0.0017593113838694219,0.005460163142049668,0.05969372142487828,0.05592978629053184,0.014798227769600825,0.09329740967711642,0.03756542851816613,0.10263854768209812,0.11750152261714031,0.018375509885843355,0.021327130124521698,0.031991131041171794,-0.06932981980441011,0.021327130124521698,0.0755236602676554,0.2731415419573164,0.8669321643570338,1.0338597599912849,0.01361079846346737,-0.0867294778892187,0.0867294778892187,0.2172426729894803,290176841.11578804,1.0406987211445877,0.0873015873015873,0.007936507936507936,0.0,0.02780831757358149,0.729183150299079,0.012146665220872155,0.028425034148330086,-0.015317481588255522,0.9416029668595002,-0.13715764682384468,-0.023496169769934627,0.043491931932926955,-0.010333423026505417,0.03983242780646701,0.28239004901164055,0.8385394208246792,0.013363981928311895,-0.001565470835309446,-0.0867294778892187,0.0867294778892187,0.057064960511718166,0.1746031746031746,0.6190476190476191,301986667.45497686,19.52589343017594,0.12698412698412698,0.015873015873015872,0.0,0.02778573285519653,-0.02860067343157513,-0.03090858779066452,0.05692456247917701,0.013479462482321347,0.6666666666666666,0.01575464071940519,-0.042366480755317015,0.0773544728000235,0.00021858775153704713,0.013479462482321347,-0.03687877737770462,0.23679518814487385,0.010620093903599774,-0.0867294778892187,0.0867294778892187,0.013479462482321347,305266266.8847947,-0.0067901424227141405,0.026777942978595398,0.007816989948879804,0.0132608747307843,0.09065694992893181,0.12496745860945802,0.1971671639949104,1.0,3.0,1.0,1.0,0.0,63.0,126.0,0.3583962264150944,,,,,,,,0,0,0,0,0,0
2026-10-31,ADP,257.67999267578125,-0.17850187587160637,0.018665288123304036,1.0132873718268902,1.026278115810472,0.06739958338885033,0.28603515477749264,0.23288019062816878,-0.07490246861373517,-0.05501942948084637,0.26678124272903037,-0.2935428105178213,0.04671131877018575,0.10791273201871077,-0.2596417584169597,0.7551895505595495,-0.09792301287968974,0.09792301287968974,0.059069001329202564,-0.12286538924076007,-0.14633888658648808,0.723361015558658,0.1778607611473224,0.03880045676275259,0.01717048502306251,0.03534807010157337,-0.07264591493909456,0.1579777220144336,0.18957289126330826,0.1579777220144336,0.23288019062816878,0.18981914779453857,-0.13342574257425743,-0.1347018119079657,0.04777364075009927,-0.026761567788790908,0.07393234796827075,-0.11741851771772271,-0.026761567788790908,-0.09607440127773163,0.30837316334106946,0.7891598268125296,0.9032901819615842,0.014356978996761713,-0.09792301287968974,0.09792301287968974,0.3840597687572569,612907084.5066252,0.9772837805728068,0.1349206349206349,0.023809523809523808,0.0,0.023571416767563382,0.8341762822142023,-0.0013303076277627612,0.004179480886006948,-0.04621360965368604,0.8578454059481192,0.04488801871925885,-0.09242543571276629,0.09318083149285045,-0.09376187983122064,-0.03134703733475219,0.27855045082642393,0.8736503978143445,0.013366696189683029,-0.06359231129657683,-0.09792301287968974,0.09792301287968974,0.07480563229109616,0.38095238095238093,0.9523809523809523,598984152.6864915,20.210745701116256,0.12698412698412698,0.0,0.0,0.02218538352486065,-0.05254827522278904,-0.07823714763261791,-0.00605099708239987,-0.0014725447043615336,0.6666666666666666,0.03895588652315496,-0.09242543571276629,0.18981914779453857,-0.014733419435145834,-0.0014725447043615336,-0.03539121505685516,0.2433557121758703,0.011584449364606866,-0.08535567391674037,0.08535567391674037,0.0,610389849.9912807,-0.021470846831919466,0.02165754801668053,-0.011432513147344392,0.0132608747307843,0.09065694992893181,0.12496745860945802,0.1971671639949104,1.0,3.0,1.0,1.0,0.0,63.0,126.0,0.5853773584905659,,,,,,,,0,0,0,0,0,0
2026-10-31,ADSK,212.0,-0.4936428971322874,-0.29647573313737696,0.9919017499441058,1.0116066440236622,-0.16162453397544108,-0.11445277608625193,-0.10548523206751059,0.19590803834579362,0.02200419898461392,-0.011814358868176389,-0.08297640645001592,-0.024008449119857667,-0.2304526906769686,0.010694466749318288,-0.23751161144455105,-0.3445258485581546,0.3445258485581546,-0.02250828036386565,-0.14176500769625444,-0.22311775943957946,0.7294109749958048,-0.08348103308289667,0.10732092806625247,-0.15948294401025065,-0.05783640039611826,-0.14941692405002271,0.09042280627828303,-0.03284781962404141,-0.10548523206751059,0.09042280627828303,0.20460857501258278,-0.13653727028701224,-0.12414306842510325,0.0183157314279343,-0.0947907653181923,0.10388557706271695,-0.1854477152471241,-0.0947907653181923,-0.2066690947921872,0.44412663206631037,1.06869290091063,1.032722587591847,0.021231206492461335,-0.21649785453226889,0.21649785453226889,0.1293415652110017,526284481.52510625,0.9231830645261057,0.23809523809523808,0.03968253968253968,0.031746031746031744,0.03561265353700207,0.5798958796780475,0.011087294511335832,-0.07147106045712803,-0.0917308931501638,0.7232727595124747,-0.07640064786865941,-0.19158317801865565,0.15173902058886532,-0.17997910880361245,-0.14900942437586606,0.4586596046859722,1.0348305670380082,0.022079073314740547,-0.1671841404160731,-0.21649785453226889,0.21649785453226889,0.04340982204036714,0.3968253968253968,0.047619047619047616,485856920.4668802,20.00142473824659,0.2222222222222222,0.06349206349206349,0.015873015873015872,0.03521400980431084,-0.06773027051555347,-0.18489043603893673,0.030242328582903006,0.014354066985645897,0.5,-0.00870439201463639,-0.19158317801865565,0.20460857501258278,0.0010931922548615969,0.014354066985645897,-0.011912965617678628,0.4746349787946133,0.021131722409447745,-0.10744359975333584,0.10744359975333584,0.04340982204036714,499847880.67554295,0.00044831986621551856,0.031020897096700754,0.016611047920629396,0.0132608747307843,0.09065694992893181,0.12496745860945802,0.1971671639949104,1.0,3.0,1.0,1.0,0.0,63.0,126.0,0.7066037735849057,,,,,,,,0,0,0,0,0,0
2026-10-31,AEE,99.94000244140624,-0.1897007673941975,0.00746639660071291,0.9638433704395124,0.9652733060588372,-0.011938648990685752,-0.07788877071344569,-0.10815253897332666,-0.0014635576454289367,0.046917588999856985,-0.028749377207008542,-0.05300414747849558,-0.049977988633610804,-0.23311999758278468,0.026399014287822542,-0.5787756861470482,-0.14934924516179227,0.14934924516179227,-0.014079226812355738,-0.12756470673530051,-0.19888936701972126,1.0351993878367334,-0.06123494997346968,0.02752010631415286,0.05433740037477963,-0.07069101162866964,-0.0468177774899714,-0.1096160966187556,-0.09300119518851731,-0.1096160966187556,-0.06123494997346968,-0.03034323864266253,0.04981461286804789,0.05573030662816025,-0.037710105353397916,-0.08175352468550412,-0.03284376632204522,-0.17241047461443593,-0.08175352468550412,-0.5518557580874064,0.18686434410074476,0.6663258814832775,0.7927832514152625,0.009361418473844326,-0.14934924516179227,0.14934924516179227,0.00745973302348113,184424199.54254514,0.9180876458672349,0.015873015873015872,0.0,0.0,0.01722883354176077,0.999965375639685,0.00941504456269493,-0.04248932630432489,-0.05337791111652268,0.7561559287041735,0.21295254094918104,-0.05589073558626223,0.04152615833747545,-0.05057069029836292,-0.044495081342894705,0.14814292228976886,0.8404893522835711,0.007516711157480651,-0.05620765758498203,-0.12043169520540487,0.12043169520540487,0.00745973302348113,0.9841269841269841,0.09523809523809523,169317579.19896445,18.947286682225982,0.0,0.0,0.0,0.016327326304933415,-0.03370115187333478,-0.054106197392368105,0.045256393998179135,0.0056349889662430375,0.3333333333333333,-0.01818055664059302,-0.05589073558626223,0.05433740037477963,-0.0076258857645412625,0.0056349889662430375,-0.022653795085922912,0.12451254880072324,0.006171911992485954,-0.06361848310657114,0.06361848310657114,0.00745973302348113,195081308.69416738,-0.001019545547619627,0.014623069444130646,0.002206204846121995,0.0132608747307843,0.09065694992893181,0.12496745860945802,0.1971671639949104,1.0,3.0,1.0,1.0,0.0,63.0,126.0,0.09273584905660377,,,,,,,,0,0,0,0,0,0
2026-10-31,AEP,119.56999969482422,-0.17206061125921246,0.02510655273569795,0.9222343378845973,0.9237003108162545,0.02116255254036048,-0.07418886636232169,-0.11490544532418945,-0.00445469962142564,0.06604099793430362,-0.060765075847841854,0.0031220218214812467,-0.06943384436957845,-0.23987290393364746,0.05726239129782884,-0.5954921352916585,-0.13129760608905638,0.13129760608905638,-0.01811524516754426,-0.03213405790770418,-0.08792480669800473,1.1256533931575996,-0.04886444738988582,0.03947763318375077,0.08005054183174076,-0.05827765305793742,-0.04581052255629903,-0.11936014494561509,-0.09437667921989679,-0.11936014494561509,-0.04886444738988582,-0.06549226509439965,0.3475902002286937,0.358153747969018,-0.042261993995619807,-0.05764305402636061,-0.03510277262189132,-0.14830000395529241,-0.05764305402636061,-0.35633281715029547,0.19295879578310698,0.6537055004334963,0.8383523400764495,0.009437105703657201,-0.13129760608905638,0.13129760608905638,0.01701114234236112,541419616.17537,0.8898965170422918,0.023809523809523808,0.0,0.0,0.017787657045179848,1.0430312369558328,0.012963611637737182,-0.034453482330388696,-0.03289166852300407,0.788672935392013,0.2042700602968459,-0.030956472319531025,0.055925945671482465,-0.02336029243831228,-0.025172626646000507,0.1617674579831015,0.7797503140193832,0.007847729156469606,-0.031455243755967754,-0.12397045163348763,0.12397045163348763,0.01701114234236112,0.9841269841269841,0.09523809523809523,481807430.6928362,19.993055072876302,0.015873015873015872,0.0,0.0,0.0178358311354913,-0.015711952100241344,-0.030163843727711415,0.062144863139643576,0.007838842801418,0.3333333333333333,-0.018849328295373613,-0.06943384436957845,0.08005054183174076,-0.0054220319293663,0.007838842801418,-0.010436067243271174,0.12613822616044076,0.0065384627895413786,-0.04664326709876798,0.04664326709876798,0.01701114234236112,500107336.36598134,0.0047223739361756945,0.015812610460619173,0.004013702672426511,0.0132608747307843,0.09065694992893181,0.12496745860945802,0.1971671639949104,1.0,3.0,1.0,1.0,0.0,63.0,126.0,0.2673584905660377,,,,,,,,0,0,0,0,0,0
2026-10-31,AES,14.90999984741211,-0.08283821850307915,0.11432894549183126,0.9678929103708405,0.9650342274165825,0.04265377178904961,0.08409346508927329,0.057084920246358584,-0.027833184096844876,-0.028534822083809308,0.04077847824436276,-0.025110934820999242,0.027742763463622477,-0.06788253836309943,-0.04141737682299507,1.5540920770259326,-0.11603730966490389,0.11603730966490389,0.01026969277588674,-0.29925760018535863,-0.2882786882076708,0.9659645552912707,0.028550098162549276,0.016275823093309605,-0.0006816971614633793,0.018987505550898565,-0.0004059871952211136,0.029251736149513707,0.03829558485280719,0.028550098162549276,0.057084920246358584,0.013374644896462895,-0.38243927340792105,-0.382024793624534,0.008321333896413208,0.015667543423363517,0.004087156995577823,-0.07498940650556829,0.015667543423363517,0.5553926567570805,0.03673200648162498,0.6088460069337538,0.7679909837572263,0.0017601276050367624,-0.0006702566240414098,0.0006702566240414098,0.0659369639384857,126532315.54682142,0.90648513155603,0.0,0.0,0.0,0.004059084788650735,0.8229638490014116,-0.0006702566240414098,0.0063984383945723255,0.00965510021288618,0.8278351141781511,-0.2251538981603387,0.0108548066415588,0.010586881628791598,0.011533248231593962,0.006751035208350853,0.028209849793199984,0.7927775453236561,0.0014371947131124065,0.00745560138321677,-0.0006702566240414098,0.0006702566240414098,0.032067750647094106,0.015873015873015872,0.9841269841269841,114699662.70454952,18.557827650138453,0.0,0.0,0.0,0.0033085247772440918,0.006729526591827462,0.009079809228431879,0.03001038510017674,0.0006711563179773172,0.8333333333333334,0.009341471858955988,-0.0006816971614633793,0.027742763463622477,-0.012589718412806983,0.0006711563179773172,0.004852394926033732,0.02236413547300213,0.0011240533671525734,-0.0006702566240414098,0.0006702566240414098,0.008795677725955242,120762437.33202162,0.0030947193646497784,0.0031139061232123046,0.0012087047232673953,0.0132608747307843,0.09065694992893181,0.12496745860945802,0.1971671639949104,1.0,3.0,1.0,1.0,0.0,63.0,126.0,0.04537735849056604,,,,,,,,0,0,0,0,0,0
2026-10-31,AFL,111.54000091552734,-0.13483026378413276,0.062336900210777646,0.9351136478710257,0.953465070606495,0.021008878726129776,0.027091833143156885,-0.008689696435959737,-0.0352186190826389,0.005858837591827815,0.12729945892052918,-0.24793213933244773,-0.005875470218659751,-0.13365715504541775,-0.11194298397595881,-0.049985172987448354,-0.13468352833050257,0.13468352833050257,0.0034615390632115606,-0.08249290120434738,-0.19317424182902998,0.8466130961785883,-0.0028308588441319227,0.022218740419062622,0.042963930490356406,-0.05585979307097033,-0.11870516797346109,-0.04390831551859864,-0.0184762902662301,-0.04390831551859864,-0.0028308588441319227,0.08724950675817666,0.05624753423885487,0.0539797121365333,-0.020337531746818294,-0.12063268041191855,-0.08665320247196318,-0.21128963034085035,-0.12063268041191855,-0.7300873785985081,0.1738454809017423,0.7441562065741713,0.9504444334066608,0.008465474457547797,-0.13468352833050257,0.13468352833050257,0.021968400689468925,264698078.69182163,0.9273437464174015,0.007936507936507936,0.0,0.0,0.017032824881541116,0.597897580143458,-0.0018618800697567384,-0.047852945784957135,-0.05927885269478439,0.8142875641538929,-0.2505098980203959,-0.03513163356435767,0.06039948417511811,-0.03720325951973602,-0.03446260296140058,0.16523046959596493,0.7829560365848065,0.00790544351395604,-0.027291878248133283,-0.13468352833050257,0.13468352833050257,0.0032379979255567903,0.746031746031746,0.015873015873015872,245466107.963562,19.318669446640946,0.015873015873015872,0.0,0.0,0.015266476865348459,-0.03402922978191181,-0.03521063712763961,-0.016596471385674494,-0.0021470555232639965,0.3333333333333333,6.76792450480801e-05,-0.08665320247196318,0.08724950675817666,-0.015407930254048297,-0.0021470555232639965,-0.02823214618797354,0.12936819359790308,0.006715516491031278,-0.05762081496836147,0.05762081496836147,0.0032379979255567903,238356515.62550864,-0.01679228070586969,0.014953004393844437,-0.0071389188162944706,0.0132608747307843,0.09065694992893181,0.12496745860945802,0.1971671639949104,1.0,3.0,1.0,1.0,0.0,63.0,126.0,0.13575471698113206,,,,,,,,0,0,0,0,0,0
2026-10-31,AIG,74.93000030517578,-0.22482929992108536,-0.027662135926174947,1.0735547245574721,1.081403218743297,0.019971500441222867,0.009004602418555718,0.015074665862976566,-0.003047887800691873,0.007794651697498933,0.05751592806974237,-0.09764890486965949,-0.0076203788340127865,-0.10989279274648145,-0.055207642662893686,0.06917379833743646,-0.11796445480881568,0.11796445480881568,-0.0018710147454459314,0.32725643395222503,0.2739896822808796,1.198776429278924,0.0228693175604755,0.005591762958446962,0.010713688346222439,-0.014801317604485553,-0.03890512534653734,0.012026778062284693,0.016656920495245586,0.012026778062284693,0.0228693175604755,0.05434060510622318,-0.4963979088745325,-0.4929467109626344,-0.014515538995724442,-0.04013297679991712,-0.028251461611085382,-0.13078992672884893,-0.04013297679991712,-0.20846377546334913,0.2179245064647295,0.9149537038563562,0.8834148674765209,0.010558073823296727,-0.06949970245705761,0.06949970245705761,0.04655535491383822,310117829.9367632,0.9412102860909024,0.03968253968253968,0.007936507936507936,0.0,0.019694241023928038,0.9510002608503723,0.006333339618006195,-0.02272866705424803,-0.016773049031792997,0.9543544760536021,-0.20216705758245712,-0.018950104070334373,0.029261983767009253,-0.012226944234493442,-0.01657499737757584,0.19251774899842522,1.0357010477647113,0.009590623110350867,-0.01629878098271975,-0.06949970245705761,0.06949970245705761,0.02954110417614486,0.9841269841269841,0.06349206349206349,291886091.4366707,19.491874189730982,0.031746031746031744,0.0,0.0,0.01799704098439087,-0.005298256390551481,-0.01735997136589129,0.034369811442412974,0.006853025379988331,0.5,0.002847562386166902,-0.028251461611085382,0.05434060510622318,-0.006407849350795969,0.006853025379988331,-0.00044808333212131846,0.19939083435097268,0.00994122322040269,-0.018652666258922035,0.018652666258922035,0.02954110417614486,381680082.7380952,0.002917881931708166,0.019773468689704744,0.004881601138652769,0.0132608747307843,0.09065694992893181,0.12496745860945802,0.1971671639949104,1.0,3.0,1.0,1.0,0.0,63.0,126.0,0.2664150943396226,,,,,,,,0,0,0,0,0,0
2026-10-31,AIZ,267.32000732421875,0.08379508198273466,0.2809622459776451,0.9558117926529958,0.9649562839069759,0.13450337917713506,0.23532500653480226,0.13880784895446197,-0.14023761182494976,-0.057656535398016295,0.18571111445519795,-0.22526819115704433,0.05332883073355865,0.01384039034500395,-0.17836492565630835,0.6529207238486113,-0.1108330458108353,0.1108330458108353,0.03679075275422905,-0.3419318395782338,-0.3679630922750806,0.8595148049072964,0.08115131355644567,0.07048699410564928,0.08269931683956533,-0.012568129168112785,-0.09709143723353852,-0.001429762870487794,0.07284313321347329,-0.001429762870487794,0.13880784895446197,0.03969763627434486,0.13917861799217723,0.15569349717367076,0.003269634793138465,-0.03955707670184638,0.01268300491814145,-0.1302140266307782,-0.03955707670184638,-0.18277007944569754,0.21259525679666813,0.7971034499569726,1.0180415840446384,0.009721789152881749,-0.1108330458108353,0.1108330458108353,0.23430496014332203,103481953.13112773,0.9962130832301551,0.023809523809523808,0.007936507936507936,0.0,0.020134285013674806,0.8681432415648934,0.012706210475807334,-0.016153679504309237,-0.044581334690581675,1.054922612267647,0.1252414681262073,-0.0651386727657074,0.05041787854279496,-0.051585818431119645,-0.030471460725179478,0.21643081198965672,0.7829772992082628,0.009179514844182729,-0.060790992298004554,-0.1108330458108353,0.1108330458108353,0.020850921401091016,0.6507936507936508,0.09523809523809523,103090075.58743916,18.45111369399051,0.015873015873015872,0.015873015873015872,0.0,0.019570004421526444,-0.038628390774077204,-0.0648093614115911,0.08554907468053342,0.014497181496086364,0.8333333333333334,0.022961216249331545,-0.0651386727657074,0.08269931683956533,0.0012363067653020643,0.014497181496086364,-0.02724276880150711,0.1694604126371127,0.00861464160858443,-0.07086992018503813,0.07086992018503813,0.020850921401091016,109116254.54900832,0.0025014175950990314,0.02221788536432611,0.009333690628487323,0.0132608747307843,0.09065694992893181,0.12496745860945802,0.1971671639949104,1.0,3.0,1.0,1.0,0.0,63.0,126.0,0.12792452830188678,,,,,,,,0,0,0,0,0,0
2026-10-31,AJG,226.1100006103516,-0.2802159033555096,-0.0830487393605992,1.1054534664801945,1.1360723074735206,-0.08503731235690137,0.050275990482954835,0.10207737268729411,-0.11451748518572713,0.028989010769020274,0.21245255964116727,-0.3034872034927497,-0.025629804928368305,-0.022890085922163905,-0.19311201653887655,0.3181819878267415,-0.263172657529849,0.263172657529849,0.025174360421291286,-0.19466682024995685,-0.2679800394503643,0.7809653202347981,0.13106638345631438,0.07588228991870627,0.14531422121427529,-0.04213198650960981,-0.09398366309852224,-0.01244011249843302,0.07356788121505849,-0.01244011249843302,0.13106638345631438,0.08646592614506243,-0.11979101095304046,-0.1275084191042989,-0.007594837308862901,-0.09103464385158244,0.05103833900600474,-0.18169159378051425,-0.09103464385158244,-0.2801263965675753,0.3208144288258012,0.9812249705410537,1.0129750999636649,0.01595884703494735,-0.166461446280034,0.166461446280034,0.18473316021931696,378681668.4165107,0.9351540462464947,0.12698412698412698,0.015873015873015872,0.0,0.027926178827264395,0.8685362899468928,-0.007372858798548987,-0.034402304993285227,-0.09300217178750259,0.8075386803394564,-0.06439022214292078,-0.12752432522025747,0.09566368594811162,-0.1351739299937902,-0.07487634514851149,0.324977028109602,0.9686565549106291,0.016349568119793288,-0.1288902474255842,-0.166461446280034,0.166461446280034,0.0,0.4444444444444444,0.0,354125694.4590734,19.68516247999322,0.12698412698412698,0.015873015873015872,0.0,0.027362072742280308,-0.08467275805433794,-0.1291595907911981,-0.02785243603594998,-0.008767699770499404,0.5,0.02014944274103621,-0.12752432522025747,0.14531422121427529,-0.022028574501283704,-0.008767699770499404,-0.05106241808935941,0.31479112847374174,0.016421311927374293,-0.1498007775659117,0.1498007775659117,0.0,351960350.03538585,-0.016134513708947917,0.02511735574095101,-0.011108691919987645,0.0132608747307843,0.09065694992893181,0.12496745860945802,0.1971671639949104,1.0,3.0,1.0,1.0,0.0,63.0,126.0,0.48877358490566036,,,,,,,,0,0,0,0,0,0
2026-10-31,AKAM,108.91999816894533,0.2531657305720363,0.4503328945669467,1.3572893970457836,1.4045926033860583,0.12115281995061133,-0.05163256755734269,0.05768105086793818,-0.13627001108685088,-0.329314038302038,0.11846957225235677,-0.17281930414716695,0.4521265139972863,-0.06728640774151984,-0.11203078276274836,0.08048838524630002,-0.32406603834241854,0.32406603834241854,0.006156836159054269,0.7419287936398202,0.6472554307256462,1.2066541942660667,-0.2716329874340998,0.16547066617574271,-0.20950913206016208,-0.11133449937034823,0.12616898097940188,-0.0785889602189127,-0.09751363226169145,-0.2716329874340998,0.05768105086793818,-0.025632339080991273,-0.1974199713330148,-0.17802523265562686,-0.038795913707636576,-0.05434973189481018,-0.056954311002019975,-0.145006681823742,-0.05434973189481018,-0.09521517299526043,0.7166381918512861,0.837988395977473,0.7965101160661485,0.02952278388270629,-0.32406603834241854,0.32406603834241854,0.22602434330009635,582450982.6230004,0.827983854467143,0.35714285714285715,0.07142857142857142,0.0873015873015873,0.0504181200041162,1.1544620459778014,0.019842492356763164,-0.04894334551172086,-0.02635424191355107,1.121843632975776,0.10176507455290129,-0.02089858419316215,0.22306485159364597,0.0027618800844921854,-0.037770308702837374,0.5708095693689027,1.0520750196070074,0.02614614883402426,0.03645549408556259,-0.159048837430402,0.159048837430402,0.04249612049535867,0.9523809523809523,0.19047619047619047,482260009.63036674,19.993993967710644,0.30158730158730157,0.07936507936507936,0.06349206349206349,0.049425125261301966,0.003565719554484925,0.0014103223550874233,0.04023996827280062,0.024165488779481326,0.3333333333333333,0.027216272740072028,-0.20950913206016208,0.4521265139972863,0.010904614048697026,0.024165488779481326,-0.0010684678866436093,0.6005344888856557,0.024186451742124818,-0.08037828500696442,0.08037828500696442,0.04249612049535867,636376894.5955912,-0.025917131953543504,0.06440507342536862,0.009191311170793082,0.0132608747307843,0.09065694992893181,0.12496745860945802,0.1971671639949104,1.0,3.0,1.0,1.0,0.0,63.0,126.0,0.7883018867924528,,,,,,,,0,0,0,0,0,0
2026-10-31,ALAB,350.3299865722656,0.679466649574525,0.8766338135694354,0.9422749100800949,0.988488925181983,1.3259195188507138,2.1964415278252583,0.7989625998267889,-1.0736717329050278,-0.7771455359924904,0.5981822029744841,-0.47255172324656636,0.760552513261332,0.6739951412173308,-0.6733321200988711,0.7815237759326081,-0.27470913307823885,0.27470913307823885,0.0881569386844605,-0.23122677975006567,-0.13464543128809026,0.7520469104626755,0.02181706383429849,0.554474820529564,0.40883762699375636,0.06651960810281721,0.19487233385315494,-0.27470913307823885,0.18202351019428284,-0.27470913307823885,0.7989625998267889,-0.35565811340052267,0.2574348586686308,0.23751196910482753,-0.0773652426686714,0.12563047972791774,-0.04578607299096871,0.034973529798985936,0.12563047972791774,0.12943448045372294,1.0223138750620486,0.8939068568475946,0.9494252512428933,0.04954518132342904,-0.27470913307823885,0.27470913307823885,1.9691498679129933,1549230353.4408267,0.8578645451700845,0.5873015873015873,0.2222222222222222,0.18253968253968253,0.07904864683250191,0.907646240017132,0.016618645156003753,0.023305535902595764,0.1350036107283723,0.6968993679109561,0.266008837434466,0.1986328643414681,0.3907003998550936,0.17964163786226517,0.06149544892671166,0.9706106076798814,0.941524207068835,0.04547424589656273,0.24075873553518057,-0.16078577954736772,0.16078577954736772,0.40277880542392674,0.9523809523809523,0.7301587301587301,1329029792.518204,21.007715034423384,0.5714285714285714,0.12698412698412698,0.20634920634920634,0.07231919371085375,0.13306707476047452,0.22656410455315634,-0.017337653058596962,-0.015844072896863737,0.5,0.15845579088470022,-0.35565811340052267,0.760552513261332,-0.029104947627648037,-0.015844072896863737,0.09260113182302776,0.9138533827684004,0.044238645086545826,-0.03919151098756701,0.03919151098756701,0.3872257697232724,1325201563.2738385,-0.016385648226366234,0.060240554276524846,-0.01141170758101917,0.0132608747307843,0.09065694992893181,0.12496745860945802,0.1971671639949104,1.0,4.0,1.0,0.0,1.0,63.0,126.0,0.9477358490566037,,,,,,,,0,0,0,0,0,0
2026-10-31,ALB,104.58999633789062,-0.12021290510298832,0.07695425889192209,1.0690667719899942,1.1150695743492571,-0.3818738077163578,-0.41396846665223475,-0.4651233111990033,0.24230140280007473,0.06148566622828022,-0.4004051912865729,0.2924687666012117,-0.10310118623309439,-0.5900907698084613,0.35718688651364205,-0.8758056951540374,-0.5120571065478532,0.5120571065478532,-0.10858338311620641,-0.45071927661323474,-0.5100066740441911,0.7057195085238646,-0.4036376449707231,0.12595289300794174,-0.23265675979014588,-0.23701466351232248,0.17093470704498293,-0.22282190839892857,-0.36386095485621833,-0.4651233111990033,-0.22282190839892857,-0.1287862063788966,0.18091310751104572,0.1676280867392188,-0.043758743109702736,-0.10793642468536124,0.147313847365391,-0.19859337461429305,-0.10793642468536124,-0.2568682415528622,0.531080482546071,0.8216656330240015,0.7912200325220303,0.02530023558224703,-0.5120571065478532,0.5120571065478532,0.0,337275268.77595204,0.8288394198050663,0.30158730158730157,0.06349206349206349,0.047619047619047616,0.04147706059983148,0.7791915003887018,-0.008335159156565797,-0.052204068647751734,-0.14652329142184917,0.6895790149492901,0.05787362792006756,-0.21362991955029287,0.1413011218656315,-0.22247641535652218,-0.14853221992874033,0.42020151667191785,1.0384793094847777,0.02120977164646083,-0.19939071457663515,-0.26741808644462517,0.26741808644462517,0.0,0.4603174603174603,0.0,279547038.08685786,19.448681133668646,0.2857142857142857,0.047619047619047616,0.015873015873015872,0.036023530816416474,-0.1371889981486213,-0.21895400575886603,-0.025780351296032882,-0.011249786870286438,0.16666666666666666,-0.09035166857622086,-0.23265675979014588,0.147313847365391,-0.024510661601070738,-0.011249786870286438,-0.08060356281427239,0.4363705808779096,0.026351190614967653,-0.2059447018862145,0.2059447018862145,0.0,304198002.7009147,-0.041847632217082764,0.040539239909572235,-0.014064618689429098,0.0132608747307843,0.09065694992893181,0.12496745860945802,0.1971671639949104,1.0,3.0,1.0,1.0,0.0,63.0,126.0,0.6678301886792453,,,,,,,,0,0,0,0,0,0
2026-10-31,ALGN,143.74000549316406,-0.15466643580497363,0.042500728189936776,0.9604788257798601,0.9998396062600744,-0.11832174097140724,-0.16152358610308148,-0.18334179887960034,0.0355889373365067,0.004948017802191118,-0.03891819248060102,-0.11135372534059262,-0.006022371408872407,-0.30830925748905835,0.03306988105840669,-0.4548312524175822,-0.27223933223192354,0.27223933223192354,-0.038377316985858334,-0.657960199004975,-0.7093591758716769,0.813170764090195,-0.17839378107740922,0.019278318092358762,-0.03595309171679306,-0.13523461640808898,-0.1218744135110138,-0.14775286154309364,-0.1698294805000344,-0.18334179887960034,-0.14775286154309364,0.0029645439887555636,-0.4007409021573327,-0.4073787244674213,-0.06854880079444159,-0.15027191782119365,-0.05539140561082512,-0.24092886775012545,-0.15027191782119365,-0.4344288249521422,0.4030985072047634,0.7481581860170055,0.85811996356795,0.020370844292350435,-0.2668196722485322,0.2668196722485322,0.0,164890001.22553506,0.881282754956958,0.21428571428571427,0.031746031746031744,0.015873015873015872,0.03572381622979762,0.47884380985547625,0.004512324828250924,-0.09298092921688594,-0.10255719095868376,0.7042185219988241,-0.40132796342658106,-0.0903685323821235,0.035503079964116946,-0.10044426101344373,-0.10164736594163348,0.3459068763168466,0.8718573367134616,0.01767419113626666,-0.07923530686895852,-0.22394987287637813,0.22394987287637813,0.0,0.9841269841269841,0.0,145314714.5448957,18.794412400390293,0.15873015873015872,0.0,0.031746031746031744,0.03341667601034116,-0.05634527080487073,-0.0846112720540445,-0.03672876828516088,-0.011076715120362235,0.16666666666666666,-0.03264126204170346,-0.0903685323821235,0.0029645439887555636,-0.024337589851146535,-0.011076715120362235,-0.034835597481615466,0.3015814479364786,0.014560363543551993,-0.100838202524964,0.100838202524964,0.0,134004688.24194045,-0.018303481117305953,0.030556141727572744,-0.00656574008025812,0.0132608747307843,0.09065694992893181,0.12496745860945802,0.1971671639949104,1.0,3.0,1.0,1.0,0.0,63.0,126.0,0.4895283018867924,,,,,,,,0,0,0,0,0,0
2026-10-31,ALL,223.7400054931641,-0.006333731445929969,0.19083343254898044,0.7256167517693869,0.7474142675537383,0.1407486824386852,0.08929661482134743,0.039559779831780606,-0.09532516494400212,0.05634376168774313,0.2219054007176018,-0.3711359555369299,-0.05141306652738775,-0.08540767877767741,-0.18879033465110873,0.14407131186993558,-0.18334049758722992,0.18334049758722992,0.02552125681216788,0.4089486141864549,0.19869043077948678,1.3866874775304052,0.09590354151952374,0.07666482228761781,0.1606263149437399,-0.07035075596030549,-0.1457661183777037,-0.05576538511222151,0.026565978746360946,-0.05576538511222151,0.09590354151952374,0.10985957504298738,-0.52427234525252,-0.5202411079346001,-0.005782189320100217,-0.14923055481932812,-0.019717765275065635,-0.23988750474825993,-0.14923055481932812,-0.510583754523787,0.27458471307247,0.9438325276360187,1.0644233817589894,0.013466942591562402,-0.18334049758722992,0.18334049758722992,0.09590354151952374,417386254.3058123,1.1317280976908115,0.07936507936507936,0.0,0.007936507936507936,0.02202337023788727,0.781200609618424,0.0068620890964362635,-0.05376123768229013,-0.11597054468796897,0.9413158269064512,-0.29988238418636415,-0.13941035253841616,0.10920522190152186,-0.13211785846614232,-0.07183549055599547,0.29227438886792034,0.886707811769701,0.014146769289520852,-0.11576419019388029,-0.18334049758722992,0.18334049758722992,0.00847383429929005,0.6349206349206349,0.031746031746031744,472367751.5878102,19.973268377018872,0.09523809523809523,0.0,0.015873015873015872,0.021259512371907766,-0.0934113387220894,-0.13018906797187668,0.032697057552144845,0.00847383429929005,0.5,0.011403089990857965,-0.13941035253841616,0.1606263149437399,-0.004787040431494249,0.00847383429929005,-0.07170683687097168,0.2591619837894003,0.012735819246692193,-0.14963316502713875,0.14963316502713875,0.00847383429929005,571956108.7602161,-0.0168602118273411,0.024604448458428133,-0.003811273111396285,0.0132608747307843,0.09065694992893181,0.12496745860945802,0.1971671639949104,1.0,3.0,1.0,1.0,0.0,63.0,126.0,0.3772641509433962,,,,,,,,0,0,0,0,0,0
2026-10-31,ALLE,154.2100067138672,-0.2562009888671143,-0.05903382487220388,0.9652972383418292,0.9750629788686908,-0.056871989706349546,0.06955562086473899,0.13031526181225206,-0.028758065197786342,0.0643931186835971,0.1496134721075837,-0.16640016673456304,-0.05389860800748003,0.005347803202794044,-0.1471019564392314,0.43101785478389876,-0.1323138287597032,0.1323138287597032,0.02124942809798469,-0.04904690511886911,-0.06501026432721957,2.0966356311964525,0.19470838049584915,0.04769808365511704,0.08456318397961993,0.05933218634356474,-0.06019349399997742,0.10155719661446572,0.14219361297418898,0.10155719661446572,0.19470838049584915,0.12036441186741964,0.3233979135618479,0.3271847269632926,0.043190067239909036,-0.016786694626979348,-0.013659498066662112,-0.10744364455591116,-0.016786694626979348,-0.055551279041796554,0.3023430708632448,0.5643574788208006,0.9994730942479426,0.013094310896760789,-0.0839483364731578,0.0839483364731578,0.23673475231669627,173259564.70712933,1.1463389085212994,0.07936507936507936,0.007936507936507936,0.007936507936507936,0.023880766717771937,0.4241903124104328,0.0026137406838581123,-0.03514325556699727,-0.02324258302562765,0.7706250057469043,-0.7049833887043189,-0.006014725523652453,0.06598817931630147,-0.0031705040543175134,-0.04783022326379782,0.30218376456011226,0.5646549987875896,0.012409850321810285,-0.02632079562417855,-0.0839483364731578,0.0839483364731578,0.14643875167434417,0.6190476190476191,0.9682539682539683,198614180.29724607,19.10687471335658,0.047619047619047616,0.015873015873015872,0.0,0.02323948291251206,-0.004940981891247254,-0.004521766563386209,0.016769849122638406,0.002861432198614011,0.5,0.022369366074643165,-0.05389860800748003,0.12036441186741964,-0.010399442532170289,0.002861432198614011,0.0031953919531155783,0.17062957321131947,0.008251096298430233,-0.015034544864466648,0.015034544864466648,0.023056540125050873,161320422.10998535,0.0017409602141809088,0.01875919802215728,-0.002612924749046175,0.0132608747307843,0.09065694992893181,0.12496745860945802,0.1971671639949104,1.0,3.0,1.0,1.0,0.0,63.0,126.0,0.30792452830188677,,,,,,,,0,0,0,0,0,0
2026-10-31,AMAT,540.0399780273438,1.1324209441730426,1.329588108167953,1.0054793197057008,1.0377571830470542,0.6814488408940282,0.5836902730921403,0.37212489882185573,-0.6243829312243471,-0.17091293665535257,0.2885020299985881,-0.2236027385140733,0.14228374511613606,0.24715744021239772,-0.30722560733734094,0.5386938715797915,-0.25225803240249134,0.25225803240249134,0.027751847538932672,-0.1803818390339338,-0.12718920109939502,0.8127773899988147,0.20121196216650317,0.3226712239764774,0.6064525119888502,0.05721079466740853,0.1951188133218127,-0.25225803240249134,0.10702627619528919,-0.25225803240249134,0.37212489882185573,-0.2978284673707271,-0.03053033083834722,0.023802991578077304,-0.0992938311582734,0.06489929148451479,-0.09610543351666156,-0.02575765844441702,0.06489929148451479,0.10102286939738794,0.6907910382023651,0.7072272946930648,0.9299798977368059,0.03220151056174235,-0.25225803240249134,0.25225803240249134,0.5350505062509223,4078051118.468415,0.9021917585458,0.4444444444444444,0.1111111111111111,0.10317460317460317,0.04435433220322327,0.7155848745435269,0.04838005498138276,-0.07005210865883105,0.10915509201107843,0.5795159678845158,-0.01570120716195411,0.11560022806128467,0.30208630607056247,0.17812334642919248,-0.058262174401155664,0.6424217790649375,0.7604758946017751,0.03044275792081317,0.04974708547179918,-0.10270965404891441,0.10270965404891441,0.3001106737906185,0.9365079365079365,0.19047619047619047,3679184110.010686,22.025956855581697,0.4603174603174603,0.09523809523809523,0.09523809523809523,0.04305517559597913,0.1543961279678121,0.1300022244504606,0.1147166161557592,0.05604437574969112,0.6666666666666666,0.08774116000476223,-0.2978284673707271,0.6064525119888502,0.04278350101890682,0.05604437574969112,0.15154482883503717,0.48854627714607224,0.023655231819093264,0.0,-0.0,0.3001106737906185,2944002152.3422966,0.0910295335139617,0.03325018178007804,0.04679603346372185,0.0132608747307843,0.09065694992893181,0.12496745860945802,0.1971671639949104,2.0,7.0,2.0,1.0,1.0,63.0,126.0,0.9310377358490566,,,,,,,,0,0,0,0,0,0
2026-10-31,AMCR,41.86000061035156,-0.0729908559584469,0.12417630803646351,0.8777580470679485,0.8908978799709383,-0.011631983161978443,0.08600666448278016,0.13482557871373424,-0.15532289465086135,-0.04102245025490214,0.19946411622197902,-0.2533536295755261,0.03750441847126784,0.009858120104276225,-0.18871509206728132,0.4143149731039326,-0.13532461609331048,0.13532461609331048,0.021994107674346397,-0.722111669019136,-0.7370869359423242,0.6411666346559733,0.0938031284588321,0.08049082206143367,0.1166923238248343,-0.011122804338023484,-0.0873617256715713,-0.020497315937127114,0.06937713041181308,-0.020497315937127114,0.13482557871373424,0.03529418380593241,-0.1272165697674419,-0.1272165697674419,0.0005700105352375306,-0.05388951335354708,0.02250443790464174,-0.1445464632824789,-0.05388951335354708,-0.19392886579655702,0.32541806950315716,0.6038349913043152,0.8539258091314577,0.015611787504674127,-0.12612806177958402,0.12612806177958402,0.17658131674284405,154107583.92037284,1.0127644187917366,0.1111111111111111,0.015873015873015872,0.007936507936507936,0.024010536456567443,0.5099900205957917,0.0,-0.04328291587909994,-0.06117682896845433,0.7725357013117452,-0.21651625530064145,-0.07471258649472312,0.06199465470657535,-0.07471258649472312,-0.07767234512450616,0.2778828883064804,0.7071281659919448,0.013975878804844473,-0.08641975288326997,-0.12612806177958402,0.12612806177958402,0.0121915729260762,0.4603174603174603,0.9682539682539683,156074677.6605152,18.865845160031316,0.07936507936507936,0.0,0.015873015873015872,0.022691591896727096,-0.044463536829547845,-0.0767404060080844,0.0,0.0,0.6666666666666666,0.02288046291865886,-0.07471258649472312,0.1166923238248343,-0.0132608747307843,0.0,-0.017924168116617456,0.19649881716870593,0.010530790100301224,-0.07471258649472312,0.07471258649472312,0.0011958678645842546,139343123.97001356,-0.011756918896103419,0.020442289549448118,-0.0070215367872782375,0.0132608747307843,0.09065694992893181,0.12496745860945802,0.1971671639949104,1.0,3.0,1.0,1.0,0.0,63.0,126.0,0.35867924528301887,,,,,,,,0,0,0,0,0,0
2026-10-31,AMD,633.9099731445312,1.2778835357932348,1.4750506997881452,0.9827271850446172,1.0554921905903134,1.6777763045884595,2.1161087153693807,0.7882309532221619,-0.6969947850546487,-0.5599612319828962,0.34319728910165415,-0.01187316588357401,0.4558943547170746,0.6632634946127038,-0.4569068300040817,1.0526639557753388,0.0,-0.0,0.10389800060634524,-0.25512009828785265,-0.008323417950305778,0.589081458252184,0.2282697212392657,0.36926424738585417,0.12557643988456646,0.24230060483810978,0.18033771856415082,0.09123616816751312,0.3692456142096469,0.09123616816751312,0.7882309532221619,-0.18033771856415082,0.18367554077532522,0.22653282052907242,0.02369797894477399,0.33132412321808014,-0.011403954101408043,0.24066717328914833,0.33132412321808014,0.5056089402281281,0.7487963740922343,0.7252747306874878,0.8751340463807249,0.03656429342478384,0.0,-0.0,1.8790534754807373,13734316703.006126,0.8896648683749335,0.5079365079365079,0.16666666666666666,0.09523809523809523,0.049346169480235236,0.8439675050551634,0.029922450519451638,0.10916152752121655,0.2344065324085982,0.8260222065225656,0.21287542620356636,0.2996261220665519,0.22786290675641038,0.3466816185856407,0.18725184822381835,0.655297200774552,0.8287584441343502,0.03168444722852776,0.3201861414721421,0.0,-0.0,0.47571928658944396,0.0,0.7301587301587301,12218939061.799597,23.226252967182642,0.4126984126984127,0.12698412698412698,0.09523809523809523,0.04480964234469649,0.18815791748140076,0.3207362454195761,0.0666692622318286,0.03620694884484554,0.6666666666666666,0.12092703214124662,-0.18033771856415082,0.4558943547170746,0.022946074114061243,0.03620694884484554,0.11901451122916851,0.5430830885595126,0.02870393483310277,0.0,-0.0,0.3896658366700785,12594837482.57054,0.023982975310331334,0.03981862322737873,0.03013153135432134,0.0132608747307843,0.09065694992893181,0.12496745860945802,0.1971671639949104,2.0,8.0,2.0,1.0,1.0,63.0,126.0,0.9635849056603774,,,,,,,,0,0,0,0,0,0
2026-10-31,AME,251.92999267578125,0.05695658696939221,0.2541237509643026,1.0141920553226378,1.0272896267433187,0.1299070300603946,0.1787432067186534,0.07293160641681351,-0.03012294457522202,0.04584360170925428,0.02790827100093196,0.015892656266673244,-0.040976597779674995,-0.052035852192644505,-0.029130679149208305,0.2978156949630418,-0.024071103704803587,0.024071103704803587,0.008220288040969859,0.5112717587748501,0.5774668631625333,1.154459861512505,0.11877520812606779,0.03825341762934417,0.07284802002921587,0.06150995046330965,-0.018271579558682416,0.04280866184159149,0.07817182546149093,0.04280866184159149,0.11877520812606779,-0.0009506270784901405,-0.08018294447982399,-0.06458843072390896,0.010319227153368526,0.043800927267605205,-0.027057295973562545,-0.0468560226613266,0.043800927267605205,0.1976546283824014,0.24488839121075923,0.8840333409661852,0.9049156893412551,0.011761743420569208,-0.024071103704803587,0.024071103704803587,0.16039213497881621,300843635.22654945,1.0565676407336024,0.06349206349206349,0.007936507936507936,0.0,0.020603388162426108,0.9903590425531914,0.01626998970073501,-0.017041360017547635,0.03427626628387981,0.9439947221307906,-0.12102827004997518,0.05494333765246329,0.044874284407751895,0.07282877290505119,-0.014392956261913947,0.22160334734415515,0.9769234320710348,0.01081066440864248,0.041406022047564495,-0.024071103704803587,0.024071103704803587,0.09068441446431064,0.5714285714285714,0.3492063492063492,317861649.90103585,19.57712678601873,0.06349206349206349,0.0,0.0,0.020514655653019808,0.046801359839006684,0.06224428393322046,0.07831294154112789,0.016953929764974784,0.5,0.012626794435821043,-0.040976597779674995,0.07284802002921587,0.0036930550341904844,0.016953929764974784,0.0408585296692896,0.21648950264588168,0.010910942323121302,0.0,-0.0,0.08501653829542666,357174893.07330906,0.014713379775729063,0.019276911740270172,0.0067535020884856856,0.0132608747307843,0.09065694992893181,0.12496745860945802,0.1971671639949104,1.0,3.0,1.0,1.0,0.0,63.0,126.0,0.324622641509434,,,,,,,,0,0,0,0,0,0
2026-10-31,AMGN,403.0400085449219,0.19083158114500276,0.38799874513991317,1.1598229217145848,1.1734299650207487,0.20301562448334587,0.16088304644871787,0.17965840965670266,-0.060152748644069165,0.024045353120923485,0.12077550742234111,-0.06823786554454392,-0.019976138535479193,0.05469095104724464,-0.12712076777890546,0.6003971224331025,-0.09249749397440676,0.09249749397440676,0.037520748600135656,0.7958661618745524,0.8902167351475718,1.1180779300018366,0.20370376277762614,0.04337021350530517,0.07521007235357113,0.06653797741080325,-0.07229901449628284,0.11950566101263349,0.16762261114898744,0.11950566101263349,0.20370376277762614,0.06362529611326839,0.12164882569100488,0.07249968403424467,0.043017632110622595,0.05253764187779719,0.12263020304928562,-0.038119308051134615,0.05253764187779719,0.15574388578368398,0.2992326294447232,1.4900570827589668,1.1273288487317423,0.013403735514452609,-0.09249749397440676,0.09249749397440676,0.2612527823968016,1011907629.0164281,1.0692316388332372,0.0873015873015873,0.0,0.007936507936507936,0.023218268902907947,1.305351885710744,-0.04158786234299028,0.0004971839358072216,-0.013464930474283654,0.9886757285088792,0.1727770848182466,-0.01947053834120338,0.06655609376789434,-0.06243601943106736,-0.0646993688176607,0.33733357565489186,1.3217590274881172,0.014407685524913559,-0.06247814301615051,-0.09249749397440676,0.09249749397440676,0.14115519323181047,0.31746031746031744,0.9047619047619048,1081963652.521091,20.802043424866635,0.1111111111111111,0.0,0.015873015873015872,0.023972858567556227,-0.02287567128544432,-0.048920982981094485,-0.09827593324865243,-0.043818653870101754,0.5,0.02970004012822347,-0.043818653870101754,0.12263020304928562,-0.057079528600886054,-0.043818653870101754,0.00960028885354025,0.4458736988966991,0.017989406213371015,-0.09249749397440676,0.09249749397440676,0.0729136565778441,1298912988.9828637,-0.017869091129483095,0.02387746131718469,-0.028158885495512265,0.0132608747307843,0.09065694992893181,0.12496745860945802,0.1971671639949104,1.0,3.0,1.0,1.0,0.0,63.0,126.0,0.49462264150943397,,,,,,,,0,0,0,0,0,0
2026-10-31,AMP,490.9100036621094,-0.09853508775326225,0.09863207624164816,0.8435652924116157,0.8531517442762746,-0.059726491845655705,0.11215609431522089,0.04097002865716681,0.032453336843667246,0.06388226816708675,0.1538437644712738,-0.2516678714168352,-0.05781973604137636,-0.0839974299522912,-0.13879413560272824,0.16635708758691886,-0.13978059514518737,0.13978059514518737,0.027546929607660475,-0.03745318352059923,-0.1316134662359899,0.8095328074070575,0.10485229682425357,0.0319425029873791,0.029279157072154227,-0.03443378415037912,-0.1383537244789892,0.07342336550083406,0.07308189699408481,0.04097002865716681,0.10485229682425357,0.18981605889137,-0.39867411932926033,-0.4004328493495959,0.024374457904341895,-0.09782410694556143,0.01648467391048314,-0.18848105687449324,-0.09782410694556143,-0.4247660127396648,0.24627762634856565,1.0801350405113228,0.9351282408637432,0.011734832946280005,-0.13978059514518737,0.13978059514518737,0.1483320845466647,305994040.6882876,0.9594409044558402,0.07142857142857142,0.0,0.0,0.023675537507140836,0.6077911840059562,-0.0025233098406944876,-0.029704342485327828,-0.09638120697623509,1.2762614476878986,-0.19017330921398146,-0.10985153198676612,0.10185712314400101,-0.11245499690250238,-0.05717678752283328,0.23030116349143245,1.1550662179912803,0.011152349817964285,-0.09851201612011873,-0.13978059514518737,0.13978059514518737,0.011872636994929131,0.5555555555555556,0.09523809523809523,293583199.15606785,19.49767163289062,0.06349206349206349,0.0,0.0,0.023213907659615694,-0.08495623308849642,-0.10537916816869097,-0.010994772978324244,-0.002924753576835526,0.5,0.010830644711504892,-0.10985153198676612,0.18981605889137,-0.016185628307619826,-0.002924753576835526,-0.06756280066923559,0.2660130939130404,0.012690582010045396,-0.13125577119097076,0.13125577119097076,0.011872636994929131,353291368.27712286,-0.018295833048459942,0.031700601723899414,-0.0068822968377852956,0.0132608747307843,0.09065694992893181,0.12496745860945802,0.1971671639949104,1.0,3.0,1.0,1.0,0.0,63.0,126.0,0.2683962264150943,,,,,,,,0,0,0,0,0,0
2026-10-31,AMT,162.1999969482422,-0.2540496325105298,-0.0568824685156194,0.8710331364249687,0.8807781851915565,-0.06753399660731307,-0.03133322392104887,-0.09409053027710845,0.09643610782383516,-0.020593301349947968,-0.04211685072017657,-0.012142042544631249,0.023260957029390683,-0.21905798888656647,0.039831637012300636,-0.3405633625084411,-0.1473381637745783,0.1473381637745783,-0.005495655066670824,-0.323981963555225,-0.360661954039767,0.8293596680659016,-0.11468383162705642,0.06247651500666055,-0.11675554997730064,-0.06057193739111022,0.01303321248956768,0.002345577546726707,-0.06880959478581272,-0.11468383162705642,0.002345577546726707,0.0598519726047857,0.04678783516285767,0.0372593386065192,0.012224666235603143,-0.05425889326480782,0.013497929411186993,-0.14491584319373962,-0.05425889326480782,-0.2238166840686544,0.27627907354472503,0.7779406851022612,0.8774663746274406,0.0129784475501757,-0.1473381637745783,0.1473381637745783,0.011373016679472991,508219005.3073701,0.8766014993274593,0.07936507936507936,0.007936507936507936,0.0,0.024215847340556332,0.77411370169275,-0.008401847306799604,0.0019917453691868925,-0.05227718779995261,0.7963712509667598,0.021111514201121118,-0.058282342150892674,0.06346678794268075,-0.06685442634831973,-0.010906744969461868,0.2424255970487179,0.8865760644475561,0.011469703188539076,-0.04249289810199963,-0.08538618563841571,0.08538618563841571,0.007078103855264972,0.7301587301587301,0.015873015873015872,445505542.03915066,19.914720247085388,0.031746031746031744,0.0,0.0,0.022602729885261814,-0.0548758501176001,-0.05424408212670029,-0.042351738099848886,-0.00910260535732732,0.5,-0.014588273073359545,-0.11675554997730064,0.0598519726047857,-0.02236348008811162,-0.00910260535732732,-0.047590739274703586,0.2149287317528014,0.010577158035644825,-0.07813513038175313,0.07813513038175313,0.007078103855264972,451933982.97889346,-0.026683572619926266,0.022265131109537064,-0.00942095467468207,0.0132608747307843,0.09065694992893181,0.12496745860945802,0.1971671639949104,1.0,3.0,1.0,1.0,0.0,63.0,126.0,0.4175471698113208,,,,,,,,0,0,0,0,0,0
2026-10-31,AMZN,251.5200042724609,-0.1672760698368987,0.029891094158011722,1.233091531738551,1.256313146264595,0.05106561247331065,0.2076631253313843,-0.05108274885251085,0.10638193546441788,-0.01956464008150749,0.02459816295829631,-0.09846215622595522,0.021051901989134647,-0.17605020746196887,-0.02278124441514806,-0.13994562750479136,-0.1144285120708406,0.1144285120708406,-0.0066360093097814765,-0.7412486788558039,-0.7603610846987966,0.7145571726055102,-0.07064738893401834,0.06777712400018655,-0.11934679486514477,-0.00671586693520243,-0.1020280473877333,0.055299186611907025,-0.02214365039154072,-0.07064738893401834,0.055299186611907025,0.13946459152936796,-0.20327773416903072,-0.1956990061616144,0.0147017647342782,-0.07386399326765891,-0.04348625871756273,-0.16452094319659072,-0.07386399326765891,-0.17954876219503624,0.36501854158152897,0.5922033684650727,1.1270299102834418,0.01567303751015903,-0.1144285120708406,0.1144285120708406,0.18201049019372317,11339900533.697012,0.8818666279647188,0.1349206349206349,0.015873015873015872,0.0,0.024474089041286437,0.539427394196942,0.008344519638237236,-0.018402361564386127,-0.019582602179478714,0.7534035365042712,-0.17476992576337202,-0.040882301906816965,0.08671906971794,-0.03175880621366456,-0.045594095868010553,0.4113868141704234,0.5254548819526332,0.01574235401606944,-0.035089469208258395,-0.1144285120708406,0.1144285120708406,0.10972870525350698,0.6825396825396826,0.7301587301587301,10000279845.106699,23.025878914159566,0.09523809523809523,0.015873015873015872,0.0,0.021807224083388616,-0.010561027101819165,-0.03918412823333628,0.04400515627201996,0.009512383841202121,0.5,-0.005614413021636622,-0.11934679486514477,0.13946459152936796,-0.003748490889582179,0.009512383841202121,-0.00048480105503845294,0.21616520987678967,0.011208769392180342,-0.028505174963326607,0.028505174963326607,0.022605291131992278,8762953601.429749,0.004685513107081984,0.02135301804679549,0.01278874108488215,0.0132608747307843,0.09065694992893181,0.12496745860945802,0.1971671639949104,2.0,8.0,2.0,1.0,1.0,63.0,126.0,0.7130188679245283,,,,,,,,0,0,0,0,0,0
2026-10-31,ANET,207.3500061035156,0.11775453613355391,0.3149217001284643,1.1022921497067455,1.1337578992513933,0.46288978458883867,0.6887930295246012,0.20056741383281462,0.020000046396250193,0.0996771745932401,0.04423599729404093,0.10547289700176954,-0.07666032643435128,0.07559995522335661,-0.050858519537004154,0.3575714547420244,-0.014964341550994797,0.014964341550994797,0.045359979501012226,-0.5106877707352195,-0.437433377926571,0.6595412474094359,0.3002445884260547,0.05273200443194341,0.06527875827693852,0.16276921323260396,0.020390816627127606,0.22056746022906482,0.2404598208293114,0.20056741383281462,0.3002445884260547,0.06163174546601624,-0.1537864870381711,-0.13815815986211666,0.06406969147905395,0.14970889429581047,0.08505681074990346,0.05905194436687866,0.14970889429581047,0.29766583375962347,0.5609156188866283,0.647762911988044,0.896646134583132,0.027124576180257043,-0.014964341550994797,0.014964341550994797,0.6423762859684403,1357183060.734437,0.8911738897152516,0.36507936507936506,0.09523809523809523,0.047619047619047616,0.04315704457999114,0.5159823508545563,0.01786227917161487,0.047134615553965364,0.07203720594526519,0.7340655962901861,-0.11584425186438518,0.0403699412229801,0.058068919368400765,0.05958405394573285,0.02854098653021242,0.5029428215020005,0.7224287118453941,0.024103018628518415,0.06676869054935697,-0.014964341550994797,0.014964341550994797,0.3125910267850327,0.5714285714285714,0.7301587301587301,1209486107.2903588,20.913461402450555,0.31746031746031744,0.09523809523809523,0.047619047619047616,0.04159683302713031,0.049722857094925965,0.057559535922239835,0.05082986151250417,0.01846853889316158,0.8333333333333334,0.0323575780291081,-0.07666032643435128,0.08505681074990346,0.005207664162377279,0.01846853889316158,0.03755413655659123,0.36334033466957827,0.01665076551176457,0.0,-0.0,0.10404136520381835,947362806.0390654,0.011690453658059763,0.030558403645499013,0.013232888375667828,0.0132608747307843,0.09065694992893181,0.12496745860945802,0.1971671639949104,2.0,7.0,2.0,1.0,1.0,63.0,126.0,0.8676415094339622,,,,,,,,0,0,0,0,0,0
2026-10-31,AON,269.45001220703125,-0.4023547704373164,-0.20518760644240597,0.8388786239705658,0.8633132385414182,-0.22555590484657662,-0.16111073845462165,-0.13115145136139983,-0.0546418542880599,-0.014377189607912344,0.1599587448044768,-0.4109247360259545,0.016825829743693177,-0.25611890997085784,-0.11981453986007784,-0.43594211090623775,-0.2916534393285366,0.2916534393285366,-0.016330938243944937,0.2228640924293097,-0.0840332066563646,1.2051345393736699,-0.14552864096931217,0.02832454484148614,0.04945263280138579,-0.18690535014345344,-0.2373335451311963,-0.18579330564945973,-0.1541577993267239,-0.18579330564945973,-0.13115145136139983,0.08700898064468054,-0.3005521499065258,-0.31905105601402994,-0.066696414479546,-0.25096599122147767,-0.10621861064049076,-0.3416229411504095,-0.25096599122147767,-0.7987859773315666,0.30084602537883254,0.8029914816565694,1.0443357932597404,0.014474150491250585,-0.2916534393285366,0.2916534393285366,0.0,503403945.10364836,0.9868948634759389,0.07936507936507936,0.0,0.007936507936507936,0.024277980858102007,0.7975411461431687,-0.019243199704124803,-0.12741014734142497,-0.18105795470593722,0.7765925808123295,-0.23896624040114156,-0.13918263725151192,0.08866804605670149,-0.16194942332007378,-0.16438961322226653,0.31418427256304304,0.7689016184633009,0.01496415496876232,-0.19540796566497332,-0.2916534393285366,0.2916534393285366,0.0,0.746031746031746,0.0,496806767.6763141,20.023711713040477,0.06349206349206349,0.0,0.015873015873015872,0.023784560782072382,-0.12883458197569841,-0.18619552921442883,-0.10948017730985972,-0.026447870423837894,0.5,-0.01976027918768018,-0.13918263725151192,0.08700898064468054,-0.039708745154622194,-0.026447870423837894,-0.07805795147212935,0.24157679566943863,0.01565461810839935,-0.17599384646167815,0.17599384646167815,0.0,651233672.6139613,-0.03172015539962103,0.024849565650982487,-0.016727816378961258,0.0132608747307843,0.09065694992893181,0.12496745860945802,0.1971671639949104,1.0,3.0,1.0,1.0,0.0,63.0,126.0,0.4116037735849057,,,,,,,,0,0,0,0,0,0
2026-10-31,AOS,56.75,-0.3227595930347924,-0.125592429039882,1.0589759268399896,1.0643555699995573,-0.2186929611491144,-0.12923488161676377,-0.07675209654567217,-0.012953777798660804,0.08333968330207864,-0.021763922099667266,-0.034447636324992814,-0.08279426887294494,-0.20171955515513018,0.020540538121012086,-0.2625509765613822,-0.28646392656761965,0.28646392656761965,-0.015904169468021423,-0.6287347716599742,-0.6496041687338543,0.9957407382420538,0.006587586756406472,0.05225854606809535,0.10578279963235104,-0.043072409704714265,-0.058076972870587995,-0.08970587434433297,-0.05329012804453289,-0.08970587434433297,0.006587586756406472,-0.03548922030001267,-0.5205870721096806,-0.517355256815756,-0.01680308915287787,-0.05621155842466008,-0.0166306333317241,-0.1468685083535919,-0.05621155842466008,-0.19857357638810866,0.29233216935960693,0.732724238426777,0.9683393018048974,0.014178618532140863,-0.1464508509631428,0.1464508509631428,0.02355057618904799,98264903.8676822,0.941502077988829,0.10317460317460317,0.0,0.007936507936507936,0.02520239329424776,0.5610312141106293,0.00593937278577783,-0.048607860444198625,-0.05592881954783113,0.7500644357661505,-0.4086507190865072,-0.04667684908463077,0.0648229666945022,-0.04025031329482942,-0.06979748878003456,0.2830767287727928,0.7566812965879263,0.013779728769537206,-0.059911456793398155,-0.11300405742365549,0.11300405742365549,0.00674119345956381,0.6190476190476191,0.031746031746031744,92516611.18479532,18.342898777545063,0.07936507936507936,0.0,0.0,0.024572750041901962,-0.03386166447478034,-0.04351460227366977,0.03147165799876796,0.00674119345956381,0.3333333333333333,-0.011511163082899603,-0.08279426887294494,0.10578279963235104,-0.00651968127122049,0.00674119345956381,-0.014756947706947798,0.21419886616166559,0.009487683423774216,-0.06244835380022773,0.06244835380022773,0.00674119345956381,86049106.64732797,-0.013729582038458865,0.02075518925584585,-0.008525799777830745,0.0132608747307843,0.09065694992893181,0.12496745860945802,0.1971671639949104,1.0,3.0,1.0,1.0,0.0,63.0,126.0,0.2137735849056604,,,,,,,,0,0,0,0,0,0
2026-10-31,APA,43.68000030517578,0.7764732752564114,0.9736404392513218,0.9140729691720322,0.9090005374006684,0.676708093884056,0.04339923742814844,0.07997631879497114,0.2705742654750709,0.1274744457760406,-0.0772729943623679,0.24769101854133402,-0.10557320390726677,-0.04499113981448688,0.09044170538399499,0.17006171180294677,-0.07867537553767634,0.07867537553767634,0.033642012798939414,-0.49988682377203797,-0.41465852441340156,0.7221427308651585,0.20745076457101175,0.13536230756823078,-0.10595665306114699,0.13312336432555805,0.02692509049435199,0.35055058427004204,0.21265922254534164,0.07997631879497114,0.35055058427004204,0.15390446521655088,-0.33340037880692575,-0.29905943631648313,0.11355505955394318,0.17041802417896612,0.15621655623601804,0.07976107425003431,0.17041802417896612,0.3885633806105092,0.47027821810732434,0.9022501086537984,0.9326072619465056,0.02289314267699763,-0.07867537553767634,0.07867537553767634,0.38021442144438655,232265835.7503573,0.9829284187573016,0.29365079365079366,0.03968253968253968,0.06349206349206349,0.03345630726785464,0.6866011774252024,0.04513814377844283,0.09508254080698175,0.050525266578338224,1.122125348481899,-0.15946909388077146,-0.03731171618582618,0.12032318400020382,0.012282705922478598,0.05191908673954848,0.4385848813421533,0.9674491562189353,0.021997328693594626,-0.0024166220281638395,-0.07867537553767634,0.07867537553767634,0.32134064761841463,0.20634920634920634,0.9523809523809523,228300690.66544184,19.246174141129433,0.2698412698412698,0.06349206349206349,0.031746031746031744,0.032135575657666414,0.0022716389018184735,-0.01838117480056045,0.12141304206141841,0.051516594667395,0.5,0.01879934049428733,-0.10595665306114699,0.15621655623601804,0.0382557199366107,0.051516594667395,-0.004206128883448956,0.42430857338484806,0.02086763362632885,-0.07867537553767634,0.07867537553767634,0.051516594667395,267684966.7458489,0.0174465951719196,0.036662726293352134,0.024967146842068688,0.0132608747307843,0.09065694992893181,0.12496745860945802,0.1971671639949104,1.0,3.0,1.0,1.0,0.0,63.0,126.0,0.5981132075471698,,,,,,,,0,0,0,0,0,0
2026-10-31,APD,277.57000732421875,-0.022549275178571637,0.17461788881633877,0.9368861199977548,0.9574465169878943,0.03811269544335505,-0.026177449908773243,-0.06307905285363657,0.02195449865244048,0.07206298295059554,-0.011091835602632383,-0.04147848297966461,-0.07142133863685085,-0.1880465114630946,0.010508734271339581,-0.2711053663016352,-0.11076881804215355,0.11076881804215355,-0.007162483888009663,-0.30644169683721567,-0.3429022777898806,0.6886853141970907,0.00898393009695897,0.03693673357123928,0.052257552863304024,-0.043885652482556714,-0.03574935961898984,-0.041124554201196095,-0.03173989231929123,-0.06307905285363657,0.00898393009695897,0.012080858986784015,0.027319639785490235,0.03159361148834128,-0.010795165572748067,-0.05257031858229699,0.04940816204508014,-0.1432272685112288,-0.05257031858229699,-0.2765149644999505,0.23267356789778199,0.778282224579789,0.8170994531800606,0.010620410861936208,-0.11076881804215355,0.11076881804215355,0.0360166557013748,342422956.6374521,0.9316814840753671,0.031746031746031744,0.015873015873015872,0.0,0.02126306892649024,0.5825571387587263,0.017275834345815033,-0.02947454847626718,-0.0556061197169172,0.8060678520043372,-0.11776973207820418,-0.10091760148502882,0.06344578080546467,-0.09717713690032881,-0.06240741113528814,0.19011744509873135,0.9524938751957315,0.010077008534613494,-0.08129252049977964,-0.09717713690032881,0.09717713690032881,0.015512460982147314,0.36507936507936506,0.015873015873015872,319029128.42145646,19.58079297138098,0.015873015873015872,0.0,0.0,0.020208689891786678,-0.046398927827238534,-0.09566499406381923,0.0229742789839964,0.004160313438321461,0.6666666666666666,-0.009072008798065004,-0.10091760148502882,0.052257552863304024,-0.009100561292462839,0.004160313438321461,-0.0240737545623414,0.18108570202440236,0.010421252979218138,-0.08162660304144964,0.08162660304144964,0.015512460982147314,338080503.3392043,-0.006168815637267122,0.019398018750609872,0.004501685586442372,0.0132608747307843,0.09065694992893181,0.12496745860945802,0.1971671639949104,1.0,3.0,1.0,1.0,0.0,63.0,126.0,0.320566037735849,,,,,,,,0,0,0,0,0,0
2026-10-31,APH,86.95999908447266,0.059718068854835105,0.2568852328497455,1.0451733422998626,1.0790033108758514,0.21319648371644884,0.38070870758247266,0.18457611573447386,-0.1966579392696265,-0.011864804564774234,0.09283918925589996,-0.008895524551638667,0.010117412914641077,0.05960865712501584,-0.10063245103021257,0.4198899695839055,-0.012081823535152636,0.012081823535152636,0.027609059928010327,-0.5116003405209109,-0.4706022832639227,0.6953482334638477,0.17271131116969962,0.1102751266145892,0.18705307697254203,0.11385727696406378,0.08858900270025849,-0.012081823535152636,0.11506853445634029,-0.012081823535152636,0.18457611573447386,-0.08858900270025849,-0.42770015594517297,-0.409641849188357,0.008426895500757592,0.08394366470426129,-0.013378948023104575,-0.006713285224670518,0.08394366470426129,0.20863513704551,0.43958210270510045,0.8338697906274858,0.9152936968349477,0.022079056006769994,-0.012081823535152636,0.012081823535152636,0.46352806943566316,1208096833.395628,0.8269607379297975,0.2698412698412698,0.05555555555555555,0.031746031746031744,0.035606400497406675,0.49108486779672034,0.01961511532689808,0.009286900861746883,0.0729601282142629,0.831368830816595,-0.24373225355207062,0.06503626823942454,0.09188345621891832,0.09864234351411838,0.008641610464675376,0.40234672784743103,0.9110406785395521,0.019342868249397287,0.05877003279556048,0.0,-0.0,0.21091232056927,0.0,0.746031746031746,999048648.8355001,20.722314033961126,0.1746031746031746,0.015873015873015872,0.031746031746031744,0.03327265781860557,0.07158924370821507,0.06513814257178008,0.08608255642571416,0.03155392569893123,0.6666666666666666,0.031965455517029305,-0.08858900270025849,0.18705307697254203,0.01829305096814693,0.03155392569893123,0.0625110857674791,0.36655423594629205,0.016993528330787003,0.0,-0.0,0.1272957680200093,989213951.6462417,0.03686126898194919,0.03010545835230574,0.020920885781501974,0.0132608747307843,0.09065694992893181,0.12496745860945802,0.1971671639949104,1.0,3.0,1.0,1.0,0.0,63.0,126.0,0.8011320754716982,,,,,,,,0,0,0,0,0,0
2026-10-31,APO,114.0199966430664,-0.26476599294303815,-0.06759882894812774,0.9546275279777571,0.9721485054075784,-0.1418598054477166,0.031991266678295105,-0.10670867963337638,0.07451879784290782,-0.00368205170464575,-0.020201944127799076,-0.06808842855371267,0.004138953846764437,-0.2316761382428344,0.018418306951864638,-0.3067505991170456,-0.24391515482538417,0.24391515482538417,0.0008365589959349329,-0.3965039620331995,-0.449786852137104,0.7028054619872984,-0.11039073133802213,0.04412478820849448,-0.08080185159897557,-0.10418248902344107,-0.10663444039916359,-0.032189881790468555,-0.08309643092062236,-0.11039073133802213,-0.032189881790468555,0.061533287803536174,-0.32910788035045,-0.3409002340217846,0.019015261936208727,-0.08829037268151174,0.09210056336308003,-0.17894732261044355,-0.08829037268151174,-0.2680750855151735,0.3478678768371695,0.6602010986132694,0.9467658190631757,0.016620988351894572,-0.20252393789594114,0.20252393789594114,0.10265125549109277,472880147.53545123,0.9016801119231351,0.18253968253968253,0.023809523809523808,0.007936507936507936,0.03205594265584357,0.6324756189047263,-0.01426812791352916,-0.025496254683742392,-0.11261461045952426,0.95160001816791,-0.12203732244761945,-0.15024164590247657,0.0898007601264134,-0.16517795347443565,-0.07189546053815532,0.32934941533951073,0.6973224902294614,0.01586356337996495,-0.09774287509034807,-0.20252393789594114,0.20252393789594114,0.0,0.5555555555555556,0.0,426386624.35599434,19.870857063898068,0.14285714285714285,0.015873015873015872,0.0,0.031035480531285967,-0.10506571655382524,-0.12946909544395002,-0.07653449765791523,-0.017577123543341844,0.5,-0.015141302671902224,-0.15024164590247657,0.09210056336308003,-0.030837998274126144,-0.017577123543341844,-0.08282122166947625,0.2296627544601648,0.012919663034801097,-0.15220468446733848,0.15220468446733848,0.0,358206850.16588485,-0.050798383916376144,0.034561605603803544,-0.021153132660857943,0.0132608747307843,0.09065694992893181,0.12496745860945802,0.1971671639949104,1.0,3.0,1.0,1.0,0.0,63.0,126.0,0.5910377358490566,,,,,,,,0,0,0,0,0,0
2026-10-31,APP,268.2200012207031,-0.7763176919342019,-0.5791505279392914,0.8707992366362528,0.8991902175758747,-0.4330705131463417,-0.32608039894295693,-0.3990814438154199,-0.08033549349735103,-0.16342978704507838,-0.1130279187121398,-0.20947775101304245,0.37356338853344484,-0.5240489024248779,0.07657577409023764,-0.599162717232733,-0.6343783940198857,0.6343783940198857,-0.07096242326991609,-0.42528571983277463,-0.6106343336587317,1.092580041247683,-0.5625112308604983,0.08171877429050854,-0.15961774307215815,-0.3543745304536714,-0.1370917597608674,-0.4794169373127709,-0.48033653732956294,-0.5625112308604983,-0.3990814438154199,-0.23160528520429002,0.31871167010676693,0.21786611123406763,-0.17139579897610768,-0.32250566972518224,-0.21177064316856808,-0.41316261965411405,-0.32250566972518224,-0.5201928833644428,0.666065214569091,0.7270490278459633,0.9307996139931662,0.03133538298987451,-0.5629460715568321,0.5629460715568321,0.0,2278975628.6792817,0.9251349353528805,0.42857142857142855,0.09523809523809523,0.0873015873015873,0.054446227639171466,1.1109058650115398,-0.026073168829119808,-0.09763926661137834,-0.1889668973260511,0.6285144064823066,0.28865585442655295,-0.0693136097290109,0.22392101889303484,-0.1404857933758683,-0.009170665108885867,0.6199732446151853,0.7811015571084037,0.027263547571368053,-0.017323543239257888,-0.4919883117867979,0.4919883117867979,0.0,0.9841269841269841,0.0,2108359970.9089975,21.469176217709613,0.3333333333333333,0.031746031746031744,0.047619047619047616,0.0467380577094094,-0.14023415907195014,-0.07588162367079643,-0.1579161242005124,-0.07647278867603746,0.16666666666666666,-0.06253611355276996,-0.23160528520429002,0.37356338853344484,-0.08973366340682176,-0.07647278867603746,-0.14159023732845843,0.4842620667344705,0.025579461431294043,-0.19752271105374763,0.19752271105374763,0.0,1621863535.5909073,-0.12094466738022336,0.058209434741813205,-0.07755903620992788,0.0132608747307843,0.09065694992893181,0.12496745860945802,0.1971671639949104,2.0,7.0,2.0,1.0,1.0,63.0,126.0,0.9084905660377359,,,,,,,,0,0,0,0,0,0
2026-10-31,APTV,43.540000915527344,-0.6602990784866116,-0.4631319144917012,0.635752024169305,0.6705102985584876,-0.4252145093659757,-0.37298387982825076,-0.2774642859561973,-0.013184131152663703,-0.08167614161329373,-0.06289407909717393,-0.16607705647339455,0.12744779843660714,-0.40243174456565534,0.04849315038562885,-0.567693466968983,-0.508965807887247,0.508965807887247,-0.052546131078478386,-0.2914610906622811,-0.45369604932927066,2.1005540857584983,-0.35914042756949105,0.04384816400569983,-0.09655580125933294,-0.2020540409405005,-0.016257318973804558,-0.290648417108861,-0.30908437687818313,-0.35914042756949105,-0.2774642859561973,-0.07999347934131407,-0.27031749872301525,-0.26149752590458875,-0.11452463062618568,-0.22897113557056847,-0.20736679026096394,-0.3196280854995003,-0.22897113557056847,-0.48317343134208207,0.4887572292096803,0.7475724911612601,0.9695818977370405,0.022298653265030548,-0.43322050132133927,0.43322050132133927,0.012087411720838936,205169109.75281549,0.9548627789935598,0.24603174603174602,0.03968253968253968,0.03968253968253968,0.03542547445894611,0.3480807169712113,0.008585115740195493,-0.10413704987860506,-0.08668325751590078,0.5831372960375586,-0.7419986502029449,-0.03887394836948532,0.11247309138647446,-0.027256422067802877,-0.06690979803939645,0.4738901618298195,0.7710256275473581,0.019782662275577033,-0.047943108971039705,-0.28116227282649486,0.28116227282649486,0.012087411720838936,0.9365079365079365,0.031746031746031744,195908346.30220807,19.093157492023366,0.15873015873015872,0.015873015873015872,0.015873015873015872,0.031839856668726366,-0.03147589561619224,-0.03670900012834466,0.033081623080290064,0.012087411720838936,0.3333333333333333,-0.04720913484560837,-0.20736679026096394,0.12744779843660714,-0.0011734630099453636,0.012087411720838936,-0.019115291278671842,0.3653814594133557,0.018783302751200506,-0.09197079827411803,0.09197079827411803,0.012087411720838936,172718228.84474254,-0.008787490238548745,0.02911936417541498,0.0007355137511997345,0.0132608747307843,0.09065694992893181,0.12496745860945802,0.1971671639949104,1.0,3.0,1.0,1.0,0.0,63.0,126.0,0.570566037735849,,,,,,,,0,0,0,0,0,0
2026-10-31,ARE,47.369998931884766,-0.33464960752125394,-0.13748244352634353,1.0842024033662108,1.1255395980834928,-0.09434624295238592,0.04944486442015106,0.20254825441212376,-0.29272285955217203,-0.22196795575342376,0.2867224419113854,-0.35213995912995777,0.22636387459246898,0.07758079580266575,-0.2679657716306961,0.4341319205868911,-0.4007664526988226,0.4007664526988226,0.028591271708080956,0.3268342739866599,0.2400360700219455,0.6062751756651795,-0.0194197013413,0.15273217424483326,0.07776756309339938,-0.045224596991064514,-0.08420493201552248,-0.09017460514004827,0.0309846493102585,-0.09017460514004827,0.20254825441212376,-0.026489997809284627,0.28130806391675955,0.2788782720185474,0.006324537275572695,-0.06541751721857236,-0.00310981570578861,-0.15607446714750417,-0.06541751721857236,-0.1524953580076731,0.46655922959616586,0.8260350960512941,0.9194553588720883,0.0217683169871281,-0.14653408022088,0.14653408022088,0.2055240625991437,97892138.23483482,0.968584011199542,0.24603174603174602,0.047619047619047616,0.031746031746031744,0.03677218555800869,1.02463184309582,-0.0016215339822814867,0.015773684704445623,-0.057281741825345844,0.9684392582798771,0.056642320853976136,-0.06072088168477463,0.1041208825221748,-0.06250207143618036,0.014506156830110806,0.42898038388342774,0.8983960864229511,0.019407028612441393,-0.048002157772687015,-0.14653408022088,0.14653408022088,0.04895871231546667,0.1746031746031746,0.5079365079365079,94816759.91639636,18.36745675451303,0.1746031746031746,0.047619047619047616,0.031746031746031744,0.034187974214709226,-0.06854290482868608,-0.07075789524420428,-0.004920511320703118,-0.0018963370064062346,0.3333333333333333,0.03531906757993571,-0.06072088168477463,0.22636387459246898,-0.015157211737190535,-0.0018963370064062346,-0.06002707822074127,0.38539429803308667,0.018183499353971608,-0.14653408022088,0.14653408022088,0.007229431456790891,95784177.97143118,-0.039446212214750864,0.03761322958629513,-0.0029349029057659237,0.0132608747307843,0.09065694992893181,0.12496745860945802,0.1971671639949104,1.0,3.0,1.0,1.0,0.0,63.0,126.0,0.5171698113207548,,,,,,,,0,0,0,0,0,0
2026-10-31,ARES,117.5500030517578,-0.3740067115629364,-0.176839547568026,1.0858370614396182,1.1143230125431487,-0.18739560620733742,0.09980675682968121,0.02205202520345151,0.045167616468744676,-0.0882861610464285,0.10204729952309344,-0.17463517697105757,0.09454849918521147,-0.1029154334060065,-0.09463990265141564,0.054010098060193516,-0.3133710587111219,0.3133710587111219,0.01740311420588192,-0.3792179198774709,-0.4242791734312974,0.7097865328115006,-0.066234135842977,0.06787791803776944,-0.12504808973162107,-0.0734731570864896,-0.15409273612497443,0.06721964167219618,0.007679177010890233,-0.066234135842977,0.06721964167219618,0.1507501527319275,0.24729528297350578,0.2621121342082726,0.027963132536347413,-0.07258787744796413,0.11772973811759369,-0.16324482737689594,-0.07258787744796413,-0.2009063353846946,0.40829448557702724,0.6912853180909387,0.8849056151654792,0.019715099891596186,-0.2051373642105525,0.2051373642105525,0.1943949111342309,310938045.9895724,0.9005545300301306,0.23015873015873015,0.047619047619047616,0.015873015873015872,0.038152562086445366,0.8622523600585028,0.009331469928347436,-0.045521925385503814,-0.11059751808357232,0.9274379190215759,0.18863601649610495,-0.18001237092571798,0.13630466515933487,-0.17027158630142392,-0.10582116987501966,0.36130208292821214,0.7811966680329709,0.017249970925570207,-0.1389960688295031,-0.2051373642105525,0.2051373642105525,0.011879184854643343,0.5555555555555556,0.031746031746031744,280016665.8746265,19.450359683914247,0.19047619047619047,0.015873015873015872,0.0,0.03400965635446065,-0.09580825067076648,-0.15802755631398535,0.04208775812744899,0.011879184854643343,0.6666666666666666,0.011641185705339488,-0.18001237092571798,0.1507501527319275,-0.0013816898761409568,0.011879184854643343,-0.060412494547981144,0.2822479833368915,0.016305308909316647,-0.1605977334116394,0.1605977334116394,0.011879184854643343,290425991.8820336,-0.02252635841004713,0.03810579397961965,0.00025530426320186095,0.0132608747307843,0.09065694992893181,0.12496745860945802,0.1971671639949104,1.0,3.0,1.0,1.0,0.0,63.0,126.0,0.605,,,,,,,,0,0,0,0,0,0
2026-10-31,ARM,307.489990234375,0.6135145988866446,0.810681762881555,0.9502297636468553,0.9776747027155148,1.9184698979981238,1.0325885293202153,0.462010172719155,-0.5947907692651956,-0.5916487619880142,0.13964432338532684,0.14322099057178272,0.6797736603361171,0.337042714109697,-0.17914485876204544,0.47375474580366256,-0.30030037725104985,0.30030037725104985,0.06365450285228946,-0.18591268743429423,0.04436437582310382,0.7266760375470529,-0.12963858926885918,0.3424991943968051,0.003623082307277148,0.04768605809213988,0.3774196780481358,-0.13278059654604057,0.06653032896808508,-0.13278059654604057,0.462010172719155,-0.32399808926242946,0.41267402784445517,0.4996310071616168,-0.043317819572910254,0.28286531395710957,0.009261968367853868,0.19220836402817776,0.28286531395710957,0.3282623420947968,0.9752095927512359,0.9647379307533294,0.8836100919941436,0.046632767264267024,-0.30030037725104985,0.30030037725104985,1.137425197621258,2314338558.855608,0.6332951614658081,0.5634920634920635,0.1746031746031746,0.19047619047619047,0.06938567439005151,0.976904775078847,0.053511362302073096,0.046948923852488056,0.156906414790545,0.8131619174884522,0.44710915856597233,0.19738745515747835,0.3299300332169449,0.2710924954714369,0.09580908684381795,0.8617050379644908,1.0918140699096084,0.039384754561652205,0.26344860855094554,-0.07716092746323644,0.07716092746323644,0.3672906357281469,0.12698412698412698,0.7301587301587301,1465659411.3170078,21.105571088942558,0.47619047619047616,0.1111111111111111,0.20634920634920634,0.06122510924469035,0.14491278678009567,0.21614625720834946,0.06542672255591755,0.06155487933040438,0.8333333333333334,0.10460049270611689,-0.32399808926242946,0.6797736603361171,0.04829400459962008,0.06155487933040438,0.09155901544751033,0.9408216845616243,0.04472779102121238,-0.07716092746323644,0.07716092746323644,0.2865151972779967,1684924721.4991977,0.0010058905946697116,0.06633713792993542,0.048387620379297,0.0132608747307843,0.09065694992893181,0.12496745860945802,0.1971671639949104,1.0,4.0,1.0,0.0,1.0,63.0,126.0,0.9474528301886792,,,,,,,,0,0,0,0,0,0
2026-10-31,ASML,1867.31005859375,0.5741954555042934,0.7713626194992038,0.9389181164499538,0.9632453303263494,0.31853867302999106,0.41866029795289883,0.29933152014188424,-0.35950671076401164,-0.13999901719467034,0.13350808376468826,0.012784156010480663,0.12075829569064078,0.17436406153242623,-0.15303928036671532,0.5888170887512352,-0.060175190622127395,0.060175190622127395,0.03227896038511302,-0.16048457599600352,-0.03766998429265833,0.8621480661470163,0.1593325029472139,0.18121277890735896,0.23356235266298908,0.08054030954217506,0.17172201271079313,-0.060175190622127395,0.13282961082232358,-0.060175190622127395,0.29933152014188424,-0.18011762030055467,0.1013352994183665,0.13515951172307084,-0.01924310097568216,0.14629223977516892,0.041135672047651894,0.05563528984623711,0.14629223977516892,0.35543448808885425,0.5083607895564093,0.8261449929801049,0.8096357530849122,0.025037689544049238,-0.060175190622127395,0.060175190622127395,0.43695906213012203,2860766494.880604,0.8992862624128747,0.30952380952380953,0.05555555555555555,0.047619047619047616,0.03166684674275471,0.8805536755234373,0.029546717571216075,-0.004645177817432122,0.08470544044724138,0.6450644890454127,0.06777507148152062,0.0681953723820714,0.13594399032576993,0.1010017911697334,-0.01991534456966093,0.411587070691344,1.0203909472034658,0.020193585869345148,0.031647123418303336,-0.008395607589761545,0.008395607589761545,0.20418015796270117,0.5238095238095238,0.7301587301587301,2572648008.817158,21.668201559417636,0.2222222222222222,0.015873015873015872,0.031746031746031744,0.027722168786443003,0.08666760169956178,0.07300032518972377,0.07312734596688857,0.03071200235075322,0.8333333333333334,0.05237434580559195,-0.18011762030055467,0.23356235266298908,0.01745112761996892,0.03071200235075322,0.08448019074482294,0.41997972091944036,0.021226825340571107,0.0,-0.0,0.1854807666897429,2341152251.6898017,0.051203788483312085,0.024560532992510906,0.026753868254082214,0.0132608747307843,0.09065694992893181,0.12496745860945802,0.1971671639949104,1.0,4.0,1.0,0.0,1.0,63.0,126.0,0.8719811320754718,,,,,,,,0,0,0,0,0,0
2026-10-31,ASTS,58.45000076293945,-0.4688182448305559,-0.2716510808356455,1.0154451054093505,1.0546374839696926,-0.47441775699915145,-0.2946784261407519,-0.20906631182584,-0.1331574068162411,-0.2755470478819705,-0.20189447463567056,0.1929083982807982,0.5346414251749987,-0.334033770435298,0.20008023547096765,-0.2016197276593454,-0.5608234850758743,0.5608234850758743,-0.04739317512542607,0.5342781603541564,0.5204910196556007,0.6691124607686736,-0.4846133597078105,0.13779929878227618,-0.21647123057064188,-0.20589093306161188,0.3366945039229897,-0.3422237186420811,-0.34530113005857715,-0.4846133597078105,-0.20906631182584,-0.33625929397792986,0.25792710591319246,0.24916478997483238,-0.06310651350434637,-0.008986076354872363,0.002034569901934846,-0.09964302628380417,-0.008986076354872363,-0.010743759952896732,1.0369338072863399,0.5651824978672002,0.8066084624615412,0.051058985244283435,-0.5608234850758743,0.5608234850758743,0.1022063380804481,1381736084.3910644,0.5493042948698975,0.6190476190476191,0.20634920634920634,0.24603174603174602,0.07996765102408618,0.7230843407630521,0.08844011509051575,-0.048927423250787916,-0.06771765711106126,0.57716206124289,0.27108413277867394,-0.004060877664398221,0.2985694157068103,-0.010998269508691427,-0.07813021447786739,0.8363995839696267,0.7006900177347791,0.04041880162077921,-0.018804681720897443,-0.22014672257688084,0.22014672257688084,0.1022063380804481,0.9682539682539683,0.7301587301587301,758993565.5327268,20.447503859082513,0.5238095238095238,0.1746031746031746,0.19047619047619047,0.0676326086630577,-0.039114890734535,-0.006873524397925546,-0.011885670715851539,-0.006965678612990134,0.3333333333333333,-0.004513514291504428,-0.33625929397792986,0.5346414251749987,-0.020226553343774434,-0.006965678612990134,-0.03632930646982102,0.5860568393250396,0.028612033728190194,-0.11600123510338278,0.11600123510338278,0.024719492019297684,616109268.2122185,-0.030969190561506377,0.06742881734438169,-0.00848176409718282,0.0132608747307843,0.09065694992893181,0.12496745860945802,0.1971671639949104,1.0,4.0,1.0,0.0,1.0,63.0,126.0,0.904811320754717,,,,,,,,0,0,0,0,0,0
2026-10-31,ATO,157.1699981689453,-0.2606800074145297,-0.06351284341961927,0.9036120908807787,0.9083197683530649,-0.03874296914144737,-0.13917311154160517,-0.16300684892825246,0.08085475819256749,0.09789518105503936,-0.08539200027953142,0.0005306731618563987,-0.10471323439488933,-0.28797430753771047,0.07814552181057743,-1.0127979691331344,-0.1730617681202703,0.1730617681202703,-0.027436364874224184,-0.19284484407882152,-0.2613411018001667,0.56720940490574,-0.0651116678732131,0.05229935373646177,0.01856562802014805,-0.07315162956121579,-0.0407150341303949,-0.08215209073568497,-0.10342353584571684,-0.16300684892825246,-0.0651116678732131,0.0029604654051578194,-0.1260486794407043,-0.12197056182290156,-0.03410668572997877,-0.08486132711767502,-0.03269075545213895,-0.17551827704660683,-0.08486132711767502,-0.5737639561630262,0.16094705350542116,0.652375329472585,0.9189534795029003,0.00805111375755447,-0.1730617681202703,0.1730617681202703,0.005952333865105519,202827727.4333651,0.8482118108066176,0.0,0.0,0.0,0.015990568309212295,0.4267255548157076,0.004091349789668519,-0.04438875687908406,-0.05493500662796513,0.739447315983651,-0.14410332702190964,-0.058327828547537486,0.04694741933253072,-0.053933705233967455,-0.04615638882845252,0.14790285483454624,0.7099111587514546,0.007283222927739229,-0.06293267850544615,-0.1191216404532991,0.1191216404532991,0.005952333865105519,0.9206349206349206,0.1111111111111111,172040873.96804568,18.963242651707645,0.0,0.0,0.0,0.015139598207866232,-0.03491824742378835,-0.06073879624339851,0.04444183111932031,0.00466629836452781,0.5,-0.02825657110078868,-0.10471323439488933,0.01856562802014805,-0.00859457636625649,0.00466629836452781,-0.020903240021808545,0.1049978870582409,0.005990351605150892,-0.07065987046630251,0.07065987046630251,0.005952333865105519,165920734.62982178,0.0010062645077397736,0.012911421895612929,0.0015420781169708242,0.0132608747307843,0.09065694992893181,0.12496745860945802,0.1971671639949104,1.0,3.0,1.0,1.0,0.0,63.0,126.0,0.0789622641509434,,,,,,,,0,0,0,0,0,0
2026-10-31,AVGO,355.1400146484375,-0.2292246714782893,-0.03205750748337888,0.9479027311983872,0.971178456946764,0.0778669267501102,0.15133523876554977,-0.14632440694843252,0.08818200640545659,-0.0560620400417029,-0.06596053421424686,-0.020078520534451805,0.07028722096076212,-0.27129186555789053,0.060285352199733855,-0.30911992489840256,-0.2600249489492714,0.2600249489492714,-0.029441578115001255,0.20675788337992262,0.1029295757833737,0.9048322704412298,-0.20238644699013542,0.07271561446573882,-0.1531484658936929,-0.07957397022784718,0.022108449718302947,-0.058142400542975925,-0.13561775149384794,-0.20238644699013542,-0.058142400542975925,0.03052280773119076,0.2452494091808488,0.2592553613231894,-0.02919672466540979,-0.08603905474869866,-0.04865393869238366,-0.17669600467763047,-0.08603905474869866,-0.2207989303597746,0.4733580567364737,0.7115237046584157,0.8232066913986557,0.022327417968013904,-0.2600249489492714,0.2600249489492714,0.1333200172219975,9493368415.968565,0.8820269898768974,0.2857142857142857,0.031746031746031744,0.03968253968253968,0.03245296938401751,0.9402601537996147,0.009250993577322952,-0.0759028559684205,-0.04704632189147817,0.6357434122856637,0.11317531142700754,-0.049982403556174004,0.07882181032923077,-0.039297073459188425,-0.0793823962891298,0.3896715197329296,0.8643317797253485,0.018324977504567734,-0.028679597774466048,-0.16825624267315786,0.16825624267315786,0.04868310259212594,0.6190476190476191,0.20634920634920634,8373407167.729163,22.848326707760897,0.19047619047619047,0.015873015873015872,0.031746031746031744,0.029762511664249,-0.005516258567668797,-0.04857941812277389,0.03339466929180672,0.011247507558790115,0.5,-0.023287878648584597,-0.1531484658936929,0.07028722096076212,-0.002013367171994185,0.011247507558790115,0.003839730349277648,0.3368054781590443,0.01708680172703661,-0.03465725736543657,0.03465725736543657,0.04868310259212594,9463613838.19769,0.00322037171427092,0.028016700804995975,0.012002477735642447,0.0132608747307843,0.09065694992893181,0.12496745860945802,0.1971671639949104,2.0,8.0,2.0,1.0,1.0,63.0,126.0,0.8470754716981133,,,,,,,,0,0,0,0,0,0
2026-10-31,AVY,169.8699951171875,-0.20367076991044675,-0.006503605915536337,0.7645185563934737,0.773629578259444,-0.06849108290610095,-0.004214863680408465,0.04893658619316943,0.00346383417711138,0.03204760405134777,0.04201635223977629,-0.03537515708144867,-0.029646690803219578,-0.07603087241628859,-0.04229539103484181,0.1906212898416972,-0.12482029791769245,0.12482029791769245,0.008391878153619858,-0.5275284260921604,-0.5243906501630762,2.3008190325055575,0.0809841902445172,0.017588248789375396,0.027160545854000517,0.025537262400269878,-0.04084674748920958,0.05240042037028081,0.06077373226932248,0.04893658619316943,0.0809841902445172,0.04545733418425835,-0.23172363459433154,-0.2353248734969624,0.026908943526513074,0.006641195158327617,0.025805680977043943,-0.08401575477060419,0.006641195158327617,0.02504139389744709,0.2567215143377173,0.6996183660228145,1.0330598359553766,0.012685459094101854,-0.0699624245638325,0.0699624245638325,0.11664085351217879,133108963.2422311,1.1653874893021166,0.07936507936507936,0.0,0.0,0.024013398994958433,0.3246577454894368,-0.00438001365741536,-0.007820129366699402,-0.019531427863834216,0.831209515000502,-0.7839871404630802,-0.014060857277371164,0.02881478910735311,-0.018682374424425885,-0.03981367185220941,0.2652086854879381,0.6772292772139432,0.013081304208252969,-0.04068864781701953,-0.0699624245638325,0.0699624245638325,0.10088408133445426,0.4603174603174603,0.7936507936507936,155123520.47647142,18.85973227026858,0.09523809523809523,0.0,0.0,0.025652001075371796,-0.017638312944681434,-0.021515497628409652,-0.026098226271370945,-0.004687426380387549,0.5,0.008338097759054086,-0.029646690803219578,0.04545733418425835,-0.01794830111117185,-0.004687426380387549,-0.005293568759995759,0.1796070863838563,0.009214337454508878,-0.029646992538481687,0.029646992538481687,0.012879305448991518,143419521.03794643,-0.005596354297535022,0.021163250273970143,-0.006410644306363289,0.0132608747307843,0.09065694992893181,0.12496745860945802,0.1971671639949104,1.0,3.0,1.0,1.0,0.0,63.0,126.0,0.189811320754717,,,,,,,,0,0,0,0,0,0
2026-10-31,AWK,130.25,-0.15532823443000487,0.041838929564905536,1.0676560160718627,1.0727387165400601,0.029579751637458074,-0.029654650131511695,0.028300085494270988,-0.03182368182255846,0.03535176054028799,0.05224872098907829,-0.07500820267540087,-0.03323621415417477,-0.09666737311518703,-0.05105956718059357,0.1294926260501582,-0.07994660798603803,0.07994660798603803,0.011016062568050655,-0.3393866764995084,-0.35442189333745844,0.8976108603125996,0.06365184603455898,0.03360315896530514,0.06741297848631977,-0.008410830694612792,-0.04713268938548221,-0.0035235963282874705,0.029476111733514165,-0.0035235963282874705,0.06365184603455898,0.019683880270568777,0.27341112361547126,0.2810828553880689,0.011246254253657995,-0.02275948168632258,0.037112880393686654,-0.11341643161525439,-0.02275948168632258,-0.10977967787337328,0.2185459230961083,0.677028968300525,0.9486318591530668,0.010875882585076034,-0.07551990514402818,0.07551990514402818,0.08244337187205253,275983335.77406144,1.0127525288063475,0.023809523809523808,0.0,0.0,0.02219968333191139,0.7225056990987863,0.005536225301127962,0.0009574665593312659,-0.03939995555300013,0.8130359133889584,0.03058338526436888,-0.06337260202266448,0.047492974468937924,-0.05772984138166504,-0.013242750304640616,0.20731962533698436,0.7136898911501587,0.010012444176650221,-0.049437120136223034,-0.07551990514402818,0.07551990514402818,0.018692314861876724,0.31746031746031744,0.015873015873015872,279502821.21359205,19.448522947873716,0.031746031746031744,0.0,0.0,0.02108000823436072,-0.041990604694827294,-0.06346814712584947,0.04071690983091924,0.006024552189253685,0.6666666666666666,0.005604245860498273,-0.06337260202266448,0.06741297848631977,-0.007236322541530615,0.006024552189253685,-0.03424804985414953,0.14796192084004406,0.007778323722117973,-0.07551990514402818,0.07551990514402818,0.018692314861876724,254028039.92447627,-0.005421507384258839,0.018349327712899734,0.007643394748753529,0.0132608747307843,0.09065694992893181,0.12496745860945802,0.1971671639949104,1.0,3.0,1.0,1.0,0.0,63.0,126.0,0.1960377358490566,,,,,,,,0,0,0,0,0,0
2026-10-31,AXON,413.3500061035156,-0.6326587211162096,-0.43549155712129917,0.9845153139102233,1.0721201162924057,-0.14522929488161296,-0.02670182079328609,0.028848058682226396,-0.2915261826826384,-0.10767225867546615,0.31362006406139,-0.5304042112970211,0.11688567879733269,-0.09611939992723162,-0.2456322059178575,0.041805000882830026,-0.45571736440706234,0.45571736440706234,0.02674758474865091,0.6787459283387622,0.3148204238385557,1.0102547028466788,-0.07882419999323975,0.1474127402062107,0.2493536811964534,-0.1781335507208489,-0.1838945345887495,-0.262678124000412,-0.1042180884371418,-0.262678124000412,0.028848058682226396,-0.05859684351740013,-0.2553729456384324,-0.2715336422693191,-0.06028947550455532,-0.2167841472356311,0.07351824138816343,-0.3074410971645629,-0.2167841472356311,-0.31875913514961435,0.6900623866288387,0.784659276617616,0.9855451491480219,0.03249492613026953,-0.35986182113367426,0.35986182113367426,0.19486038962356478,511156732.62917656,0.969619198990886,0.42063492063492064,0.14285714285714285,0.0873015873015873,0.05561416333011493,0.7496817988969029,-0.014201175937258115,-0.1404164848238828,-0.21978518818568693,0.7111772547001576,-0.18472135253600508,-0.25423610767723714,0.17201151164946746,-0.2704214771873885,-0.23363877111988562,0.6800876377515588,0.7961677628832464,0.03281144044889712,-0.25998831246563947,-0.35986182113367426,0.35986182113367426,0.0,0.49206349206349204,0.0,495627381.6507006,20.021334957707683,0.4444444444444444,0.09523809523809523,0.1111111111111111,0.05105661082738481,-0.16768127931395993,-0.25014891329080435,-0.04008222273301892,-0.02170307476236233,0.5,0.017536929237491655,-0.25423610767723714,0.2493536811964534,-0.03496394949314663,-0.02170307476236233,-0.0926093614443746,0.5414638531132102,0.02600701606856307,-0.23190562603138243,0.23190562603138243,0.0,479858136.8060884,-0.047473076483113275,0.05076120654928766,-0.016961459982810734,0.0132608747307843,0.09065694992893181,0.12496745860945802,0.1971671639949104,1.0,3.0,1.0,1.0,0.0,63.0,126.0,0.8147169811320755,,,,,,,,0,0,0,0,0,0
2026-10-31,AXP,302.7799987792969,-0.3509796748851608,-0.1538125108902504,0.9495793579189632,0.9729667338218773,-0.1351658488009556,0.006905089950165699,-0.06018005070473975,-0.042232864350901234,0.019540528301439708,0.043709819752265844,-0.14324885683985877,-0.020368285704650768,-0.18514750931419777,-0.03935898638285318,-0.2503504117022978,-0.20692868821310717,0.20692868821310717,-0.004501936938988149,0.18031184942855938,0.0628247444733645,0.8341382035297216,-0.040639522403300044,0.031573720922525854,0.06882161484773386,-0.07934442995230484,-0.09256852211939881,-0.10241291505564099,-0.06774416272122692,-0.10241291505564099,-0.040639522403300044,-0.0031915630842594966,-0.3399933479045899,-0.3428582397076584,-0.042279953756510835,-0.09953903708759293,-0.018081744452834614,-0.19019598701652474,-0.09953903708759293,-0.42371029370341834,0.24038327037505486,0.8083083464095423,0.9772826323579374,0.01147384694021195,-0.16259647469101357,0.16259647469101357,0.010110167884130883,985946077.3424664,0.9728055311140863,0.07936507936507936,0.0,0.0,0.019812796228988936,0.837138523659813,-0.00365076554326893,-0.05250162188953389,-0.0753510443668014,0.8913699680216156,-0.12270526315789465,-0.07895934295657892,0.04736439026659846,-0.08295730543207691,-0.0703056584418359,0.23492239524694342,0.8270978319335291,0.011306499184890063,-0.08184708972256638,-0.16259647469101357,0.16259647469101357,0.0027156158015084753,0.873015873015873,0.1111111111111111,959133797.418988,20.681541141800963,0.06349206349206349,0.0,0.0,0.01827414615153463,-0.05279129684047967,-0.07931225867080638,-0.02233976547063461,-0.004340701406528202,0.16666666666666666,-0.009353337126186356,-0.07895934295657892,0.06882161484773386,-0.017601576137312502,-0.004340701406528202,-0.03306880526115319,0.19430380378137851,0.009234971712305357,-0.08198413663347315,0.08198413663347315,0.0027156158015084753,1026009477.7385893,-0.009185602584229846,0.020486349515442384,-0.00447161693617848,0.0132608747307843,0.09065694992893181,0.12496745860945802,0.1971671639949104,1.0,3.0,1.0,1.0,0.0,63.0,126.0,0.42641509433962266,,,,,,,,0,0,0,0,0,0
2026-10-31,AZO,2792.030029296875,-0.4373132325715291,-0.2401460685766187,0.9853729182820816,1.0051649555806474,-0.2462712153059441,-0.1734127133559762,-0.24621830621959673,0.11983610895851493,0.19744466125378335,-0.18568424765914604,0.111346917960638,-0.20756853530060926,-0.37118576482905474,0.1718809765210887,-0.78573798855318,-0.34362472878110306,0.34362472878110306,-0.04434251276010093,0.4009900990099009,0.2968442361154564,1.253593120452222,-0.04877364496581338,0.09947208541202714,0.08883581819412845,-0.08208690662508566,0.04934021976590075,-0.1263821972610818,-0.14045804948216398,-0.24621830621959673,-0.04877364496581338,-0.05622444248035041,-0.6561360874848117,-0.6607520925265604,-0.02519192044636509,-0.07433732969850804,-0.008291756242229553,-0.16499427962743984,-0.07433732969850804,-0.2737675139846387,0.31335930018220354,0.8170919494244274,0.8665277108715782,0.014606596151429355,-0.24621830621959673,0.24621830621959673,0.0,997141230.9820266,0.8079872776875436,0.11904761904761904,0.007936507936507936,0.015873015873015872,0.027084321501126545,0.4372344534569332,-0.0072125626343083615,-0.037751958931183216,-0.05790971577228088,0.9869809426342228,-0.5112731459272761,-0.05389737073236067,0.09677533793989714,-0.06659778606459832,-0.04716907534345527,0.27153451706720455,0.9429495896935288,0.013239112919399247,-0.04155929859200491,-0.11143251360804485,0.11143251360804485,0.0,0.7301587301587301,0.0,805677428.6911738,20.507194009063713,0.12698412698412698,0.0,0.0,0.025973115844652214,-0.03978861328547356,-0.03757301182331474,-0.05242834565227256,-0.013423929856392847,0.16666666666666666,-0.041761702736302385,-0.20756853530060926,0.08883581819412845,-0.026684804587177147,-0.013423929856392847,-0.028590171872186154,0.25604336145615103,0.012562707197744787,-0.06411043085362511,0.06411043085362511,0.0,1160194219.6963356,-0.020531424901737982,0.03196854312360354,-0.018986202720339462,0.0132608747307843,0.09065694992893181,0.12496745860945802,0.1971671639949104,1.0,3.0,1.0,1.0,0.0,63.0,126.0,0.5497169811320755,,,,,,,,0,0,0,0,0,0
2026-10-31,BA,193.55999755859372,-0.23427793185538637,-0.03711076786047596,1.0459817677744285,1.0559123687710972,-0.1718295543913937,-0.027483300277606926,-0.1548705471324897,0.04903600408764819,-0.007751115556043908,-0.05628083420665686,-0.048188499997182,0.009256408018542883,-0.2798380057419477,0.05040121292865085,-0.43464083321966596,-0.23236168057154005,0.23236168057154005,-0.025634489728273313,0.7250672749873646,0.5448506453126039,1.3410916355376763,-0.16262166268853362,0.03079336088259393,-0.06350851422628812,-0.10516073054045716,-0.09247545674307123,-0.10583454304484152,-0.14110891762195496,-0.16262166268853362,-0.10583454304484152,-0.0015244691143981859,0.09223078453248923,0.1363191858089683,-0.03365783054004079,-0.10446933420383886,-0.03867863715165698,-0.19512628413277067,-0.10446933420383886,-0.29997643309869265,0.3563184480051341,1.018153713747852,0.9773798518506748,0.017049282148807347,-0.19551125250048174,0.19551125250048174,0.049731537498232115,1403305691.1596994,0.9631651025970682,0.16666666666666666,0.023809523809523808,0.007936507936507936,0.02742490950460627,1.4952344116915768,0.031266890505436185,-0.07798721264256303,-0.0883898384017403,1.1043877658392791,0.28849822979053363,-0.10458174923092856,0.05289230359849742,-0.06843777699607934,-0.09145842937381088,0.34825847192292037,1.041717518342507,0.015950813149534927,-0.07948883423011721,-0.19413799245948138,0.19413799245948138,0.049731537498232115,0.6507936507936508,0.06349206349206349,1351615070.0008817,21.024566063231205,0.15873015873015872,0.015873015873015872,0.015873015873015872,0.026879730540905894,-0.048028130289200055,-0.09410569126822887,0.11126492514633964,0.0403654629596899,0.3333333333333333,-0.026445249790839842,-0.10458174923092856,0.0403654629596899,0.0271045882289056,0.0403654629596899,-0.03205481895290718,0.36278695111329823,0.016726392667125427,-0.08805654860497658,0.08805654860497658,0.049731537498232115,1646226397.0423381,-0.001047678890684467,0.03708337273073766,0.0252553037773795,0.0132608747307843,0.09065694992893181,0.12496745860945802,0.1971671639949104,1.0,3.0,1.0,1.0,0.0,63.0,126.0,0.7105660377358491,,,,,,,,0,0,0,0,0,0
2026-10-31,BAC,53.75,-0.17011893560834945,0.027048228386560957,0.8681081090167581,0.8906985968587086,0.026540015108604598,0.11394736376078662,0.01580497857077301,-0.06767865019035657,0.03661628481665269,0.16483126786234514,-0.29276935932949777,-0.034792422094167774,-0.109162480038685,-0.14374307003792564,0.07543742871088191,-0.1664212512223937,0.1664212512223937,0.02167326550387738,0.2844830428077989,0.12014873378904833,0.972962203269257,0.0524212633874257,0.05291279850451931,0.11000109572441175,-0.07450977299128203,-0.15572185006042638,-0.05187367161958356,0.005450856779538382,-0.05187367161958356,0.0524212633874257,0.08722364674262573,0.030687432583757834,0.01781093497640529,-0.007084027167579943,-0.12793809146715263,-0.00016147414943690208,-0.21859504139608443,-0.12793809146715263,-0.6136496995289901,0.2095110986794958,1.1333210116454049,0.9951127886110873,0.010041437883174737,-0.1664212512223937,0.1664212512223937,0.09111777885347538,1961485252.4615939,1.0255095427199656,0.031746031746031744,0.0,0.007936507936507936,0.01929563379292515,0.8799280021345092,-0.010545745182452437,-0.048941838320744724,-0.11419228192448061,0.9761038160792106,-0.06537291925598276,-0.11676286938302327,0.08309840723739956,-0.12779725327048796,-0.07331738319620973,0.20848717365192576,1.1388869931289092,0.0095679524662957,-0.1007109353124559,-0.1664212512223937,0.1664212512223937,0.00037224005088543066,0.5714285714285714,0.015873015873015872,2011521844.3038456,21.422157409500887,0.031746031746031744,0.0,0.015873015873015872,0.01847475471673678,-0.09389951066583968,-0.11705858304050376,-0.05261514794978659,-0.01249311595376057,0.3333333333333333,0.005502476814441493,-0.11676286938302327,0.11000109572441175,-0.02575399068454487,-0.01249311595376057,-0.07409002465405246,0.23744333030638645,0.010322505015423538,-0.14301654618925286,0.14301654618925286,0.00037224005088543066,2234550918.0587044,-0.031932711771435196,0.020664445744004382,-0.013182052399854927,0.0132608747307843,0.09065694992893181,0.12496745860945802,0.1971671639949104,1.0,3.0,1.0,1.0,0.0,63.0,126.0,0.3942452830188679,,,,,,,,0,0,0,0,0,0
2026-10-31,BALL,56.369998931884766,0.01895292832682327,0.21612009232173368,1.021791815965943,1.0246452194198485,0.0009995053616975724,-0.03980308534114341,-0.0707720937907228,-0.022984238299537996,0.10895103504759951,0.06644227443074868,-0.19510781171424996,-0.1049443701060796,-0.19573955240018082,-0.057893443492778474,-0.28341385095998395,-0.15987552083309642,0.15987552083309642,-0.0058437917454221555,-0.14061779621945592,-0.25119066920075905,0.7426271505408981,0.03817894125687671,0.07048110810864745,0.14558476712057766,-0.059055497636995136,-0.12483769205772377,-0.0937563320902608,-0.042116494874702294,-0.0937563320902608,0.03817894125687671,0.040064070327720636,-0.044788357076970375,-0.03899196029982899,-0.016235446347092286,-0.12866553728350127,-0.029737999222836597,-0.21932248721243308,-0.12866553728350127,-0.5968142393358902,0.24971289706202585,0.7574748243589208,0.8633404479591824,0.011534729932400784,-0.1545880456224341,0.1545880456224341,0.07467895390076329,143722518.86652082,0.8091812980322922,0.07142857142857142,0.0,0.007936507936507936,0.02252651545200472,0.587225328817831,0.005099169752252886,-0.043590872646300016,-0.08544880353980955,0.9178000885971838,-0.08575165535845664,-0.10737621530035635,0.09575157346425796,-0.10195961295137335,-0.05784702331972835,0.2155872444107146,0.8773767360830674,0.010262217436497174,-0.09259834403947065,-0.1545880456224341,0.1545880456224341,0.006068180617442964,0.746031746031746,0.031746031746031744,116297574.37288193,18.571662769231,0.06349206349206349,0.0,0.0,0.02058546748217491,-0.0687789199735751,-0.10424168553871416,0.032081105294750424,0.006068180617442964,0.5,-0.00839026109392188,-0.10737621530035635,0.14558476712057766,-0.007192694113341336,0.006068180617442964,-0.046330073723783394,0.1891512328422153,0.009843593968346437,-0.10424283078783769,0.10424283078783769,0.006068180617442964,124210709.38253857,-0.019089238392344665,0.022453697744318872,-0.0029362022246210984,0.0132608747307843,0.09065694992893181,0.12496745860945802,0.1971671639949104,1.0,3.0,1.0,1.0,0.0,63.0,126.0,0.16047169811320755,,,,,,,,0,0,0,0,0,0
2026-10-31,BAX,23.489999771118164,0.07707605160881825,0.27424321560372866,1.1158377172845355,1.154375443996558,0.17203927567919952,0.3994806631039669,0.33738774946403605,-0.23518028715295713,-0.08610654903308124,0.4888281029928192,-0.5905459260405975,0.06881470688077562,0.21242029085457803,-0.43910557251181437,0.8803736822325421,-0.1711089362762389,0.1711089362762389,0.059201972858950125,-0.4820428300586005,-0.5347283058170278,0.5565484129101094,0.2512812004309548,0.11898675321842005,0.135250162258294,0.029117835439253836,-0.14905290564131746,0.10220746231107891,0.23029213740202326,0.10220746231107891,0.33738774946403605,0.22701695590883753,-0.4490317405752263,-0.4607398213424455,0.029186837948706357,-0.10171782304777832,-0.00573278721466719,-0.19237477297671013,-0.10171782304777832,-0.2638603762698534,0.38323243444585203,0.6205887771505624,1.005913464768295,0.01884261335250907,-0.1711089362762389,0.1711089362762389,0.414637421428655,148819114.93673325,1.0946040653329003,0.2222222222222222,0.023809523809523808,0.015873015873015872,0.033967675782693246,0.6838406272888672,-0.017996365957269833,-0.061280671458483815,-0.06959684192610183,0.7923801072230929,-0.17697100407380784,-0.07692307692307687,0.11236162352196044,-0.09653847034160912,-0.10418226778289497,0.38549866594501553,0.6169405211148162,0.01768804447919318,-0.10014614441236336,-0.1711089362762389,0.1711089362762389,0.08440521830704384,0.6666666666666666,0.7936507936507936,162898008.20899236,18.908634852558325,0.20634920634920634,0.047619047619047616,0.0,0.032377251884454845,-0.04175807108305196,-0.08612552122216488,-0.08934967020821842,-0.021250009536743164,0.5,0.05452932522890332,-0.07692307692307687,0.22701695590883753,-0.034510884267527464,-0.021250009536743164,-0.011009838053119503,0.23782974785718436,0.011630407886137159,-0.09059234066974586,0.09059234066974586,0.0302631823309909,163254081.3718705,-0.0006381685869636389,0.027610533394696046,-0.005503807171282182,0.0132608747307843,0.09065694992893181,0.12496745860945802,0.1971671639949104,1.0,3.0,1.0,1.0,0.0,63.0,126.0,0.4771698113207547,,,,,,,,0,0,0,0,0,0
2026-10-31,BBY,87.97000122070312,-0.06915277835331635,0.12801438564159406,0.9277908902360148,0.9384826814210759,0.40472351885897084,0.40305309718899096,0.48910563032678844,-0.31761031314665455,-0.3335442576361265,0.44499749069309313,-0.41447277357919776,0.28864261606416175,0.36413817171733043,-0.45858091321289307,1.1807850014361654,-0.07224212714793965,0.07224212714793965,0.08766331244055658,-0.4253251017995534,-0.4077833130995281,0.8026553055075665,0.15556137269066195,0.18814089286407332,-0.013601372754801888,0.10118782410711513,-0.02887965801737269,0.1714953171801339,0.2720541067325281,0.15556137269066195,0.48910563032678844,0.13679497223612747,-0.17384243522924692,-0.1763703111872268,0.05126074840546435,0.030524717113895372,-0.0708323729292698,-0.060132232815036435,0.030524717113895372,0.08509779432140367,0.41422073428431,0.7893578122215018,0.8659673343024573,0.01933922544336389,-0.07224212714793965,0.07224212714793965,0.6224063777332034,291431512.9165952,1.0716922425841422,0.19047619047619047,0.015873015873015872,0.007936507936507936,0.032119959096390135,0.4550450191205583,-0.0028474651332565104,0.046098974474564125,0.01198134806611395,0.9793447939435426,-0.3818409600421997,0.11248773966743841,0.13120800431989058,0.10908375097257861,0.08083825177523885,0.3587016250809904,0.9115330116433722,0.018165750957668435,0.07643169174879128,-0.07224212714793965,0.07224212714793965,0.1386328234319858,0.12698412698412698,0.9682539682539683,312324891.63727534,19.55955452652889,0.20634920634920634,0.015873015873015872,0.015873015873015872,0.03212292073220555,-0.004252453004629508,0.0756021280438306,-0.009358088108980596,-0.0030597988395607567,0.5,0.0750719639073492,-0.0708323729292698,0.28864261606416175,-0.016320673570345057,-0.0030597988395607567,-0.02785934405046142,0.32696837259144695,0.015270892860478044,-0.07224212714793965,0.07224212714793965,0.016036870712560658,304584536.3034203,-0.02571655677379525,0.03167438456466921,-0.006145905942978924,0.0132608747307843,0.09065694992893181,0.12496745860945802,0.1971671639949104,1.0,3.0,1.0,1.0,0.0,63.0,126.0,0.5621698113207547,,,,,,,,0,0,0,0,0,0
2026-10-31,BDX,176.8000030517578,0.0927068027324125,0.2898739667273229,0.9714457987782139,0.9716227340658705,0.12672253620108376,0.13907260484163353,0.20166660340339781,-0.026469177997035187,0.01568246988172528,0.11907930994500648,-0.045279988731168785,-0.012882475721942788,0.0766991447939398,-0.12786728218956012,0.7179977478316231,-0.07373630631610817,0.07373630631610817,0.04215898284110864,-0.07872771274756751,-0.010738443295218336,0.8504357951378748,0.2173490732851231,0.021304610863711184,0.03586771632365093,0.07948766817169584,-0.05722798844699928,0.17519742540636263,0.19807103403162785,0.17519742540636263,0.2173490732851231,0.09442928691545749,0.037084398976982014,0.02433812795564716,0.07084489861157417,0.0737993212138377,0.13579281953151456,-0.01685762871509411,0.0737993212138377,0.27496775314471306,0.28087358771310583,0.8693575699897533,0.9555638260732275,0.013481040758941625,-0.07373630631610817,0.07373630631610817,0.26389472471690234,376914208.1587292,0.8269736659558009,0.0873015873015873,0.007936507936507936,0.0,0.02324854052200026,0.7906214457780257,-0.011525889503381626,0.03357297843802254,-0.01460013260364712,0.871191498583347,-0.11084452212600304,-0.04281745753935584,0.06964604760258732,-0.05458169593222795,-0.017834342428342698,0.2683926401180497,0.9097849314391396,0.01279229474643825,-0.03762648988429984,-0.07373630631610817,0.07373630631610817,0.18120768217518712,0.4603174603174603,0.9682539682539683,311698124.4718521,19.557545730833862,0.09523809523809523,0.0,0.0,0.02222670770314182,-0.03517712676410367,-0.037669552205578216,-0.05033379842837484,-0.01229048574436975,0.5,0.0330165672941591,-0.04281745753935584,0.13579281953151456,-0.02555136047515405,-0.01229048574436975,-0.02258798004308038,0.24417957968856951,0.012099455892503889,-0.05211261199278949,0.05211261199278949,0.0021539784987900656,329097178.721546,-0.022632031345443115,0.020103429584160445,-0.017417495231660363,0.0132608747307843,0.09065694992893181,0.12496745860945802,0.1971671639949104,1.0,3.0,1.0,1.0,0.0,63.0,126.0,0.375,,,,,,,,0,0,0,0,0,0
2026-10-31,BE,289.1499938964844,0.9907110584947616,1.187878222489672,0.9269835151134582,0.9974832999309108,0.9102200120481636,1.1341057064985725,0.020433402188873906,-0.06519725340827642,-0.00587202009594634,-0.2736800952920474,0.6786166743042691,0.005787742565001697,-0.10453405642058411,0.3845031768233478,0.01800244321727775,-0.16394393872024537,0.16394393872024537,0.0208530707022494,-0.4143738475197487,-0.1772323967543059,0.9951028301555304,0.014561382092927566,0.03606624871804803,0.062105305989583304,0.13853596151881398,0.3977051219382748,-0.04476385121940252,-0.003256355645867015,-0.04476385121940252,0.020433402188873906,-0.32008592910848555,-0.15820336786717015,-0.12121640050298266,0.029372686621098154,0.4049365790122217,0.0023808634127435724,0.3142796290832899,0.4049365790122217,0.37317954187499136,1.1350349473266526,0.8103342654218817,0.9560045269999065,0.051929381866207734,-0.16394393872024537,0.16394393872024537,1.141851806640625,3395264884.218113,1.0846151593728186,0.5952380952380952,0.2222222222222222,0.15873015873015872,0.08564007856128857,0.8425355194120383,0.05403345951352312,0.19563521101816095,0.22440352222379234,0.8339244317656589,0.009290646578782091,0.3426078860349686,0.21097200248390188,0.4015995618959862,0.25712588857082186,1.0850985479473803,0.8476259709405759,0.04927136830234911,0.3168501250877531,-0.0072103213854614046,0.0072103213854614046,0.7658014894441794,0.047619047619047616,0.7301587301587301,3682555763.509163,22.026872849298194,0.5873015873015873,0.1746031746031746,0.15873015873015872,0.08464632959799975,0.14338247234465928,0.3115189102767151,0.04777141474218212,0.04393812703963307,0.8333333333333334,0.022788999322240783,-0.32008592910848555,0.3426078860349686,0.030677252308848768,0.04393812703963307,0.06222939361383095,0.9197577102701072,0.0500228195674446,-0.0072103213854614046,0.0072103213854614046,0.2275524948006431,4779727641.493661,0.0409353947095108,0.07160842694980009,0.03428169617942234,0.0132608747307843,0.09065694992893181,0.12496745860945802,0.1971671639949104,2.0,6.0,2.0,1.0,1.0,63.0,126.0,0.9825471698113208,,,,,,,,0,0,0,0,0,0
2026-10-31,BEN,32.810001373291016,0.3257336858674593,0.5229008498623697,1.2456077284496512,1.261536454022432,0.2759848575040993,0.417335102939955,0.11703217419995027,-0.12079545034669836,-0.037810578889179824,0.141135599494975,-0.16225791423626612,0.03503504660531931,-0.007935284409507748,-0.13815448894124138,0.42220273723652274,-0.07339120410895072,0.07339120410895072,0.032929588287383016,-0.5781574578491161,-0.5870677487956935,0.6485262398481382,0.07922159531077044,0.061789521214115045,0.08329834613659792,0.006111946317781225,-0.05655029080930862,-0.0037632761467480957,0.06416349778799087,-0.0037632761467480957,0.11703217419995027,0.017733613561693673,0.1170882580360102,0.14108556970920438,0.0013148825575264311,-0.021122314741291115,0.008564693917524124,-0.11177926467022292,-0.021122314741291115,-0.09034884731161277,0.2771942573512675,0.7855462551342376,0.8434020744118338,0.013495809433939462,-0.07339120410895072,0.07339120410895072,0.43066050995780025,138961619.31235904,0.970801489499186,0.07142857142857142,0.015873015873015872,0.0,0.025339464952029756,0.8981908289147638,0.019486812088761574,-0.009853682037102796,-0.015846499101376588,0.9025715690488203,0.15780917271540762,-0.04984613155512241,0.04300463379949634,-0.029434907684011025,-0.022908408858062557,0.23378621166510674,0.9314018532407057,0.011528790704993899,-0.040405685822734516,-0.07339120410895072,0.07339120410895072,0.02838343272184929,0.6666666666666666,0.8412698412698413,134904147.011657,18.720075069494406,0.047619047619047616,0.0,0.0,0.023262806742699933,-0.013003448106724602,-0.03508994552730582,0.09865500295031206,0.021482019438092248,0.8333333333333334,0.019377931350684146,-0.04984613155512241,0.08329834613659792,0.008221144707307948,0.021482019438092248,-0.0034549779897239397,0.21774891080700431,0.010871313341118788,-0.045643625450065506,0.045643625450065506,0.021482019438092248,132187389.56420535,0.007979330724867895,0.02291147217597761,0.011905453801732246,0.0132608747307843,0.09065694992893181,0.12496745860945802,0.1971671639949104,1.0,3.0,1.0,1.0,0.0,63.0,126.0,0.2700943396226415,,,,,,,,0,0,0,0,0,0
2026-10-31,BF-B,26.15999984741211,-0.20309015038610267,-0.005922986391192264,1.0216314905072224,1.0474372007343802,-0.018699928409618982,0.00652679787093291,0.03269576994800971,-0.04273013160973238,0.0020076045641126417,0.12458082466885179,-0.20628687256265155,-0.001940270625926166,-0.0922716886614483,-0.11440181784180947,0.08224167103969376,-0.1302401207420818,0.1302401207420818,-0.007238149340054623,-0.41938674579624136,-0.46682636015198864,0.4584473361443947,0.034703374512122354,0.025269743638824466,0.04519120102889662,-0.013089945331962727,-0.07951946533931142,-0.010034361661722668,0.019121594266136466,-0.010034361661722668,0.034703374512122354,0.0780487403490906,-0.22407584666575509,-0.2252604907729816,0.0038868864570837935,-0.08170604789379976,-0.07518268965014863,-0.17236299782273157,-0.08170604789379976,-0.246748774432214,0.3975572180704982,0.5710972720607463,0.8329128398764118,0.017127897021165288,-0.12198713443748466,0.12198713443748466,0.0791796475494595,83111913.93549329,0.7460825973103631,0.15873015873015872,0.031746031746031744,0.007936507936507936,0.03155198812981257,0.6816880351863098,-0.0013665740369439572,-0.03831839305116913,-0.035736052145207586,0.785172864073275,-0.191549652519432,-0.005535370983663301,0.05209378014211415,-0.007053672299000779,-0.05069514851050172,0.3311305115164646,0.685662706490977,0.015812452507919426,-0.04562411331516303,-0.10628104065538213,0.10628104065538213,0.0523567544806236,0.7301587301587301,0.8888888888888888,62008352.6164282,17.94277966968216,0.14285714285714285,0.031746031746031744,0.0,0.028016031276883287,-0.016733041052086284,-0.02261220195642999,-0.0067244829819635005,-0.0015267524565848456,0.3333333333333333,0.006509142943610713,-0.07518268965014863,0.0780487403490906,-0.014787627187369146,-0.0015267524565848456,-0.0024595375001218445,0.22704384272812078,0.011920021111325693,-0.049073077798538534,0.049073077798538534,0.016317019426131063,64504357.830883205,-0.0008021194685778887,0.02476517540514337,0.0011480880936074467,0.0132608747307843,0.09065694992893181,0.12496745860945802,0.1971671639949104,1.0,3.0,1.0,1.0,0.0,63.0,126.0,0.4406603773584905,,,,,,,,0,0,0,0,0,0
2026-10-31,BG,106.72000122070312,-0.040111550399097196,0.15705561359581321,0.8660052168361616,0.88277786585043,-0.04584291037201471,-0.1506394642253731,-0.14977053901055637,0.15598152343896388,0.020759154393102608,-0.15897718178797815,0.16992414134490752,-0.023834013472133653,-0.2747379976200144,0.16071749856748574,-0.4661768807011015,-0.18276468268458335,0.18276468268458335,-0.014430033856444702,0.2561089931879257,0.2698595675354494,1.0997200873404451,-0.12901138461745376,0.08470169934917855,-0.13438768920086508,-0.07953131443048644,0.04818363406793258,0.006210984428407507,-0.09085697973320088,-0.14977053901055637,0.006210984428407507,-0.0046846919947191035,0.7358148372052855,0.7320819713076889,0.007086082322137033,0.01094695955692937,0.10084467673122788,-0.07970999037200244,0.01094695955692937,0.0317178713392649,0.3212740597202303,0.9079977975971597,1.0742709188939739,0.01595442560859838,-0.18276468268458335,0.18276468268458335,0.023862174195738328,192285946.67709592,0.9508987016727417,0.11904761904761904,0.007936507936507936,0.007936507936507936,0.03106168391709872,1.012059719529696,-0.0018460208226936947,0.02232697866353628,-0.05997326894839328,0.9347278425923764,0.05480722132810856,-0.07968335090941181,0.07965271923739338,-0.08166248979032587,0.012983923081642867,0.34513537935244926,0.8452223565094713,0.016335143817400394,-0.05310948954651218,-0.14343041690701797,0.14343041690701797,0.02210808636474737,0.25396825396825395,0.7142857142857143,182844457.04516456,19.024146393350904,0.14285714285714285,0.0,0.015873015873015872,0.031640339373479306,-0.07318202057207568,-0.08461068128741178,-0.007371884728446381,-0.0021504977475631515,0.16666666666666666,-0.023982594432244153,-0.13438768920086508,0.10084467673122788,-0.015411372478347451,-0.0021504977475631515,-0.07155191201808597,0.2917161386510675,0.015140953175475385,-0.14343041690701797,0.14343041690701797,0.0010318038619434589,233355689.7930327,-0.021617545791685067,0.033291377995847644,-0.00721885401292266,0.0132608747307843,0.09065694992893181,0.12496745860945802,0.1971671639949104,1.0,3.0,1.0,1.0,0.0,63.0,126.0,0.34528301886792456,,,,,,,,0,0,0,0,0,0
2026-10-31,BIIB,219.8800048828125,0.22812614509501317,0.4252933090899236,0.9847730090870394,1.0049491429169553,0.2223025494960631,0.19936727587795455,0.16166529110767613,-0.14398498301092721,-0.039828531501489906,0.07222103897456544,0.0111985628443394,0.03550296525803942,0.03669783249821812,-0.07824568928877129,0.4577235563290483,-0.038523754709614,0.038523754709614,0.03649744095901575,-0.2656308851224105,-0.2043701059712204,0.7990353596252548,0.12183675960618623,0.07434890006500874,0.10234692631935571,0.060511592969808126,0.02462542881171126,0.01768030809674892,0.1003941196035371,0.01768030809674892,0.16166529110767613,-0.06067759306900944,-0.4979076804223267,-0.5112446462995364,0.03184165751446866,0.08341960181890484,0.06750429738481878,-0.007237348110026964,0.08341960181890484,0.23990714465230567,0.35319416899631484,0.6804261597514271,0.9844902187600707,0.01689474699654456,-0.038523754709614,0.038523754709614,0.2758501192707159,229932418.95370486,0.9923677254304271,0.12698412698412698,0.023809523809523808,0.015873015873015872,0.029501682117857152,0.6478561242714145,-0.026236389592663945,0.04387610284711263,0.02129638348690177,0.7892369786240938,-0.2605713924530687,0.042603329085428854,0.06031513696715851,0.014908890271519759,0.029570766127478443,0.3477162046999634,0.6911456780224783,0.015928123499027072,0.02918431403600552,-0.038523754709614,0.038523754709614,0.14550668600480066,0.06349206349206349,0.9047619047619048,228177511.5998041,19.245634448029186,0.12698412698412698,0.015873015873015872,0.015873015873015872,0.029408099595611716,-0.0016949966112953518,0.02645709345919256,-0.11052968559985034,-0.026562776121387244,0.6666666666666666,0.026786191476207682,-0.06067759306900944,0.10234692631935571,-0.039823650852171544,-0.026562776121387244,-0.0030355822689936973,0.24032255205675904,0.011801780856155453,-0.038523754709614,0.038523754709614,0.043420535001119864,230937664.8950486,-0.02286846432583922,0.02316849328790154,-0.0221819039131409,0.0132608747307843,0.09065694992893181,0.12496745860945802,0.1971671639949104,1.0,3.0,1.0,1.0,0.0,63.0,126.0,0.459622641509434,,,,,,,,0,0,0,0,0,0
2026-10-31,BKNG,159.02000427246094,-0.4070726857978132,-0.20990552180290278,0.9480567059840113,0.9876818066575161,-0.1994479155104094,-0.05111263873840244,-0.050815081292271524,-0.05486247198909522,0.00527237685578863,0.14863940903452688,-0.3222835385655233,-0.005523952596198534,-0.17578253990172954,-0.12282904823872487,-0.12823350767650357,-0.2709116955753307,0.2709116955753307,-0.006528924528018343,0.657528588199487,0.36970847932884565,0.8892213294622059,-0.045542704436482895,0.03330137343529228,0.067240679315973,-0.11482194031060244,-0.21485149992168062,-0.10567755328136674,-0.06734511300337372,-0.10567755328136674,-0.045542704436482895,0.08224855498522055,-0.09147998093422305,-0.11317381335828591,-0.02028042709980349,-0.1736441295309964,0.032089206011971516,-0.2643010794599282,-0.1736441295309964,-0.43189923473373165,0.396269915820001,0.9244027170654063,1.0145806338483365,0.01887678954128726,-0.2565803280751392,0.2565803280751392,0.03681813754600194,1291321920.191895,0.9465542562465695,0.1984126984126984,0.047619047619047616,0.023809523809523808,0.03387129501253833,1.122805725730443,-0.0181857753260114,-0.10961171999367858,-0.15979554151304676,0.8676009644823887,0.08547957687324703,-0.17975069083524686,0.09497380694891085,-0.19933677665124372,-0.19013722962216584,0.4020477823676835,0.9111180385526555,0.01827128993206559,-0.21173099443054955,-0.2565803280751392,0.2565803280751392,0.020012896075212172,0.6190476190476191,0.1111111111111111,1222306259.7421312,20.9240052888338,0.2222222222222222,0.047619047619047616,0.031746031746031744,0.03279133349875845,-0.11767791363514601,-0.19170496590096275,-0.06518526925752803,-0.023878210681995027,0.5,-0.004595735633379228,-0.17975069083524686,0.08224855498522055,-0.03713908541277933,-0.023878210681995027,-0.055824622261696266,0.36631298687528874,0.017285569763356632,-0.18308800710749862,0.18308800710749862,0.020012896075212172,1519604224.5977492,-0.01743673179784211,0.03487432513540472,-0.016476555301464635,0.0132608747307843,0.09065694992893181,0.12496745860945802,0.1971671639949104,1.0,3.0,1.0,1.0,0.0,63.0,126.0,0.7665094339622641,,,,,,,,0,0,0,0,0,0
2026-10-31,BKR,56.0,-0.02229322229721542,0.174873941697695,1.081723583066234,1.0918795512562744,0.010112433693598266,-0.07626587519525452,-0.19055596873045322,0.2032769442772806,0.07042468425958881,-0.12886061213993127,0.05803915985538366,-0.08003999121304917,-0.31552342733991123,0.1197345164459056,-0.5757921454337649,-0.19055596873045322,0.19055596873045322,-0.020427833548593788,-0.26702424968320926,-0.3189346568100003,0.9414721468116131,-0.12013128447086441,0.10322376601311331,-0.1311834781993697,-0.07323669566259661,-0.015205271329548076,0.012720975546827384,-0.09932209255149675,-0.19055596873045322,0.012720975546827384,0.08990998343297796,-0.496019573909411,-0.48592161973312153,0.01718348018912308,-0.07082145228454761,0.05445171425732176,-0.16147840221347942,-0.07082145228454761,-0.2288647587371089,0.33094575923209335,0.9185405135251736,0.9350376189796696,0.015519569393636435,-0.19055596873045322,0.19055596873045322,0.0649112054357821,499689646.7595842,0.954540579134921,0.1349206349206349,0.023809523809523808,0.023809523809523808,0.027811504167685568,0.4336869277342513,0.01694912863264686,-0.03817833254632874,-0.0755543223845433,0.7597075131893705,-0.46829354286289915,-0.13611326223489884,0.09799471392713878,-0.11880408068766113,-0.08340438932331706,0.3094467347237956,0.982356746809291,0.013702583739572336,-0.09483651602722298,-0.13713407267532995,0.13713407267532995,0.03187096720681981,0.5238095238095238,0.9841269841269841,476974044.8056176,19.982972636063288,0.09523809523809523,0.031746031746031744,0.015873015873015872,0.027251629467828963,-0.06098562804471119,-0.11632317489505695,0.06591201513777185,0.020036401521821068,0.5,-0.030489772072532822,-0.13611326223489884,0.08990998343297796,0.006775526791036768,0.020036401521821068,-0.035281145876493225,0.3039870876340255,0.013862850599158573,-0.12390485600472279,0.12390485600472279,0.020036401521821068,481052397.34624225,-0.013737230094295949,0.024272962492339463,0.001573910592534089,0.0132608747307843,0.09065694992893181,0.12496745860945802,0.1971671639949104,1.0,3.0,1.0,1.0,0.0,63.0,126.0,0.5776415094339622,,,,,,,,0,0,0,0,0,0
2026-10-31,BLK,1059.6300048828125,-0.1976614769206695,-0.0004943129257590773,1.0004696510582953,1.0130316474881702,-0.03745284006383498,0.11371377859616572,0.005132952608566832,0.10251279221699017,0.01797357306436176,0.02903014765821843,-0.05225317480084879,-0.017567645805543153,-0.11983450600089118,-0.02835597975119719,0.019093720279984287,-0.10004658137012679,0.10004658137012679,0.005936244554332948,0.4960338445267054,0.4612914099489682,0.9460244478228089,0.02310652567292859,0.05473999371538126,-0.07632333672345959,-0.006131108308216615,-0.09230194736025177,0.107645744825557,0.045295074369017474,0.005132952608566832,0.107645744825557,0.13398019773680403,0.02667392487751763,0.02797385959972365,0.023507641747412933,-0.02322302714263036,0.05981341685131181,-0.11387997707156217,-0.02322302714263036,-0.08663122593466281,0.2688293602974609,0.8344839332713405,0.9971664795028171,0.013249053793516109,-0.0995672149730632,0.0995672149730632,0.12092345976779728,720324404.4454423,0.9565247469382124,0.07142857142857142,0.007936507936507936,0.0,0.021624739598825014,0.7958179005110414,0.0011386513687466904,-0.027344638115300413,-0.04197142997029846,0.9602571316323583,-0.11293441337862564,-0.07951554097750757,0.08235094736636489,-0.07835005924027838,-0.06699566756899067,0.2680676267948135,0.8368551795758423,0.013350611258490535,-0.06824957310842172,-0.0995672149730632,0.0995672149730632,0.07545669179785608,0.5555555555555556,0.9682539682539683,689008118.6755953,20.350763613633596,0.047619047619047616,0.015873015873015872,0.0,0.02064643643779567,-0.03316790545384052,-0.06536281865602067,0.0056440952474613795,0.0012661612326045901,0.5,0.0036088753857016855,-0.07951554097750757,0.13398019773680403,-0.01199471349817971,0.0012661612326045901,-0.01016800659049566,0.22433378195984352,0.012535920630613104,-0.05423988268005475,0.05423988268005475,0.02158614675411652,564466604.3032691,-0.009603656355571033,0.022702675094521913,-0.004382237693240532,0.0132608747307843,0.09065694992893181,0.12496745860945802,0.1971671639949104,1.0,3.0,1.0,1.0,0.0,63.0,126.0,0.4557547169811321,,,,,,,,0,0,0,0,0,0
2026-10-31,BMY,61.150001525878906,0.18922254022257512,0.38638970421748553,1.2145823324141192,1.2387684211264056,0.14668443360065053,0.040807500257278306,0.031205566543358154,0.053153052765403386,0.061497210791532364,0.09006829520589066,-0.1440674151889324,-0.05627990709561892,-0.09376189206609986,-0.0852046865263999,0.1148123558942337,-0.09262273767098683,0.09262273767098683,0.02110240391612539,-0.31870400471869575,-0.3554933889118568,0.8520999090497946,0.09270277733489052,0.03335860440372402,0.007695017015171501,0.017741835798342542,-0.09262273767098683,0.08435861930876154,0.06942232106233674,0.031205566543358154,0.09270277733489052,0.1462554023092697,-0.37396406445961194,-0.38015102884597085,0.035064375664294545,-0.05399911998304174,0.022967427569741572,-0.14465606991197355,-0.05399911998304174,-0.21533392740579183,0.27179623917921375,0.7320555044948063,0.9226368104449157,0.0134713123889245,-0.09262273767098683,0.09262273767098683,0.15705081750910188,664505617.4291217,1.0412443773560138,0.10317460317460317,0.007936507936507936,0.0,0.023220554028896095,0.6480116379197871,-0.009056901065060297,-0.01011600251164313,-0.042405173837610444,0.8761214627705441,-0.22561105538607062,-0.0660080923883114,0.0765059566041719,-0.0752385124672369,-0.04139480427157727,0.2507692152072332,0.7934384323358972,0.012504800837868705,-0.0707383072348875,-0.09262273767098683,0.09262273767098683,0.08486946020622943,0.31746031746031744,0.9047619047619048,691912737.8695594,20.3549704057312,0.1111111111111111,0.0,0.0,0.022978955895028772,-0.04270949521692835,-0.06728977925182444,-0.04966962707336389,-0.009882762370531317,0.5,0.0074578475066201895,-0.0660080923883114,0.1462554023092697,-0.023143637101315617,-0.009882762370531317,-0.021954191852666893,0.19896993299213034,0.010566953596642302,-0.09262273767098683,0.09262273767098683,0.010356750008256865,730977879.6135312,-0.007916575334325215,0.02130759123276321,-0.011097693056081215,0.0132608747307843,0.09065694992893181,0.12496745860945802,0.1971671639949104,1.0,3.0,1.0,1.0,0.0,63.0,126.0,0.48924528301886794,,,,,,,,0,0,0,0,0,0
2026-10-31,BNY,145.39999389648438,0.1678992285582992,0.3650663925532096,0.8928989537483406,0.9104520907641618,0.2226502761022373,0.2354225546495785,0.08639381792146072,-0.0769288931244172,-0.039425958486192236,0.16806021096411428,-0.23797646380457882,0.037657276802612216,-0.03857364068799729,-0.15631007076192527,0.41219396150961923,-0.1179325580762447,0.1179325580762447,0.030814986583452608,0.24136750673912122,0.15457574227001158,1.0744771153745578,0.04696785943526849,0.03846845223985912,0.037151300374071994,-0.03807186215038405,-0.08468480710194293,0.009464924797043528,0.047608867384590914,0.009464924797043528,0.08639381792146072,0.08534841930088266,-0.34351594143868935,-0.34002091623176567,0.0070512995901188535,-0.06991625284046454,0.03166376824834716,-0.16057320276939635,-0.06991625284046454,-0.3204519429419402,0.20959505958081479,0.8385770348992423,1.040960364258905,0.010536754334271254,-0.1179325580762447,0.1179325580762447,0.18545804013653577,534784131.23603094,1.0014173506034603,0.015873015873015872,0.007936507936507936,0.0,0.020243337366953593,0.6641409227740451,0.004671129766913751,-0.02144480641411961,-0.07631051720691795,0.9415763125195539,-0.3482548692181544,-0.10323657008001974,0.06372061268496769,-0.0984623326079227,-0.047862038934729956,0.21818014956811183,0.8055801773934532,0.0100359998893417,-0.08051849141496026,-0.1179325580762447,0.1179325580762447,0.010283461272711625,0.30158730158730157,0.015873015873015872,535542107.84715927,20.098790079395755,0.031746031746031744,0.015873015873015872,0.0,0.019169174299015792,-0.0702532527083668,-0.0979507002800486,0.03029019864504433,0.0053238538869977425,0.8333333333333334,0.015651341422148673,-0.10323657008001974,0.08534841930088266,-0.007937020843786557,0.0053238538869977425,-0.0531820326488327,0.17576160359280968,0.008770648758045426,-0.1179325580762447,0.1179325580762447,0.010283461272711625,604154821.94163,-0.019740065854707334,0.020789921067171386,-0.003249414769776582,0.0132608747307843,0.09065694992893181,0.12496745860945802,0.1971671639949104,1.0,3.0,1.0,1.0,0.0,63.0,126.0,0.3340566037735849,,,,,,,,0,0,0,0,0,0
2026-10-31,BR,156.92999267578125,-0.468870819439838,-0.2717036554449276,1.0244115611988491,1.0220600237209552,-0.18907989269696246,-0.021624117640679508,0.032384105328723045,0.12056639036011307,0.0017461537507423852,0.006580033738357471,0.019055356121832068,-0.0016885239895181314,-0.09258335328073497,-0.006748715468533506,0.10207876193426749,-0.322429285893862,0.322429285893862,0.015187716724876621,-0.20566541956173168,-0.1853023429127666,0.7402526641239752,0.03413025907946543,0.06911048179701738,-0.10305753547413232,0.003529185613953656,-0.11559868049336874,0.15295049568883612,0.07315495336567486,0.032384105328723045,0.15295049568883612,0.1241329102791604,-0.29356402699876416,-0.3118498580455792,0.0586639627552461,0.02563538986018954,0.18467046388907304,-0.06502156006874227,0.02563538986018954,0.0768201790886032,0.31724625882097235,0.8029865250908702,1.0518846121526193,0.015601996851756986,-0.14857608732726169,0.14857608732726169,0.16580449020954768,203933932.07964215,0.8977364972225569,0.1349206349206349,0.007936507936507936,0.0,0.027903754396851273,0.5777558927576422,-0.022624414160744455,0.012630153813441014,-0.06507903903250034,0.719879073985282,-0.2368024649092776,-0.11123889653665298,0.12036052808006277,-0.13424414541981422,-0.05566917080177736,0.33370645791676795,0.7633789065966143,0.016074499643880365,-0.1041418354154231,-0.14857608732726169,0.14857608732726169,0.09559092511848544,0.4444444444444444,0.8095238095238095,183078933.85000077,19.02542795578436,0.15873015873015872,0.015873015873015872,0.0,0.026313987102075848,-0.07972998744624515,-0.10969516641537991,-0.1016101587321379,-0.025884626131267297,0.3333333333333333,0.011155632006110453,-0.11123889653665298,0.18467046388907304,-0.039145500862051597,-0.025884626131267297,-0.050439943315370495,0.25474447096873143,0.01237239751849019,-0.1228551256856476,0.1228551256856476,0.0,170685980.84309897,-0.031637057059333173,0.022161839543500057,-0.022912676288846634,0.0132608747307843,0.09065694992893181,0.12496745860945802,0.1971671639949104,1.0,3.0,1.0,1.0,0.0,63.0,126.0,0.35424528301886793,,,,,,,,0,0,0,0,0,0
2026-10-31,BRK-B,502.6499938964844,-0.14458521294944027,0.05258195104547014,0.9735027247290392,0.9863489926306477,0.04603249573050494,0.04893568675311677,0.06133865586694953,-0.05682222032289763,-0.001968435293067561,0.08010980141987933,-0.09748872486660087,0.0018581183941541735,-0.06362880274250848,-0.07871757931367107,0.45343519204054644,-0.050564749873098,0.050564749873098,0.014453527309963077,0.06342961571653394,0.04494835383401963,1.0761471736896198,0.05937022057388197,0.0322531062897455,0.05460715533252669,0.009152934188450645,-0.048944852962320096,0.0045164355440519,0.0417417706616278,0.0045164355440519,0.06133865586694953,0.02228260670692661,-0.40514254884143575,-0.3995278906232579,0.009681299224055584,-0.01737892344672154,-0.014681177699056747,-0.10803587337565335,-0.01737892344672154,-0.1241129290292843,0.1352754637127164,0.8689543500195149,1.0351107380145954,0.006571659656434758,-0.050564749873098,0.050564749873098,0.08003867745706339,2330067606.5760055,0.9385410435226591,0.007936507936507936,0.0,0.0,0.013114769143354525,0.7369010418193437,0.008877605381681808,-0.0027163126359580625,-0.009322800698614464,0.8737578382994868,-0.23175517089628872,-0.012062747429697818,0.025701535248561398,-0.002737941960110901,-0.0004151596360743026,0.1400250850789365,0.8394796016571343,0.006427307381768526,0.0006644796422741184,-0.050564749873098,0.050564749873098,0.029282251692933414,0.6031746031746031,0.8888888888888888,2186864082.954189,21.50573442945522,0.015873015873015872,0.0,0.0,0.012778922981685491,-0.0062343216070972485,-0.005459659292422758,0.0802960951250017,0.009438661661281378,0.6666666666666666,0.010240436161022382,-0.014681177699056747,0.05460715533252669,-0.003822213069502922,0.009438661661281378,-0.008218002646960265,0.11754820264407195,0.0054029720171573,-0.03299344805547599,0.03299344805547599,0.009438661661281378,2348788098.038592,-0.0006700146629526893,0.011759096782715786,0.002676981382553345,0.0132608747307843,0.09065694992893181,0.12496745860945802,0.1971671639949104,1.0,3.0,1.0,1.0,0.0,63.0,126.0,0.35754716981132073,,,,,,,,0,0,0,0,0,0
2026-10-31,BRO,59.90999984741211,-0.4385831388330844,-0.241415974838174,1.0075066751254715,1.0348526438573387,-0.16278587138616973,-0.07644957582670309,0.0012422890070682424,-0.06517543406665871,0.06628998819866072,0.1738384110074227,-0.3208740850677282,-0.06209647203565116,-0.12372516960238977,-0.14827796306737373,0.003695803978230339,-0.36963855210843943,0.36963855210843943,0.00561665931068811,-0.08092042885274597,-0.21605791311143896,0.7322275994925528,0.06753227720572896,0.06573349855357198,0.14044447954915396,-0.07894002175541259,-0.13825712697033998,-0.06393314505959047,0.0016138070510689124,-0.06393314505959047,0.06753227720572896,0.09742790697508075,0.26699175547958975,0.24639530337613014,-0.012937545057133626,-0.1470356740603055,0.02751517272625259,-0.2376926239892373,-0.1470356740603055,-0.4609898694912013,0.336134982911915,0.8294423968490259,0.9488938275919412,0.01661865490907332,-0.19796064549445713,0.19796064549445713,0.1042421897862158,172777670.68377602,0.9044519102455505,0.15079365079365079,0.023809523809523808,0.007936507936507936,0.028025854567447474,0.9708210550644248,-0.013253552147875824,-0.060453866961107106,-0.12667376170609135,0.8416319987846398,0.14157808914120062,-0.1561590263129018,0.10800085544545161,-0.16987666111385147,-0.10551938377570746,0.3189564105228388,0.8741150724459305,0.015497334440146953,-0.15644694024322636,-0.19796064549445713,0.19796064549445713,0.0,0.7301587301587301,0.0,156269094.29771787,18.867090049019158,0.14285714285714285,0.015873015873015872,0.015873015873015872,0.0266264475698169,-0.10600770304264684,-0.1594082370533375,-0.05830672967982647,-0.01625618478919255,0.5,0.005145979352123631,-0.1561590263129018,0.14044447954915396,-0.02951705951997685,-0.01625618478919255,-0.06626976383434846,0.27880460589126516,0.015534856702102074,-0.1743384528226658,0.1743384528226658,0.0,148171108.21849278,-0.022691322069415265,0.02774401120862612,-0.012754606556197534,0.0132608747307843,0.09065694992893181,0.12496745860945802,0.1971671639949104,1.0,3.0,1.0,1.0,0.0,63.0,126.0,0.4202830188679246,,,,,,,,0,0,0,0,0,0
2026-10-31,BSX,42.59999847412109,-0.7742124582977405,-0.5770452943028301,0.9419068046918686,0.9825709589093161,-0.5445311768404437,-0.32111556216540105,-0.26054507858369,0.2586706214496072,0.1423500312466225,-0.18885611791089407,0.10047603854918996,-0.16143029228486927,-0.38551253719314804,0.17216499922198591,-0.6462168150809845,-0.5942084481624519,0.5942084481624519,-0.06433334743191133,-0.020864652603534206,-0.10740071231228343,0.8879239446548332,-0.11819504733706754,0.12955340050998987,-0.11653903763347595,-0.09859205452396846,0.010315887587984518,-0.001874457134082852,-0.1268715276849468,-0.26054507858369,-0.001874457134082852,0.09489220262656395,0.018617050881040154,-0.005885835135207462,0.002403552944627574,-0.08838007936170411,0.03359725465875929,-0.17903702929063592,-0.08838007936170411,-0.2546758473533812,0.40318523520784316,0.8947464258930201,0.8607202243180615,0.0179632763514255,-0.3514995145247687,0.3514995145247687,0.0,997941894.5088009,0.9159923090282209,0.16666666666666666,0.015873015873015872,0.03968253968253968,0.03080585935581485,0.712465621263269,-0.020188484630715653,-0.06318007117847535,-0.09122716853249702,0.6945661356703664,-0.0047906470908102294,-0.09627324605863974,0.0974564868464386,-0.11801244002020306,-0.11193481857817245,0.34702968608982515,1.0395322435950858,0.016465540385115537,-0.09423964189033462,-0.1809267477618084,0.1809267477618084,0.0,0.49206349206349204,0.0,914107100.2271137,20.633458301139015,0.19047619047619047,0.0,0.031746031746031744,0.031137249886009313,-0.06407226202034955,-0.087257606175141,-0.06668093887815026,-0.02405505189124224,0.3333333333333333,-0.044968028430483996,-0.16143029228486927,0.09489220262656395,-0.03731592662202654,-0.02405505189124224,-0.034965535270404025,0.3607485481750543,0.016169958700506172,-0.10878662857608934,0.10878662857608934,0.0,939623513.6537642,-0.03034168696727646,0.026576121800550485,-0.02055459982989205,0.0132608747307843,0.09065694992893181,0.12496745860945802,0.1971671639949104,1.0,3.0,1.0,1.0,0.0,63.0,126.0,0.6875471698113208,,,,,,,,0,0,0,0,0,0
2026-10-31,BX,111.75,-0.4041834366428356,-0.20701627264792521,1.0292941568180278,1.0740343782138453,-0.19070213058677465,-0.009166194383498971,-0.09272197727731657,0.05209947850541552,0.05784075789049037,0.02670584271027021,-0.14302720275271874,-0.059931232354365815,-0.21768943588677458,-0.02359938276513196,-0.24548080025307772,-0.30968745266480147,0.30968745266480147,0.0011710653268832694,0.16670409767451355,0.03099149026591652,0.834109008754589,-0.0348812193868262,0.031866573978753095,0.005984379848105181,-0.11015747203173376,-0.20567752428702712,-0.04062249877190105,-0.056075231812014605,-0.09272197727731657,-0.0348812193868262,0.08566333715408558,-0.000716971233715169,-0.0037480407439024477,0.009937275943711299,-0.11632136004244853,0.13269023035088523,-0.20697830997138034,-0.11632136004244853,-0.33049589697400245,0.37771580173164304,0.7356266396143417,0.9318118845934268,0.01840105008532126,-0.25160732307387945,0.25160732307387945,0.023666578398436888,615740395.9437718,0.9141766392986743,0.1746031746031746,0.031746031746031744,0.015873015873015872,0.03139337971254051,0.9677850947140232,-0.002276964379946733,-0.06800558522198574,-0.15524531954721255,0.8564848108414602,0.1608420967097557,-0.21746724351221858,0.12275932061627944,-0.21984085650336616,-0.1375881700835242,0.35196007305227944,0.7894583142554726,0.017586647088956596,-0.17476531511874827,-0.25160732307387945,0.25160732307387945,0.0,0.5555555555555556,0.0,562895485.8443124,20.14860453271569,0.1746031746031746,0.015873015873015872,0.0,0.029878032405347116,-0.1328111650726691,-0.1965279551757475,-0.01091653426333613,-0.003033244259065926,0.5,-0.009348962128762387,-0.21746724351221858,0.13269023035088523,-0.016294118989850226,-0.003033244259065926,-0.08845456693936338,0.27785780595708554,0.016125365106273343,-0.1883352270132892,0.1883352270132892,0.0,537052233.7694803,-0.04483913282353669,0.03227869303853567,-0.010431410892260629,0.0132608747307843,0.09065694992893181,0.12496745860945802,0.1971671639949104,1.0,3.0,1.0,1.0,0.0,63.0,126.0,0.6665094339622641,,,,,,,,0,0,0,0,0,0
2026-10-31,BXP,60.45000076293945,-0.3083632982327108,-0.11119613423780039,1.0058123580873288,1.034263066923926,-0.03147459056366142,0.19052888762973796,0.05693554286635094,-0.13484878297041492,-0.02729965203659579,0.21210324410663883,-0.34011849527829263,0.026513889307603566,-0.06803191574310707,-0.18495079403800474,0.21783625070188303,-0.16315380007986857,0.16315380007986857,0.020986857879952137,-0.4718966363190318,-0.5395019210652462,0.3879935168746255,0.02963589082975515,0.07129315165163837,0.1166366719612768,-0.06529441144030868,-0.1230153517955902,-0.07791324010406397,0.0028860645306807062,-0.07791324010406397,0.05693554286635094,0.05745743963401906,-0.20883698137863438,-0.2173816952773896,-0.02375787346460667,-0.1280152511716538,-0.030376552506654053,-0.2186722011005856,-0.1280152511716538,-0.49126567800224175,0.26136854028152245,0.8511654476491607,0.9969926963506238,0.013131929547291744,-0.16207241203100897,0.16207241203100897,0.19513440638418444,93223968.40323493,0.9636770386724881,0.07142857142857142,0.0,0.0,0.024530775888206575,0.6956136676440668,-0.009148586819224369,-0.053597815814311445,-0.08505393152304352,0.8085626049640271,-0.17275832621690868,-0.09087885838008247,0.07228217548513843,-0.10069754286307087,-0.07216312097318311,0.2605825257165017,0.8537328816597686,0.013331078536298105,-0.09402750474355415,-0.16207241203100897,0.16207241203100897,0.003486040481763819,0.7301587301587301,0.015873015873015872,89837797.80412704,18.31351636680453,0.06349206349206349,0.0,0.0,0.024217656486545135,-0.06406969131933615,-0.09786230355124126,-0.04854720699105751,-0.010800193762398824,0.5,0.011425399375627346,-0.09087885838008247,0.1166366719612768,-0.024061068493183124,-0.010800193762398824,-0.037196919767498504,0.22246787059012973,0.011620830265183547,-0.10386090796472447,0.10386090796472447,0.003486040481763819,88002042.07473028,-0.020913093494249857,0.021900082905499756,-0.007492935562344982,0.0132608747307843,0.09065694992893181,0.12496745860945802,0.1971671639949104,1.0,3.0,1.0,1.0,0.0,63.0,126.0,0.15481132075471699,,,,,,,,0,0,0,0,0,0
2026-10-31,C,128.5,0.09907297620395616,0.2962401401988666,0.8225038086643475,0.8355509446173994,0.12730667724359113,0.14420473135589007,0.013941769158486883,-0.0911543985412846,0.01189879387992665,0.039822919081583974,-0.06471287817765414,-0.011599067446391276,-0.11102568945097113,-0.03883172825455705,0.05172826203437747,-0.11338416398575879,0.11338416398575879,0.009875596606296444,-0.20759195827129906,-0.22731496201732349,0.6320648183314344,0.025840563038413533,0.05637769378253471,0.11167598918511934,-0.038715341429452765,0.008100374380042519,-0.07721262938279772,-0.012476765728632433,-0.07721262938279772,0.025840563038413533,-0.05365822121801178,-0.2232960169811513,-0.22917465932002468,-0.009744312467432903,-0.02488995909607017,-0.0012141725875817189,-0.11554690902500198,-0.02488995909607017,-0.09114119910741908,0.2695193808990043,0.856297411929164,1.0132566073112321,0.012960262733394432,-0.11338416398575879,0.11338416398575879,0.10786536793965507,1483995580.3094652,0.9261757616142305,0.07142857142857142,0.007936507936507936,0.007936507936507936,0.023871108281943474,0.6170030508318853,0.012729607518587871,-0.0021723249846811177,-0.0399823754060088,1.0277232979765174,-0.08534093913489349,-0.01625892318065425,0.05609317199422981,-0.023704567945087796,-0.006010927609499506,0.27309229349434877,0.8450943282782301,0.01280671248137126,-0.008316122683189375,-0.08265267007394983,0.08265267007394983,0.01591541823180953,0.9365079365079365,0.7301587301587301,1374440736.825271,21.041312749198294,0.07936507936507936,0.0,0.015873015873015872,0.02401434208914937,-0.03737385823560002,-0.025584230378129957,-0.03279494252595183,-0.007568703737071747,0.16666666666666666,0.003562816835901428,-0.05365822121801178,0.11167598918511934,-0.020829578467856047,-0.007568703737071747,-0.03827083494891992,0.23078874832856794,0.011339678201825052,-0.07434092191132091,0.07434092191132091,0.011811023622047223,1324547954.3821788,-0.02126557460308609,0.027137289847712697,-0.007093288976598333,0.0132608747307843,0.09065694992893181,0.12496745860945802,0.1971671639949104,1.0,3.0,1.0,1.0,0.0,63.0,126.0,0.5141509433962265,,,,,,,,0,0,0,0,0,0
2026-10-31,CAH,228.3000030517578,0.010872742203142938,0.20803990619805335,0.9632508334863029,0.9747376961604902,0.06982840122534384,0.08790276004117525,0.18897142660973465,-0.2236202994837112,-0.023682707874668862,0.19520289297192694,-0.200416623961732,0.020323467904483472,0.06400396800027663,-0.1941851575995397,0.75683934826996,-0.07955960952610619,0.07955960952610619,0.028390379708640667,0.07003107377143514,0.06445221960205871,0.891520085934353,0.1652887187350658,0.12284268363228217,0.20711385317825504,0.017657526119413625,-0.03917743620773595,-0.034648872873976555,0.10653709082360796,-0.034648872873976555,0.18897142660973465,-0.02958941312434804,-0.043860551213492416,-0.016655950708912237,-0.0039460594833206075,-0.005213730989805043,0.019953877203789716,-0.09587068091873685,-0.005213730989805043,-0.022242026390284584,0.2496849919889864,0.8976263466447213,0.9388189105620786,0.012109997740817575,-0.07955960952610619,0.07955960952610619,0.2565962220820206,456418416.1280193,0.9998987504724206,0.047619047619047616,0.0,0.0,0.02348737944786865,0.928604720844292,0.02546434600298253,-0.008508814949213517,-0.016592034624928975,1.029513662487012,0.01840188400240983,-0.051657985122549266,0.09137799217774992,-0.024675241455615504,-0.0265722255253954,0.2344089921628015,0.9561229929926583,0.011755252961344097,-0.04998069098312152,-0.07955960952610619,0.07955960952610619,0.039100365389834746,0.31746031746031744,0.07936507936507936,456372203.9790078,19.93881927352583,0.015873015873015872,0.0,0.0,0.02288019588369081,-0.014236652613702216,-0.05296643508861887,0.12695011129427808,0.02845254480306947,0.6666666666666666,0.032432724140450064,-0.051657985122549266,0.20711385317825504,0.015191670072285168,0.02845254480306947,-0.002506875109220541,0.22412382717109036,0.010396987239754431,-0.07955960952610619,0.07955960952610619,0.039100365389834746,427367064.4681658,0.022453129267341554,0.024392308992537096,0.0159817322141782,0.0132608747307843,0.09065694992893181,0.12496745860945802,0.1971671639949104,1.0,3.0,1.0,1.0,0.0,63.0,126.0,0.325566037735849,,,,,,,,0,0,0,0,0,0
2026-10-31,CARR,55.119998931884766,-0.25997801855303393,-0.06281085455812352,0.9202541468541994,0.9443686625201883,-0.0682234905246818,-0.014113925855714471,-0.1735112608655066,-0.07232085548240552,0.039617613481056746,-0.07319900052897554,-0.03503595000925719,-0.04574220401618778,-0.2984787194749646,0.06527631032727388,-0.4415262703454059,-0.27212881729484406,0.27212881729484406,-0.0225929984301102,-0.3341606732622976,-0.40622775985816295,0.7926434114279418,-0.13389364738444987,0.05675984829308685,0.14842645966491697,-0.1355138187549887,-0.023235119969020945,-0.24583211634791213,-0.18441234153262287,-0.24583211634791213,-0.13389364738444987,-0.15429755392715538,-0.11409261961446893,-0.10989403358873973,-0.0884968995278953,-0.10823495053823273,-0.05808121780982811,-0.19889190046716454,-0.10823495053823273,-0.34649736337009707,0.39298060504931853,0.6288316781691269,0.7948706692403187,0.017387097126469218,-0.27212881729484406,0.27212881729484406,0.0230140653152906,411867344.7653089,0.9629504519831981,0.14285714285714285,0.03968253968253968,0.023809523809523808,0.030453890452011533,0.8184075601634629,0.0075684355529966885,-0.08551383674303692,-0.07348266026393058,0.7947472903304631,-0.018269399889929705,-0.057712135690521804,0.10024666267503139,-0.05324634530780448,-0.08127438872189996,0.3123687565340172,0.7911119412295333,0.014229575635367017,-0.060771906765670125,-0.20702104750176165,0.20702104750176165,0.0230140653152906,0.9047619047619048,0.15873015873015872,396607845.7988739,19.798458559025384,0.06349206349206349,0.0,0.031746031746031744,0.028120129296835612,-0.030845801327964772,-0.04895418726864098,0.019178260241572744,0.004739305844705832,0.3333333333333333,-0.027111224322345046,-0.15429755392715538,0.14842645966491697,-0.008521568886078468,0.004739305844705832,-0.014720220215775015,0.24711865336108182,0.012717618306741743,-0.07687154953886943,0.07687154953886943,0.0230140653152906,399883186.77617025,-0.002659824217737805,0.028988704100233104,-0.0030747191216126124,0.0132608747307843,0.09065694992893181,0.12496745860945802,0.1971671639949104,1.0,3.0,1.0,1.0,0.0,63.0,126.0,0.6162264150943396,,,,,,,,0,0,0,0,0,0
2026-10-31,CASY,617.760009765625,0.009461018626731654,0.20662818262164206,0.8761892839258888,0.9119769452626718,0.020036551029239735,-0.15003962441912244,-0.2475191404806939,0.025363915821027594,0.05339973799949338,0.060947323038885504,-0.351693580483633,-0.06626259294975478,-0.3724865990901519,-0.04322711696405357,-0.5275718384934746,-0.3252900473919116,0.3252900473919116,-0.04453930326844757,1.7819926873857406,0.9731387252896813,0.8655122273628554,-0.19411940248120052,0.02671100762299214,0.03604295235665633,-0.2128708069977857,-0.24495654516076115,-0.2221552246596663,-0.22126458920718692,-0.2475191404806939,-0.19411940248120052,0.09670873577341421,0.0004930966469427478,0.015785101461984308,-0.09955561318351203,-0.29074625744474747,-0.13638344205205943,-0.3814032073736793,-0.29074625744474747,-0.6564230260531548,0.46916670379432207,1.2229909749373533,0.9440677086369865,0.017872244404798013,-0.3252900473919116,0.3252900473919116,0.05630694682814541,441033760.6699141,0.7889907977608904,0.1111111111111111,0.023809523809523808,0.023809523809523808,0.03168638967764813,1.0252940681058926,0.0106334892627028,-0.19006960556006391,-0.17125365581856733,0.6328445045215546,0.1155843362453417,-0.19110354262898333,0.1098494544429058,-0.17873999053407807,-0.24473970169852166,0.4429251350198734,1.2954483706503073,0.01869697570104509,-0.2424196522762221,-0.2936609620351962,0.2936609620351962,0.05630694682814541,0.7936507936507936,0.12698412698412698,347971578.67044115,19.667631366790093,0.14285714285714285,0.015873015873015872,0.047619047619047616,0.032069672858627135,-0.08493645790872828,-0.1950911898132094,0.02663789448930714,0.015284468095073445,0.5,-0.04095223690094226,-0.19110354262898333,0.09670873577341421,0.0020235933642891446,0.015284468095073445,-0.0020878612332073665,0.5737866444815624,0.02019806649652272,-0.18546448711016372,0.18546448711016372,0.05630694682814541,494835070.2892485,0.026750768271579517,0.028899327110391212,0.012104094512833896,0.0132608747307843,0.09065694992893181,0.12496745860945802,0.1971671639949104,1.0,3.0,1.0,1.0,0.0,63.0,126.0,0.5743396226415094,,,,,,,,0,0,0,0,0,0
2026-10-31,CAT,845.4199829101562,0.27632184171900565,0.47348900571391606,0.9652697658824879,0.97131159274901,0.290922630073305,0.19781051375401026,-0.04844531241520145,-0.15618585186279865,0.015470480943796217,-0.08289809994917752,0.12046512225287875,-0.015998012717017285,-0.17341277102465946,0.08601233471890268,-0.1158915220332994,-0.2046311642780001,0.2046311642780001,-0.006745184465135168,-0.015761676844363803,0.02121322619378163,0.8367574885767474,-0.03297483147140523,0.09495547438611154,0.21581978711898242,-0.0330838286458216,0.1227395997441818,-0.2046311642780001,-0.09535043605486893,-0.2046311642780001,-0.03297483147140523,-0.23342895579309253,0.2171650168384529,0.2691518834976294,-0.06514737683190441,0.037567022303701236,-0.021281067865421943,-0.05308992762523057,0.037567022303701236,0.11070320304986316,0.4180229197549199,0.613195558637879,0.8117952233366496,0.019597443404684927,-0.2046311642780001,0.2046311642780001,0.17658599675752873,2463119286.821202,0.9151714708180027,0.23015873015873015,0.03968253968253968,0.031746031746031744,0.03041775267423405,0.7811123663572213,0.051824992940708525,-0.03021532399620519,0.026682402938421834,0.633972707643435,-0.03511042795890296,0.016702832474650542,0.1441359882029457,0.060127671220966405,-0.020130772796847718,0.3393490095022835,0.755357436223283,0.016253075435158852,0.014716939502047888,-0.11068935604891073,0.11068935604891073,0.0850403152746837,0.9365079365079365,0.3492063492063492,2254176500.520349,21.536050555407897,0.12698412698412698,0.015873015873015872,0.015873015873015872,0.030502660146425834,0.044402295118846746,0.03587161358242619,0.16662688902849315,0.042711436773142486,0.5,0.0007543366652072817,-0.23342895579309253,0.21581978711898242,0.029450562042358186,0.042711436773142486,0.042063648733840164,0.2563297978025554,0.013232800344022437,0.0,-0.0,0.08010529251056053,1887267437.7110074,0.0319425693742208,0.024519519366054662,0.023721577574218777,0.0132608747307843,0.09065694992893181,0.12496745860945802,0.1971671639949104,1.0,3.0,1.0,1.0,0.0,63.0,126.0,0.8082075471698114,,,,,,,,0,0,0,0,0,0
2026-10-31,CB,330.8900146484375,0.008537742101121903,0.20570490609603231,0.9240870085613432,0.9385877784099078,0.07865334418625114,0.021462037540265655,0.018119584733263583,-0.04409368887384679,0.04987230835766088,0.07576192503087187,-0.12934472895466198,-0.0466972724046838,-0.10684787387619443,-0.0717023886570537,0.08765292556920955,-0.08696121544443447,0.08696121544443447,0.007838897203617412,0.4580948187289007,0.37996600995465557,0.9628111910935432,0.06799189309092446,0.047012603230653156,0.09647176489963671,-0.018662206685076566,-0.05169303597873032,-0.02597410414058321,0.020045791227868277,-0.02597410414058321,0.06799189309092446,0.029171806997665417,0.3893706293706294,0.41346308348825933,-0.012467115351906921,-0.05358280392379011,-0.03444733519231136,-0.14423975385272192,-0.05358280392379011,-0.25895546288001314,0.2067196800973472,0.8295030639958763,1.0009641757887933,0.009852359872511896,-0.08696121544443447,0.08696121544443447,0.07471467676946597,573273721.2556143,1.0570523550067634,0.03968253968253968,0.0,0.0,0.01769927117423871,0.9945769160172871,0.015562730489030452,-0.024571110138775554,-0.03273828653375166,0.7130208752030545,0.12248587570621461,-0.036525334101620954,0.05486901380316753,-0.019818151229783032,-0.0182956700617789,0.20691899420796414,0.8287040476170889,0.00957958871514519,-0.021740367841199704,-0.08696121544443447,0.08696121544443447,0.017340552339546456,0.746031746031746,0.031746031746031744,605980337.116738,20.222358098155308,0.031746031746031744,0.0,0.0,0.01631933822705194,-0.020113500660985828,-0.02307560268865505,0.10112606489594143,0.017340552339546456,0.5,0.004219030423038746,-0.0466972724046838,0.09647176489963671,0.004079677608762156,0.017340552339546456,-0.015766386202339833,0.17147460802899686,0.0073278188702563425,-0.04697889714651915,0.04697889714651915,0.017340552339546456,563005693.1121826,-0.005541910212168877,0.013880304293797215,0.002156466600166773,0.0132608747307843,0.09065694992893181,0.12496745860945802,0.1971671639949104,1.0,3.0,1.0,1.0,0.0,63.0,126.0,0.3211320754716981,,,,,,,,0,0,0,0,0,0
2026-10-31,CBOE,271.260009765625,-0.08473936155984974,0.11242780243506068,1.1326516547182703,1.141400257431724,0.03092407579662315,-0.030192971855607098,-0.09166030612944598,0.212579826935975,-0.09285363428936477,0.035956613386671554,-0.15914412709819836,0.11386293266257885,-0.216627764738904,-0.03152720758208083,-0.21021926366896082,-0.25665756456354893,0.25665756456354893,-0.027003938698016094,-0.32111497436501857,-0.40474513276897806,1.3738466393965085,-0.18451394041881075,0.1565788296976762,-0.27248473735703427,-0.06194814518802971,0.018644943152267945,0.12091952080652901,-0.051751575247242575,-0.18451394041881075,0.12091952080652901,0.27840278090855586,-0.49650349650349646,-0.5038742336588191,0.020619407848819993,-0.12318751371152681,-0.029642742715726755,-0.21384446364045862,-0.12318751371152681,-0.3229186716482857,0.4360223917147121,0.8393926644322242,0.8749127385855525,0.020472759788154514,-0.25665756456354893,0.25665756456354893,0.1749537630312974,354204860.8723837,0.8748489801421503,0.23015873015873015,0.023809523809523808,0.023809523809523808,0.036810278830685286,0.5794088554327963,-0.012872092216251518,-0.03638093366050721,-0.05571845792001617,0.9442976977528361,-0.3773085169636583,-0.08297802348165906,0.18584393105517527,-0.09640240261365463,-0.07394947685413067,0.3814815448197413,0.9594015807670686,0.019228864689367173,-0.12247608661416765,-0.1335769434417492,0.1335769434417492,0.07107326719263263,0.3968253968253968,0.06349206349206349,309875761.29559714,19.551682008326598,0.23809523809523808,0.031746031746031744,0.0,0.0365451262563083,-0.04687649833399532,-0.12190676084282948,-0.03999820509603941,-0.014639102961265915,0.3333333333333333,-0.0012464821574252143,-0.27248473735703427,0.27840278090855586,-0.027899977692050215,-0.014639102961265915,-0.01153136471992322,0.3659939971335231,0.017898953014726052,-0.0912562486913735,0.0912562486913735,0.07107326719263263,315259426.08315605,0.015392255227242524,0.04006698045802755,0.013109268623196613,0.0132608747307843,0.09065694992893181,0.12496745860945802,0.1971671639949104,1.0,3.0,1.0,1.0,0.0,63.0,126.0,0.6031132075471698,,,,,,,,0,0,0,0,0,0
2026-10-31,CBRE,129.5800018310547,-0.34707198550420826,-0.14990482150929785,1.1939308955988535,1.2243793886461833,-0.23924146986400385,-0.04340768190889632,-0.09213195747295289,0.05419298265873418,0.1284403458469614,0.02858545472700147,-0.14594800505782857,-0.12394027423486087,-0.2170994160824109,-0.025230592857874212,-0.28701966176040267,-0.24491578946338877,0.24491578946338877,-0.013013539426589782,0.039480150712608575,-0.08251589079329569,0.9331503653641634,0.036308388374008516,0.06448058202686739,0.07717531554080925,-0.06917538605485996,-0.1466468487051823,-0.03793897481421871,-0.031254181304387695,-0.09213195747295289,0.036308388374008516,0.08998437075877264,-0.2702599095300161,-0.26395484268076674,-0.0015531778958464137,-0.1173625503308271,-0.006811525213743619,-0.2080195002597589,-0.1173625503308271,-0.3400856015483591,0.32099528271990824,0.9993597412028298,1.0750846049792813,0.015779896099380103,-0.1643774056182884,0.1643774056182884,0.039634166123211134,278119569.55148,0.895708662009587,0.14285714285714285,0.015873015873015872,0.007936507936507936,0.029075334816362222,0.6705886497340332,0.007158061249270431,-0.046185251027332175,-0.10011638571958925,0.920095617626064,-0.16018882075263596,-0.11892186151997253,0.09248600897397441,-0.11130921061168686,-0.07710390378524434,0.34509708672314526,0.9295638097450843,0.017085880887352373,-0.09861652512010533,-0.1643774056182884,0.1643774056182884,0.008640154120063137,0.49206349206349204,0.031746031746031744,249114107.52163842,19.333421616611833,0.1746031746031746,0.031746031746031744,0.0,0.029249624573349002,-0.08173966687452461,-0.11035503232399257,0.026934008268372035,0.008640154120063137,0.5,-0.012312303424821999,-0.12394027423486087,0.08998437075877264,-0.004620720610721163,0.008640154120063137,-0.05698274321022767,0.32078976266629666,0.015804301461573834,-0.12881540241028122,0.12881540241028122,0.008640154120063137,280346487.1549334,-0.034080744644182315,0.030979197018559234,-0.002877933891825779,0.0132608747307843,0.09065694992893181,0.12496745860945802,0.1971671639949104,1.0,3.0,1.0,1.0,0.0,63.0,126.0,0.4423584905660377,,,,,,,,0,0,0,0,0,0
2026-10-31,CCI,66.44000244140625,-0.4228224417624378,-0.22565527776752736,0.9115477746015376,0.9359238868802584,-0.2046428766487467,-0.161325626533795,-0.231892175189914,0.121976143389257,-0.02283330105480419,-0.1305436594410303,0.01397827136906904,0.030637436712249277,-0.356859633799372,0.11532678711795274,-0.7588957530562506,-0.2934016518244694,0.2934016518244694,-0.03654383876371148,-0.40878229961260437,-0.4776978202932737,0.90089798492846,-0.2547254762447182,0.07785597214662207,-0.16269189157177322,-0.15045774645297338,0.027348920115471853,-0.10991603180065701,-0.19884456107842974,-0.2547254762447182,-0.10991603180065701,0.007526710162274908,-0.23424891371818746,-0.2366616222458937,-0.03129018108700887,-0.11656538807196126,-0.0020969898644306317,-0.20722233800089307,-0.11656538807196126,-0.41786038153712907,0.3055652561712594,0.7809253618423588,0.9129236237763688,0.014708698176410809,-0.2783086194247022,0.2783086194247022,0.00483968060392681,295741830.5053529,0.8975821260122648,0.14285714285714285,0.007936507936507936,0.0,0.027927730174553144,0.649732268258427,-0.002668493942736827,-0.02711496191029439,-0.09136646641990231,0.7737436972702244,-0.181757883391217,-0.11191077334968558,0.07780350241898916,-0.11470894169562595,-0.04083206735636746,0.2789577409640206,0.8554114950076651,0.012939412291923547,-0.08319649721886169,-0.15573563325033613,0.15573563325033613,0.00483968060392681,0.9206349206349206,0.015873015873015872,265452580.97575355,19.396946783734194,0.1111111111111111,0.0,0.0,0.027192742260488054,-0.08179870544982026,-0.10647116261851264,-0.01320394596101259,-0.003150773888446423,0.3333333333333333,-0.04028104696663528,-0.16269189157177322,0.030637436712249277,-0.016411648619230723,-0.003150773888446423,-0.0656212663687501,0.23862365824199383,0.011837046187980744,-0.12754259409593094,0.12754259409593094,0.00483968060392681,254670793.65328833,-0.02960547594113172,0.02700610023450528,-0.0035394824479532128,0.0132608747307843,0.09065694992893181,0.12496745860945802,0.1971671639949104,1.0,3.0,1.0,1.0,0.0,63.0,126.0,0.4083962264150943,,,,,,,,0,0,0,0,0,0
2026-10-31,CCL,25.76000022888184,-0.2892949888487302,-0.09212782485381976,1.024849883180871,1.0738377413918594,-0.12811613068491534,0.0067049014483619995,-0.017219039507831435,-0.07641351135414876,-0.05994002276480059,0.055463471584935586,-0.12432659480001318,0.06495162959763334,-0.14218649811728945,-0.05164408370724616,-0.03480683593791238,-0.22995140463580266,0.22995140463580266,-0.029617815663633418,0.5874987699058183,0.47817864651000974,1.266775425060341,-0.07715906227263203,0.04021443951455501,0.018175287081431346,-0.016275553573243284,-0.0272357276585401,-0.09363255086198019,-0.06267021754748121,-0.09363255086198019,-0.017219039507831435,-0.026601274489769677,-0.23871784408597674,-0.20087091365263365,-0.06336963733443335,-0.06886312321507759,-0.1364573283997781,-0.1595200731440094,-0.06886312321507759,-0.15812868747762213,0.49470280891220203,1.0790847902383667,0.880301969178052,0.0226339430919959,-0.16197679933820175,0.16197679933820175,0.18219362765265013,634368876.3676991,0.8384928970711397,0.24603174603174602,0.047619047619047616,0.023809523809523808,0.03474989561366136,0.9865109946275401,0.041334309730449714,-0.12307900434894115,0.020552519805751457,0.9441752745982506,-0.13154002949313814,0.027208101401649643,0.07360381916013918,0.07827546617869197,-0.13142845911869327,0.435487856843325,1.2258120826946695,0.01923962356917717,-0.06446950199594759,-0.12723571524858368,0.12723571524858368,0.18219362765265013,0.6507936507936508,0.09523809523809523,531913796.95731574,20.091992000262184,0.19047619047619047,0.015873015873015872,0.0,0.030237348825280088,0.09472611524141383,0.017002580655204103,0.09312902671299847,0.04971472159084378,0.6666666666666666,-0.0005014772029982758,-0.1364573283997781,0.06495162959763334,0.03645384686005948,0.04971472159084378,0.12314970530713287,0.5338262767853543,0.01945434093501583,0.0,-0.0,0.18219362765265013,612067625.4729953,0.10534220563765118,0.03729481101218384,0.05039961069057863,0.0132608747307843,0.09065694992893181,0.12496745860945802,0.1971671639949104,1.0,3.0,1.0,1.0,0.0,63.0,126.0,0.7435849056603774,,,,,,,,0,0,0,0,0,0
2026-10-31,CDNS,351.3500061035156,-0.1597878390344709,0.0373793249604395,1.1430268425525378,1.1461498164361512,0.18555143565255672,0.2644402500361329,0.06602145091599487,-0.1298869543608906,-0.1289131561220288,0.031645355719742696,0.0016762649376480532,0.1375648437199799,-0.05894600769346314,-0.03269983025860412,0.14708869807042024,-0.15619973163822343,0.15619973163822343,-0.01578603784216659,0.0044044427422442745,0.03787282656989932,0.9974707567929048,-0.06289170520603393,0.07471074333443245,0.0010402332596921582,0.016117046415605296,0.09376090797620884,-0.06386550344489572,-0.020245252578311595,-0.06386550344489572,0.06602145091599487,-0.09405312166066637,-0.29353133313129276,-0.24825776498090601,-0.07520617898794357,0.03332162065739075,-0.0036468157003709534,-0.05733532927154106,0.03332162065739075,0.07842754191136457,0.4488546828008935,0.9033982285593278,0.9465678551420836,0.020102703201004223,-0.15619973163822343,0.15619973163822343,0.32255515041848226,831724682.6851497,0.9331279109923255,0.20634920634920634,0.03968253968253968,0.03968253968253968,0.035564196063736404,0.8467872134323539,0.05482576238592973,-0.056799320304674605,0.10281148647970118,0.8770866189283872,-0.057050398513813216,-0.025355677338810945,0.07934386565037359,0.0371037468844424,-0.06969915174402941,0.4248714143693221,0.9543935214488392,0.019173507391807953,-0.007153049171117254,-0.0896489312324611,0.0896489312324611,0.28248655665886657,0.9523809523809523,0.20634920634920634,776105515.6747485,20.46979904400004,0.20634920634920634,0.031746031746031744,0.031746031746031744,0.0348564172037183,0.13054858041390038,0.02229673988904457,0.15803992830078734,0.06408432570839073,0.5,0.013272297998035754,-0.09405312166066637,0.1375648437199799,0.05082345097760643,0.06408432570839073,0.15756147152726907,0.4054945253228862,0.01983310803557515,0.0,-0.0,0.28248655665886657,840152280.4146903,0.08501301771119496,0.03356644422194718,0.043733725879180785,0.0132608747307843,0.09065694992893181,0.12496745860945802,0.1971671639949104,1.0,3.0,1.0,1.0,0.0,63.0,126.0,0.7477358490566037,,,,,,,,0,0,0,0,0,0
2026-10-31,CDW,133.2899932861328,-0.3437811866052167,-0.14661402261030632,1.0575551027177383,1.080602164617892,0.07129022553735331,0.11321139436551686,-0.015989881538618023,-0.03174382249931351,0.08356049618568429,0.08601570826244509,-0.17994214875957704,-0.07827163378162949,-0.14095734014807604,-0.07793655895851392,-0.028177772601772733,-0.14688172534478106,0.14688172534478106,0.024175073281141657,0.19548804601833547,0.08320010919896181,0.92587541614857,0.06757061464706626,0.059561050887691716,0.12108411184342782,-0.007701691331752136,-0.13328702084374122,-0.047733704037931535,0.0012823430235055684,-0.047733704037931535,0.06757061464706626,0.05098122108821368,0.2589682915286322,0.3093622841001684,0.026671739945446138,-0.09392644049713195,0.030404671967252606,-0.18458339042606375,-0.09392644049713195,-0.18708793290845774,0.5674643544256603,0.8828516554956201,0.8847152257341467,0.024245596349839995,-0.13403069859816819,0.13403069859816819,0.35670520708824016,251649212.5588069,0.9974857369210196,0.2777777777777778,0.07142857142857142,0.031746031746031744,0.04074778696923842,0.6297424405024935,0.0333289350639977,0.020983781607786245,-0.06214892693165763,0.8729186659824806,-0.13566260884633718,-0.15450585754081436,0.0997696277522048,-0.12066241142619338,0.020646150538617958,0.50204435442178,0.9978935931197744,0.023945604402421328,-0.04184816727474494,-0.13403069859816819,0.13403069859816819,0.04002800778274418,0.31746031746031744,0.031746031746031744,251016500.2348158,19.341029236906525,0.2857142857142857,0.06349206349206349,0.047619047619047616,0.042171281432299895,-0.07260988530092549,-0.1203008506068769,0.07989832108977209,0.04002800778274418,0.6666666666666666,0.0016200868931990724,-0.15450585754081436,0.12108411184342782,0.02676713305195988,0.04002800778274418,-0.06745217760788014,0.5009868447394475,0.02349785059275972,-0.13403069859816819,0.13403069859816819,0.04002800778274418,219942645.32100132,-0.02864727240014653,0.039232386693513636,0.013889671704366613,0.0132608747307843,0.09065694992893181,0.12496745860945802,0.1971671639949104,1.0,3.0,1.0,1.0,0.0,63.0,126.0,0.6500943396226415,,,,,,,,0,0,0,0,0,0
2026-10-31,CEG,257.489990234375,-0.5103517972451659,-0.3131846332502555,0.8869494704386772,0.9027004378331125,-0.07854989942325219,-0.07507076656340994,-0.17480358455497613,0.21311662944682552,0.07101836767721714,-0.15923890995540624,0.1407263089515416,-0.07924257556855141,-0.29977104316443415,0.15629098355111148,-0.4141295508227889,-0.3590063580244428,0.3590063580244428,-0.02465156524154355,0.9810556994818653,0.9443812057509255,1.1325266104662095,-0.10378521687775899,0.10851591457190053,-0.13685493259348336,-0.03743844245878236,0.0457398869621104,0.03831304489184939,-0.08009191884696192,-0.17480358455497613,0.03831304489184939,0.0578974788202431,-0.17438931126006563,-0.1631112329522605,0.023257473528130124,-0.018512601003864648,0.04735442955957936,-0.10916955093279646,-0.018512601003864648,-0.05128696397961399,0.42209879543171436,0.9557758043863281,0.8551579494424854,0.020557082971697588,-0.19980637766332654,0.19980637766332654,0.09042623893612323,872886001.1731466,0.8543459091659072,0.2222222222222222,0.023809523809523808,0.023809523809523808,0.03642343536844226,1.0933489552046152,0.011603364332241184,-0.0018811809287502257,-0.05102037012917504,0.9859894984551963,0.030036294245304296,-0.07551765320403492,0.07939985556655867,-0.06288895974893771,-0.025913532060956368,0.36096114036352794,1.1176599656349333,0.017108641106975606,-0.06171962769443584,-0.13897341332568647,0.13897341332568647,0.07582412138887551,0.2857142857142857,0.9841269841269841,745746584.2704651,20.429896402428724,0.1746031746031746,0.0,0.015873015873015872,0.03435114068302362,-0.0542143252765358,-0.07750591882764934,0.03386021052170826,0.013660286211916617,0.5,-0.028783827795721768,-0.13685493259348336,0.0578974788202431,0.00039941148113231684,0.013660286211916617,-0.04170425937353528,0.40343181573424697,0.018581739977476856,-0.13897341332568647,0.13897341332568647,0.013660286211916617,821351972.0791044,-0.013365130887393328,0.038872529156806425,-0.00616781640971209,0.0132608747307843,0.09065694992893181,0.12496745860945802,0.1971671639949104,2.0,7.0,2.0,1.0,1.0,63.0,126.0,0.7146226415094339,,,,,,,,0,0,0,0,0,0
2026-10-31,CELH,26.75,-0.7530363288080109,-0.5558691648131004,0.9862384861616087,1.0397729461159169,-0.49028200774904007,-0.24605410526693794,-0.20315757392978817,0.11675044867997797,0.007185215406955381,-0.12987788650542587,0.04566018155587881,-0.00893652784592669,-0.3281250325392462,0.11893986898024111,-0.32434645246217786,-0.5875732385403225,0.5875732385403225,-0.035981985953470574,0.6600944335829428,0.5202850903870693,1.2238509496479333,-0.1959723585228328,0.0654304146015602,-0.11992785440996545,-0.09528431966675577,-0.09566514576918594,-0.0864071252498102,-0.1618456859008104,-0.20315757392978817,-0.0864071252498102,-0.0023907650454659812,0.7984494575099406,0.7589953315315336,-0.02335706590994313,-0.08421770494954706,0.07668612628124083,-0.17487465487847886,-0.08421770494954706,-0.12202279784731704,0.6263597840752657,0.6941712166136861,1.1018908017630875,0.028220492680563716,-0.26470590394114424,0.26470590394114424,0.1253680893919802,277695800.9276632,0.9675232354434093,0.38095238095238093,0.06349206349206349,0.07142857142857142,0.04872982905808947,1.239188348864051,-0.016977939413669985,-0.010673203776798923,-0.08972116656351559,0.727062095167276,0.22761370455909358,-0.1303656687443121,0.0783489607488818,-0.14944358184175033,-0.08570454402679606,0.6901800846668489,0.629981859820386,0.02847517157477584,-0.15320461224826742,-0.24306734905203042,0.24306734905203042,0.1253680893919802,0.42857142857142855,0.6349206349206349,268677139.7825816,19.409020996585983,0.3492063492063492,0.06349206349206349,0.047619047619047616,0.046018339585418615,-0.10097128625018781,-0.13930880380697352,-0.05045494325764448,-0.02193785642051549,0.16666666666666666,-0.034478757697490814,-0.1303656687443121,0.07668612628124083,-0.03519873115129979,-0.02193785642051549,-0.049108645803279116,0.43480093334941294,0.021806229440594353,-0.15374883000666628,0.15374883000666628,0.004506227676123631,204140169.6398417,-0.0454269691433149,0.042242989839317,-0.02528785403525935,0.0132608747307843,0.09065694992893181,0.12496745860945802,0.1971671639949104,1.0,4.0,1.0,0.0,1.0,63.0,126.0,0.6825471698113208,,,,,,,,0,0,0,0,0,0
2026-10-31,CF,115.01000213623048,0.21224847408987046,0.4094156380847809,1.1317006147482933,1.1503841303194928,0.2516807643372818,-0.10601862971324794,-0.06542227753997831,0.13324582339402602,0.09437271143096926,0.012086293219735422,-0.08866925978984541,-0.09171745141706922,-0.19038973614943633,-0.011160689030131676,-0.15015877389016558,-0.17419402162700726,0.17419402162700726,0.00951972402067991,-0.19644905067323626,-0.25798736616290796,0.8078433987320319,0.028950433890990945,0.06852223112304175,-0.036404059560201874,-0.036365242238499795,-0.13823350304569948,0.0678235458540477,0.01045056740168678,-0.06542227753997831,0.0678235458540477,0.15638276877759338,-0.10844054856496532,-0.10991096240923637,0.03961866446710882,-0.07658296657010999,0.0440128119243417,-0.1672399164990418,-0.07658296657010999,-0.1950699081107686,0.4356873451020037,0.7480639562580255,0.9010874901477567,0.021456816030276438,-0.17419402162700726,0.17419402162700726,0.13147282879109423,338908050.4440005,0.9125961706607857,0.25396825396825395,0.023809523809523808,0.03968253968253968,0.03713772045666518,0.6558426550799666,-0.0013642191870693043,0.03296469413335501,-0.07425133635429892,0.9266640670371553,-0.21928605818832103,-0.11405061885931411,0.09881903459914508,-0.11551178023588393,0.014287574600096553,0.392592416287104,0.8301790496895711,0.01968341206231411,-0.09299020096004174,-0.17419402162700726,0.17419402162700726,0.013879870774057723,0.3333333333333333,0.9523809523809523,309286189.0413072,19.54977758758416,0.25396825396825395,0.031746031746031744,0.015873015873015872,0.03512261821388348,-0.09532361499359554,-0.12253200306635625,-0.005060292245810072,-0.0016492605646255543,0.3333333333333333,-0.007237634949879279,-0.11405061885931411,0.15638276877759338,-0.014910135295409854,-0.0016492605646255543,-0.08279634063960062,0.3259219990685605,0.017984351102957936,-0.1672579709799067,0.1672579709799067,0.004103380626387043,324107936.450268,-0.020007134541627947,0.03698437229337005,-0.001597288986580736,0.0132608747307843,0.09065694992893181,0.12496745860945802,0.1971671639949104,1.0,3.0,1.0,1.0,0.0,63.0,126.0,0.6087735849056604,,,,,,,,0,0,0,0,0,0
2026-10-31,CFG,64.33000183105469,0.0937980749110583,0.2909652389059687,0.9890413619239746,1.0128718379176476,0.04273412528175746,0.08743503833135824,-0.0046477290085482625,-0.07130956180994208,0.04460393962335463,0.10861168514528097,-0.21077497249957844,-0.04289020938389854,-0.12961518761800628,-0.09751555834574921,-0.019156970492540577,-0.13916768444670458,0.13916768444670458,0.010367243704935802,0.820701728791305,0.6346928548863326,0.9360456415089065,0.039956210614806364,0.05846723419998688,0.12544171419951966,-0.05582461849644316,-0.10845795426301197,-0.07595729081849034,-0.01354960307074408,-0.07595729081849034,0.039956210614806364,0.02918793157676136,0.11900652305485204,0.12901025050324622,-0.02017552939686318,-0.10216328735429747,-0.038799703001998975,-0.19282023728322928,-0.10216328735429747,-0.409454060316224,0.24261294395990302,0.9601950750965587,1.0284323023950377,0.01161686100755119,-0.13916768444670458,0.13916768444670458,0.07144911162428214,282983059.7648893,0.9761388524841169,0.047619047619047616,0.0,0.0,0.02142346721680683,0.9888248790875026,0.007627505471918261,-0.05141805314104975,-0.07808333765324837,0.9824330450591684,0.05250581562875545,-0.07419782519614371,0.07142541423100347,-0.06592131166645931,-0.06183951382934927,0.24951098854752132,0.9336492765352016,0.01127732286160722,-0.06977411990979177,-0.13916768444670458,0.13916768444670458,0.009890126539555233,0.5396825396825397,0.015873015873015872,276230759.2313433,19.436747162149445,0.06349206349206349,0.0,0.0,0.021281645504829607,-0.05324657807093891,-0.07562734604703947,0.03837565408754673,0.008939829431096058,0.5,0.0012802896042226435,-0.07419782519614371,0.12544171419951966,-0.004321045299688242,0.008939829431096058,-0.04020884996561458,0.23295575394497625,0.010328448426173621,-0.09176902205232107,0.09176902205232107,0.009890126539555233,270230620.213554,-0.007559374008771602,0.02331171674434764,0.003650791893673233,0.0132608747307843,0.09065694992893181,0.12496745860945802,0.1971671639949104,1.0,3.0,1.0,1.0,0.0,63.0,126.0,0.23603773584905657,,,,,,,,0,0,0,0,0,0
2026-10-31,CHD,94.30999755859376,-0.10774537081760216,0.08942179317730825,0.9232530700442341,0.9359112629368368,-0.010913129441285085,0.01699957563999166,-0.022188275150368808,-0.0013711365049576818,0.01139212985566107,0.021353748826719254,-0.06398542666322504,-0.011516463266365906,-0.14715573375982682,-0.02044340268613698,-0.09729616428070016,-0.09836221019202118,0.09836221019202118,0.002716125286569726,-0.1788106887467068,-0.21381936690683923,0.9356174481369383,-0.010796145294707737,0.007006682597772573,0.013071216531725494,-0.03107624744865045,-0.0760406800154918,-0.02355941165532649,-0.01884794403346768,-0.02355941165532649,-0.010796145294707737,0.01992155551802588,-0.0846967027435187,-0.08382243036244164,-0.007111633211864032,-0.04263167783650579,0.012895901703969148,-0.1332886277654376,-0.04263167783650579,-0.20643165585229212,0.22804881687170594,0.5698968871093738,0.9055830928657823,0.0112773143098541,-0.08724849658572875,0.08724849658572875,0.04614641953777099,185654779.95985729,0.9584352000277518,0.047619047619047616,0.0,0.0,0.02081215479056032,0.8680839212773859,0.0008710030202303543,-0.0321389723882185,-0.04108874157801423,0.6587700533057428,-0.049377695804348254,-0.0557225659111491,0.027940106441383734,-0.054820618236348095,-0.05542075296475868,0.20651715290706188,0.6293148487411513,0.009854285600172059,-0.05343231925282754,-0.08724849658572875,0.08724849658572875,0.003938632186201163,0.6507936507936508,0.25396825396825395,177938076.16693407,18.996946166647056,0.031746031746031744,0.0,0.0,0.019078114044207953,-0.02867327461601865,-0.057650956600510894,0.007349497116468404,0.0009551723277929636,0.6666666666666666,-0.0033991971826669207,-0.0557225659111491,0.01992155551802588,-0.012305702402991336,0.0009551723277929636,-0.01003509312434503,0.12996431084416085,0.00670878745507559,-0.04341209999266371,0.04341209999266371,0.003938632186201163,180350741.48301625,-0.009920759941041801,0.014874950595055112,-0.0035079801667664556,0.0132608747307843,0.09065694992893181,0.12496745860945802,0.1971671639949104,1.0,3.0,1.0,1.0,0.0,63.0,126.0,0.1612264150943396,,,,,,,,0,0,0,0,0,0
2026-10-31,CHRW,157.72000122070312,-0.15732896139143615,0.03983820260347426,0.8913207627820728,0.9329083875274468,-0.181911107449249,-0.04291713318609658,-0.12577545140008373,-0.03319083349402563,0.01546343040082876,-0.1846656927816922,0.25689403011552214,-0.01738073433137377,-0.25074291000954174,0.19800378873391367,-0.28382875968942667,-0.24362382785101722,0.24362382785101722,-0.029381327958161396,-0.6174472563746831,-0.5898161077601315,0.6561165536297412,-0.11031202099925497,0.024859560544987985,0.05785055107895243,-0.06075130681377583,0.05095164099942884,-0.15896628489410936,-0.1316845857644827,-0.15896628489410936,-0.11031202099925497,-0.21562069773572745,0.5403062698642012,0.6419106227336349,-0.10531479284199108,0.07222833733382994,0.01306445099420106,-0.018428612595101868,0.07222833733382994,0.14864746871203718,0.4431385020239342,0.5866936490973953,1.0965049948190937,0.01861854079750431,-0.24362382785101722,0.24362382785101722,0.11840909777006092,297610213.231114,0.9425435052080989,0.15079365079365079,0.023809523809523808,0.031746031746031744,0.0318908421498067,0.7879748394619718,0.04680590431232279,-0.017599132020362673,0.04478202540739473,0.7179675003150977,0.18507632267944474,-0.007094822391369271,0.10289572329426246,0.058400910506302806,0.03673486635887224,0.48590358086589486,0.5350578901778653,0.018672647530395086,0.027683721621262203,-0.24362382785101722,0.24362382785101722,0.11840909777006092,0.8253968253968254,0.4603174603174603,280510573.5645839,19.45212198119891,0.12698412698412698,0.031746031746031744,0.047619047619047616,0.03041402983746445,0.052572309018675156,0.021180700136761654,0.25371979893228086,0.06596373387377796,0.5,-0.017202919751923174,-0.21562069773572745,0.06596373387377796,0.05270285914299366,0.06596373387377796,0.04079847979919626,0.25998654480797545,0.012765242872418738,0.0,-0.0,0.07983023317135007,213828840.61766124,0.04996870919263863,0.025773524157477936,0.04206031654369902,0.0132608747307843,0.09065694992893181,0.12496745860945802,0.1971671639949104,1.0,3.0,1.0,1.0,0.0,63.0,126.0,0.5615094339622642,,,,,,,,0,0,0,0,0,0
2026-10-31,CHTR,109.29000091552734,-0.7297963008958233,-0.5326291369009128,0.9459294013582061,1.0199133614493734,-0.46977487141220053,-0.4937465330573162,-0.338318083628364,0.10682941022877446,0.09701297151572463,-0.12223771063286426,-0.12393414661483448,-0.12786822880257442,-0.46328554223782203,0.09214622638066527,-0.5282681888590205,-0.6134611137783081,0.6134611137783081,-0.09056124293822154,-0.16643673281686655,-0.3716365504327982,0.7198417742532182,-0.24130511211263939,0.05904857040485915,-0.012773316896282916,-0.21155832418757214,-0.15669480974674643,-0.23148867339958956,-0.2703706230468643,-0.338318083628364,-0.23148867339958956,0.019478158237100862,-0.01837117267235988,-0.032622056255687815,-0.01521785135694087,-0.24617185724769874,0.05145542098019362,-0.33682880717663055,-0.24617185724769874,-0.4561323773245005,0.64042865113472,0.7519287113472486,0.842707285856603,0.028263865806499987,-0.5533532231595851,0.5533532231595851,0.0,472411602.43658036,0.8423874790740551,0.38095238095238093,0.047619047619047616,0.05555555555555555,0.050149000540373516,0.7393516605918621,-0.010127700811402462,-0.08698320738993293,-0.22078977622258966,0.7315284544543258,-0.06843249654081829,-0.2725006576373822,0.12066394451771084,-0.2830621938783069,-0.1653826063883218,0.5396938903825452,0.8922774538289663,0.027392335400080462,-0.2475540542450554,-0.31251179419822395,0.31251179419822395,0.0,0.3333333333333333,0.0,397953618.86188567,19.801846023447876,0.3968253968253968,0.06349206349206349,0.031746031746031744,0.04710872776133997,-0.1925915529872293,-0.27109829810884956,-0.03014720593242827,-0.014517588712348761,0.3333333333333333,-0.05945436880521563,-0.2725006576373822,0.05145542098019362,-0.02777846344313306,-0.014517588712348761,-0.1395673824749648,0.4815566903575867,0.027268311880243812,-0.2809395554601596,0.2809395554601596,0.0,390150837.8908067,-0.04241617362368244,0.04722036506108515,-0.012968950818869729,0.0132608747307843,0.09065694992893181,0.12496745860945802,0.1971671639949104,1.0,3.0,1.0,1.0,0.0,63.0,126.0,0.740754716981132,,,,,,,,0,0,0,0,0,0
2026-10-31,CI,270.5299987792969,-0.06521119045757451,0.1319559735373359,0.8434126747941645,0.8568554745392486,0.003669819709761324,0.02571197190261021,-0.05840501111785479,0.04517256827365934,0.0447376799403153,-0.03411366150354356,0.00896437773572023,-0.04535759724325639,-0.1833724697273128,0.03325572735003146,-0.21129879849126207,-0.11041356957623072,0.11041356957623072,-0.0007044557620470293,-0.12594182382757202,-0.1479237609297186,1.1587088734473838,-0.013667331177539488,0.02595576383883094,-0.0004407201373720637,-0.0383463150417821,-0.023047315157545434,-0.013232442844195447,-0.02843492837986324,-0.05840501111785479,-0.013232442844195447,0.012224272624722143,-0.3785591376903348,-0.3815310891856116,-0.013261902223550504,-0.025149283767823327,-0.010643300320451465,-0.11580623369675513,-0.025149283767823327,-0.09109403606255616,0.276409575136652,0.8816190203966867,0.9988093362084682,0.01431136672467142,-0.10662697610070426,0.10662697610070426,0.018945381466278333,461445071.38574994,1.0092870064294432,0.07142857142857142,0.0,0.0,0.02437386400043186,0.9213921247713488,-0.004292958381240886,-0.008991150282658178,-0.026885399268208543,0.9521619060074846,-0.1049752174319648,-0.009927154994377907,0.019302377149006504,-0.01466203589875148,-0.003767833422759992,0.2760804642639041,0.8826699835860145,0.014091833452088557,-0.023157752014874466,-0.10662697610070426,0.10662697610070426,0.018945381466278333,0.9206349206349206,0.09523809523809523,465730514.7305443,19.959117732390638,0.06349206349206349,0.0,0.0,0.02459837485753614,-0.02290742208931973,-0.024013194193433285,-0.019624919136048653,-0.004782356094562568,0.16666666666666666,-0.009821142694216375,-0.04535759724325639,0.012224272624722143,-0.018043230825346868,-0.004782356094562568,-0.01958972044495655,0.24368793886023948,0.01224097027365943,-0.06729870655124737,0.06729870655124737,0.018945381466278333,458815059.8948161,-0.0022497512976049627,0.02609955485052485,-0.0035066629406148575,0.0132608747307843,0.09065694992893181,0.12496745860945802,0.1971671639949104,1.0,3.0,1.0,1.0,0.0,63.0,126.0,0.37,,,,,,,,0,0,0,0,0,0
2026-10-31,CIEN,391.3399963378906,0.8633846478778446,1.060551811872755,1.0705440848529688,1.1020786621839296,0.5541082567495346,0.008010677339604255,-0.25823574877505695,0.055977102096773645,-0.06730755386204734,-0.2853217036672573,0.3232212103840384,0.0997952190633109,-0.38320320738451497,0.29613525549183806,-0.347230076459075,-0.3758532753781648,0.3758532753781648,-0.07520735315160276,0.29306097310613843,0.34206734614158174,0.9427827035324057,-0.3255433026371043,0.06172904389470956,-0.15454214006266032,-0.09081448084636268,0.2450777171007973,-0.2022586466782833,-0.26201256603014816,-0.3255433026371043,-0.2022586466782833,-0.23138863814933675,-0.051466435751665984,0.0550824678291586,-0.08996812908170093,0.037899506716781106,0.015249967341617321,-0.0527574432121507,0.037899506716781106,0.050169294260233956,0.743702133779569,0.9490536887825494,1.0157727037256845,0.03621849425928814,-0.3758532753781648,0.3758532753781648,0.2327222543671832,1140965435.3084505,0.7515942270966506,0.5079365079365079,0.1111111111111111,0.16666666666666666,0.062012967634071416,0.9906676802894067,0.08547819640676213,-0.08801228198717914,0.046466032285900294,0.6964331087653454,0.07943444730077132,-0.08092994110936358,0.1394449431724788,0.02230932292908161,-0.12211467572638479,0.7554323271958334,0.934316983811023,0.03751998328003423,-0.05233455775783857,-0.1535666404861743,0.1535666404861743,0.2327222543671832,0.9523809523809523,0.31746031746031744,857543034.4946483,20.569581922910807,0.5714285714285714,0.1111111111111111,0.1746031746031746,0.0596592010678148,0.09195315465651999,-0.02888170740805185,0.1591499376450988,0.11233013527071067,0.5,-0.03991423294095362,-0.23138863814933675,0.11233013527071067,0.09906926053992637,0.11233013527071067,0.11825964471473083,0.705813253418953,0.03352797370162075,0.0,-0.0,0.2327222543671832,985706122.8204637,0.07890976967102925,0.053950161959688936,0.07427758987321953,0.0132608747307843,0.09065694992893181,0.12496745860945802,0.1971671639949104,1.0,3.0,1.0,1.0,0.0,63.0,126.0,0.8788679245283019,,,,,,,,0,0,0,0,0,0
2026-10-31,CINF,161.9499969482422,-0.1259873382228418,0.0711798257720686,0.7757234247555845,0.7899179069441477,0.023882822145428362,0.04077439450357079,0.0010136938265499218,-0.12128357855834038,0.0392979657979029,0.09201553890399028,-0.1753493760477136,-0.037775185382512344,-0.1239537647829081,-0.08434753097027325,0.004736159290224238,-0.15183440083026856,0.15183440083026856,0.005351504629253823,-0.4077721304531978,-0.4571247512859852,0.9188814937240363,0.04031165962445282,0.08370630096912896,0.18253500882743512,-0.051312874145848064,-0.06378235722675607,-0.12026988473179046,-0.02631484376026257,-0.12026988473179046,0.04031165962445282,-0.04029389224205315,-0.38504672897196257,-0.37509140103147565,-0.0345286333599536,-0.08333383714372333,-0.04378659282821595,-0.17399078707265514,-0.08333383714372333,-0.37344991608924205,0.214032882855578,0.7176390061651471,1.0425778939836678,0.010012082802260333,-0.15183440083026856,0.15183440083026856,0.04422529726594138,123621543.25067429,0.9816013824990336,0.03968253968253968,0.0,0.0,0.018964194386941465,0.7420560334343145,0.026836117591842457,-0.03578795987334593,-0.04971741517062889,0.7076139770641684,-0.18433717369111857,-0.05663016136097798,0.09131007194699843,-0.0413581780164296,-0.030209067608873208,0.2231459522508216,0.6883313086785907,0.010126658811547616,-0.04329340720491015,-0.13851028595612214,0.13851028595612214,0.016188755161582025,0.9841269841269841,0.031746031746031744,121347077.76152596,18.61416541701257,0.06349206349206349,0.0,0.0,0.019331234398039847,-0.0325715655885187,-0.0529524865050538,0.10539667680558648,0.016188755161582025,0.3333333333333333,0.0033729886958762854,-0.05663016136097798,0.18253500882743512,0.0029278804307977246,0.016188755161582025,-0.023605124205252737,0.15359834533913835,0.007544383597340797,-0.06780431396163411,0.06780431396163411,0.016188755161582025,114652999.86034575,-0.0032338687946827926,0.015252336588024447,0.0040048551449904934,0.0132608747307843,0.09065694992893181,0.12496745860945802,0.1971671639949104,1.0,3.0,1.0,1.0,0.0,63.0,126.0,0.10707547169811321,,,,,,,,0,0,0,0,0,0
2026-10-31,CL,84.26000213623047,-0.08371029926545903,0.11345686472945138,0.934023251228796,0.9533442604716197,-0.055601788692218435,0.00046589432505750317,-0.007227630540109997,-0.06843717341670907,-0.05254099210997709,0.07571941684552796,-0.15282785803075294,0.05588091758654823,-0.132195089149568,-0.06988081064511498,-0.03228808991012005,-0.13990609165953694,0.13990609165953694,0.0058231525608243295,-0.007640921714328619,-0.0841601833369433,0.9324025883351388,-0.05976862265008709,0.03581640950110689,0.017197420778500172,-0.061958528603437535,-0.07349089460421399,-0.07566480395681907,-0.047553685715672055,-0.07566480395681907,-0.007227630540109997,0.00156425445071795,0.4111946033643583,0.3936622212778915,-0.022848130333766647,-0.07710844118522497,-0.016210331954694124,-0.16776539111415678,-0.07710844118522497,-0.39832767786486684,0.22384819170875273,0.5934470030271607,0.8647844039286442,0.011337073585664074,-0.10918683663655271,0.10918683663655271,0.03585203618462307,447232278.44082665,0.9493501599135878,0.023809523809523808,0.0,0.0,0.019865412641530848,1.1572166301969364,-0.010269133718173284,-0.03784759539859306,-0.05997797401534255,0.6509737394256233,0.15342068989583524,-0.050100200571023934,0.03562370056728275,-0.061901553968877865,-0.05177511629994358,0.1935804250373586,0.6862369399022229,0.010186239814696123,-0.05536465217252551,-0.10824946959055848,0.10824946959055848,0.0,0.9841269841269841,0.0,424580035.05631703,19.866611087890444,0.0,0.0,0.0,0.018697208528097125,-0.04362299362633659,-0.05356113651368488,-0.09352301267778239,-0.012423787651021923,0.5,-0.0006819545601622715,-0.050100200571023934,0.05588091758654823,-0.025684662381806223,-0.012423787651021923,-0.028551970932927495,0.13284203850260862,0.007354813356804218,-0.06471300298197635,0.06471300298197635,0.0,475594972.3225911,-0.017616651010593953,0.015114781949589264,-0.013556828083974959,0.0132608747307843,0.09065694992893181,0.12496745860945802,0.1971671639949104,1.0,3.0,1.0,1.0,0.0,63.0,126.0,0.27084905660377356,,,,,,,,0,0,0,0,0,0
2026-10-31,CLX,80.41000366210938,-0.456572893922782,-0.2594057299278716,0.9823030707126345,1.0264818976217585,-0.2696620259594109,-0.2051063854178523,-0.1564768801673745,0.008838223148213808,0.06015799489976459,-0.009435982001532062,-0.13900560833904285,-0.06656993702649117,-0.2814443387768325,0.008035289826799574,-0.4354703767917406,-0.35219554050906077,0.35219554050906077,-0.019378568466659418,-0.27847821278478213,-0.385582054344383,1.6483514035513716,-0.0963188852676099,0.03248286089465488,0.06020893858475285,-0.1487560783355113,-0.20702563518352046,-0.14763865701916068,-0.13347814081804835,-0.1564768801673745,-0.0963188852676099,0.0009428987046646853,-0.17226129195968964,-0.1783919171750794,-0.038618077461086475,-0.1484415903405749,0.03445121162957543,-0.23909854026950672,-0.1484415903405749,-0.4593886593576536,0.3593284147596749,0.8097502217782402,0.899256876034405,0.0171029822917261,-0.25477291450432726,0.25477291450432726,0.0,268718705.3574335,1.0141362671379337,0.1111111111111111,0.015873015873015872,0.023809523809523808,0.028280181136478122,0.47556632394493314,-0.00556069013564553,-0.11131046594391147,-0.15643993657856203,0.8328939952485231,-0.6296888936940833,-0.17065927638067402,0.08333319197640265,-0.1768017668827886,-0.17988865233630513,0.32312854772718025,0.900465977362468,0.015975415053274735,-0.19124580606851482,-0.25477291450432726,0.25477291450432726,0.0,0.49206349206349204,0.0,272517384.7613259,19.423212970991372,0.07936507936507936,0.015873015873015872,0.0,0.027303542182788104,-0.11224046668649812,-0.17844972675648396,-0.025454751710302426,-0.0074064739945581826,0.5,-0.024838773080455068,-0.17065927638067402,0.06020893858475285,-0.020667348725342483,-0.0074064739945581826,-0.05782408775188397,0.29096626354287025,0.01636917652482408,-0.14720539949779832,0.14720539949779832,0.0,270203294.47235835,-0.027290511652020455,0.029340711473165575,-0.007504469690601923,0.0132608747307843,0.09065694992893181,0.12496745860945802,0.1971671639949104,1.0,3.0,1.0,1.0,0.0,63.0,126.0,0.4630188679245283,,,,,,,,0,0,0,0,0,0
