sample_source,month,ticker,adj_close,rel_mom_12m_vs_qqq,mom_12m,up_day_volume_ratio_3m,up_day_dollar_volume_ratio_3m,mom_9m,mom_7m,mom_6m,mom_4m_vs_6m,mom_5m_vs_6m,mom_6m_first3m,mom_6m_acceleration,ret_lag_6m,rel_mom_6m_vs_qqq,mom_3m_vs_6m,return_vol_ratio_6m,drawdown_12m,drawdown_12m_abs,ma100_slope_1m,volume_ma3_to_12m,volume_change_3m,dollar_volume_change_3m,mom_5m,core_mom_456_std,ret_lag_5m,price_ma100_ratio,drawdown_change_3m,mom_4m,core_mom_456_avg,core_mom_456_min,core_mom_456_max,ret_lag_4m,ma50_slope_1m,mom_6m_last3m,ret_lag_3m,rel_mom_3m_vs_qqq,mom_3m,return_vol_ratio_3m,volatility_6m,volatility_1m_to_6m,volatility_3m_to_6m,volume_change_1m,dollar_volume_change_1m,avg_abs_daily_return_6m,drawdown_6m,drawdown_6m_abs,recovery_from_6m_low,avg_dollar_volume_6m,dollar_volume_3m_to_6m,large_move_freq_6m,up_big_move_freq_6m,down_big_move_freq_6m,intraday_range_mean_6m,volume_ma1_to_6m,drawdown_change_1m,ma30_slope_1m,price_ma50_ratio,atr_14_to_100d,ret_lag_2m,ret_lag_6m_std,mom_2m,ma20_slope_1m,volume_ratio_3m,volatility_3m,volatility_1m_to_3m,avg_abs_daily_return_3m,ma10_slope_1m,drawdown_3m,drawdown_3m_abs,recovery_from_3m_low,days_since_3m_high_norm,days_since_3m_low_norm,avg_dollar_volume_3m,log_avg_dollar_volume_3m,large_move_freq_3m,up_big_move_freq_3m,down_big_move_freq_3m,intraday_range_mean_3m,price_ma30_ratio,ma5_slope_1m,return_vol_ratio_1m,ret_lag_1m,positive_month_ratio_6m,ret_lag_6m_mean,ret_lag_6m_min,ret_lag_6m_max,rel_mom_1m_vs_qqq,mom_1m,price_ma20_ratio,volatility_1m,avg_abs_daily_return_1m,drawdown_1m,drawdown_1m_abs,recovery_from_1m_low,avg_dollar_volume_1m,price_ma10_ratio,atr_14_to_price,price_ma5_ratio,qqq_mom_1m,qqq_mom_3m,qqq_mom_6m,qqq_mom_12m,source_count,source_weight_sum,theme_count,in_large_cap_core,in_manual_core,trading_day_count_3m,trading_day_count_6m,liquid_vol_score,future_return_1m,future_return_2m,future_return_3m,future_max_return_1_3m,future_max_return_1_3m_pct_rank,monthly_top10_threshold_1_3m,monthly_top5_threshold_1_3m,label_top10_1_3m,label_top5_1_3m,label_boom30_top10_1_3m,label_boom40_top10_1_3m,label_boom50_top5_1_3m,label_mega100_1_3m
historical_mega100_examples,2016-01-31,FCX,4.142923831939697,-0.7622633452217098,-0.7218642545953662,1.0196245552559053,0.9923874776863849,-0.7996266809665364,-0.7495871289607952,-0.6069920019135772,0.0835496639502612,0.040999739216526776,0.0055878405347591364,-0.6147637053926456,-0.09446776103880328,-0.5422499511545251,-0.0021838629443092783,-0.6458525214808246,-0.8029295164976542,0.8029295164976542,-0.10596111612662551,1.1824812713666863,0.927503747198196,-0.24668501501808215,-0.5659922626970504,0.041777228759359734,-0.08928599437870144,-0.4757676942924137,-0.5052137919940811,-0.523442337963316,-0.5654755341913145,-0.6069920019135772,-0.523442337963316,0.2193659991428003,-0.2916100094791705,-0.6091758648578864,-0.3050126356112821,-0.5308033379596202,-0.6091758648578864,-0.6442887430524302,0.9398306606001209,1.317197890536826,1.0060337162928474,0.7202501973843001,0.1688553255760712,0.04302330177711087,-0.6576839683398465,0.6576839683398465,0.22994643473573295,345503067.6621607,0.843633722358487,0.5396825396825397,0.11904761904761904,0.20634920634920634,0.07318008564079878,1.1320343290332306,-0.13313118485864794,-0.2700987547105641,-0.27609215621728067,1.046887294943165,-0.17237171782079108,0.1968002677823166,-0.4376528910192976,-0.3160031376969058,0.25398228065275097,0.9455013321695015,1.309297958114757,0.04721530939993777,-0.3666468235310526,-0.6293312635630295,0.6293312635630295,0.22994643473573295,0.9365079365079365,0.1746031746031746,291478039.0581048,19.49047522663954,0.6031746031746031,0.09523809523809523,0.2857142857142857,0.08040012270505652,-0.15508480971773042,-0.3814521147465191,-0.2589229048181454,-0.3205317881356118,0.16666666666666666,-0.12705064964039822,-0.3205317881356118,0.2193659991428003,-0.25142777900816526,-0.3205317881356118,-0.04206578520405413,1.2379429636043109,0.06312734407737333,-0.3205317881356118,0.3205317881356118,0.22994643473573295,281595739.27535105,0.0833726058154165,0.14363351580040923,0.0545621008072279,-0.06910400912744652,-0.07837252689826624,-0.06474205075905204,0.040399090626343614,1.0,3.0,1.0,1.0,0.0,63.0,126.0,0.9396160350932825,0.658695716477979,1.247826138499859,2.043478380970544,2.043478380970544,0.997907949790795,0.2611294119268795,0.29010092612066524,1,1,1,1,1,1
historical_mega100_examples,2016-01-31,LEU,1.3700000047683716,-0.7004487349330561,-0.6600496443067125,,,-0.7375478812580426,-0.6682808797079587,-0.6522842677990056,0.10146460425374626,0.013761845254849026,-0.3147208100325568,-0.17787178975510942,-0.03807108964187478,-0.5875422170399536,0.15969166801133938,-0.7965876857464621,-0.7566607501029476,0.7566607501029476,-0.19794164284476556,1.0986706609249204,3.1711711711711708,1.1164831198045997,-0.6385224225441566,0.05503972540690709,-0.195250664112128,-0.3699121522548703,-0.1870973700516717,-0.5508196635452594,-0.6138754512961405,-0.6522842677990056,-0.5508196635452594,-0.11475406888671102,-0.3114052494366252,-0.49259259978766623,-0.3777778081933162,-0.4142200728894,-0.49259259978766623,-0.5330736242502262,0.818848043310846,1.1331762593761696,1.1284891108797082,1.392764857881137,1.4833998003388227,0.03753176348947247,-0.6522842677990056,0.6522842677990056,0.3173077452112254,84978.92850533365,0.8755218018444355,0.46825396825396826,0.10317460317460317,0.1746031746031746,0.08637090804220866,2.664748201438849,0.09818179824135487,-0.16824643971645525,-0.009972536757208328,0.8180466504364898,-0.21428565853306858,0.1463768616670471,-0.18452378122511814,-0.20257888729369222,0.8936605316973416,0.9240611003414454,1.0041534725069767,0.044795624734714656,-0.2579155577850244,-0.5018181800842285,0.5018181800842285,0.3173077452112254,0.9523809523809523,0.14285714285714285,74400.90460379918,11.217236820006951,0.5873015873015873,0.14285714285714285,0.23809523809523808,0.11301476931572967,0.06449106451505449,-0.21715814798299393,0.04082205456323748,0.03787875024959453,0.16666666666666666,-0.15037675651958402,-0.3777778081933162,0.03787875024959453,0.10698275937704105,0.03787875024959453,0.1659574449521053,0.9278991627164802,0.045666570332735086,-0.007246369925949403,0.007246369925949403,0.3173077452112254,55745.33319984163,0.21777776911229285,0.12043796523243058,0.1729451789151759,-0.06910400912744652,-0.07837252689826624,-0.06474205075905204,0.040399090626343614,1.0,3.0,1.0,0.0,1.0,63.0,126.0,0.6461072793897433,-0.036496315432303805,2.2919709585288284,1.3284671869470528,2.2919709585288284,1.0,0.2611294119268795,0.29010092612066524,1,1,1,1,1,1
yearly_top_future_return_examples,2016-01-31,TRGP,14.194701194763184,-0.7619247486851812,-0.7215256580588376,1.1904545480883166,1.0883310937762494,-0.7714410679666096,-0.7310935238520301,-0.7313581910519289,0.1925648872613277,0.0910519571429329,-0.3430180346846683,-0.24807909867555855,-0.2531374344694547,-0.6666161402928769,0.14026105769170205,-0.8869387742531786,-0.7744831234873975,0.7744831234873975,-0.18590851636321037,1.8997812078126766,3.131095123900879,0.6892166385246585,-0.640306233908996,0.09632978916786199,-0.22010289736189226,-0.4428046727302306,-0.29413883855730205,-0.5387933037906012,-0.6368192429171754,-0.7313581910519289,-0.5387933037906012,0.12791260183485864,-0.3121234685305285,-0.5910971333602268,-0.3123359014744568,-0.5127246064619606,-0.5910971333602268,-0.579839249395603,0.8245870090274813,1.570520118349883,1.2362740556664276,0.5532846715328468,0.34140412431363876,0.03750630751632604,-0.7313581910519289,0.7313581910519289,0.45872627975978997,35523098.15210766,1.0393252663234123,0.4365079365079365,0.09523809523809523,0.15079365079365079,0.0672843371059247,2.114751702569199,-0.019062642928762363,-0.30179555982512585,-0.16994694066254867,0.9138204617418708,-0.3114504115657075,0.16634373625198817,-0.4053741244940322,-0.2671943443468757,0.5196169033016886,1.0194155259002533,1.2703656694496241,0.0466333054945231,-0.2538642912290392,-0.5985433253298535,0.5985433253298535,0.45872627975978997,0.9523809523809523,0.12698412698412698,36920053.447572015,17.424265442342474,0.5079365079365079,0.12698412698412698,0.19047619047619047,0.08529118875083813,0.007682789135346368,-0.16431209343181974,-0.10533192881056509,-0.13640805906499764,0.16666666666666666,-0.1842536836836084,-0.3123359014744568,0.12791260183485864,-0.06730404993755112,-0.13640805906499764,0.09077953629754165,1.295030487007616,0.058685090398168965,-0.13640805906499764,0.13640805906499764,0.45872627975978997,38021187.67880031,0.16240222142638672,0.1081906693869427,0.03807053392501625,-0.06910400912744652,-0.07837252689826624,-0.06474205075905204,0.040399090626343614,1.0,3.0,1.0,1.0,0.0,63.0,126.0,0.691911984919754,0.19626197484410168,0.32888334177739775,0.8439714320324279,0.8439714320324279,0.99581589958159,0.2611294119268795,0.29010092612066524,1,1,1,1,1,0
historical_mega100_examples,2016-02-29,LEU,1.3200000524520874,-0.6385992956628486,-0.6834532306231449,1.2674367211773785,1.3560958507117105,-0.725,-0.6649746108421877,-0.65171502223269,0.14060392191418924,0.08450193144219009,-0.5567282415679715,0.34244258303490294,-0.195250664112128,-0.639762204832127,0.4374293636996214,-0.7674436586731228,-0.7655417361242507,0.7655417361242507,-0.18131717989614993,1.4181240063593006,3.5064935064935066,2.5408165777795477,-0.5672130907904999,0.07077837783065333,-0.11475406888671102,-0.265646700929992,0.2922343900997455,-0.5111111003185007,-0.5766797377805635,-0.65171502223269,-0.5111111003185007,-0.3777778081933162,-0.0751072927521047,-0.21428565853306858,-0.21428565853306858,-0.1159965390276334,-0.21428565853306858,-0.24063249294512998,0.849202433126462,1.1075157937794633,1.048642864067242,-0.25053995680345575,-0.2778924869438648,0.03974201209600528,-0.65171502223269,0.65171502223269,0.26923086622057957,81496.63483888384,0.7180315963264146,0.5158730158730159,0.1111111111111111,0.19047619047619047,0.09915699224096977,1.5370985603543743,0.2518182139505042,-0.034937885635803134,0.020881707711476016,0.7311896312204296,0.03787875024959453,0.1466197168786567,0.0,0.10902895773861654,0.03736920777279518,0.8905100716466038,1.056142021015504,0.04385551849716202,0.1350364743983643,-0.24999996613372433,0.24999996613372433,0.26923086622057957,0.9841269841269841,0.4603174603174603,58517.15880859466,10.977092392038191,0.6190476190476191,0.14285714285714285,0.1746031746031746,0.1225267889677249,0.06194693914949845,0.06227756172803245,-0.0388050156966652,-0.036496315432303805,0.16666666666666666,-0.1501142941513222,-0.3777778081933162,0.03787875024959453,-0.020842848899796373,-0.036496315432303805,0.013824921922378941,0.9405051068035053,0.044702696906548864,-0.09589039865545002,0.09589039865545002,0.17857147038591137,42760.000313463664,0.0610932950399361,0.10064936032542897,0.10552767682261921,-0.015653466532507432,-0.09828911950543517,-0.011952817400562976,-0.04485393496029633,1.0,3.0,1.0,0.0,1.0,63.0,126.0,0.6468553459119497,2.41666670429586,1.4166666139857957,1.2954544325669652,2.41666670429586,1.0,0.27108650786029687,0.3510911866295729,1,1,1,1,1,1
yearly_top_future_return_examples,2016-02-29,AMD,2.140000104904175,-0.2670431142072127,-0.31189704916750904,0.9172317478421791,0.9725019419251024,-0.061403450983492314,0.10880837464429449,0.18232053732436393,-0.17288647108628097,0.06186554948245315,0.30386738657663837,-0.39708764080157233,-0.04972371105774864,0.1942733547249269,-0.2755407915492979,0.29106414278326764,-0.3333333085754334,0.3333333085754334,0.01762032754287368,1.200324059127738,0.1487142799564709,0.04163084274711659,0.24418608680681708,0.1216727778774808,0.23255805249727524,-0.02487919931562277,-0.2782631785963421,0.009434066238082961,0.14531356345642132,0.009434066238082961,0.24418608680681708,0.11320755777939628,-0.05237329307153116,-0.09322025422493396,0.21610170048018107,0.005068865280501211,-0.09322025422493396,-0.12780971399622348,0.6263929853431777,0.8495111664584402,1.1643928616927066,-0.0498245555546295,-0.0757384060371652,0.02997867830211506,-0.2866666316986084,0.2866666316986084,0.28915671562314604,23431669.21293641,1.2868624849184709,0.40476190476190477,0.07936507936507936,0.07936507936507936,0.05376393069889252,1.2426410878273428,-0.019999980926513672,-0.17638163165960918,-0.04464280726007941,0.8379563255797415,-0.23344943017126596,0.17932014320416942,-0.254355334412392,-0.13892529080348615,-0.008223984688773278,0.7293675207479803,0.7295743510686632,0.03492486967439081,-0.034634136974917795,-0.2866666316986084,0.2866666316986084,0.1888889786637884,0.6666666666666666,0.42857142857142855,30153336.06914698,17.22180615723974,0.4603174603174603,0.09523809523809523,0.12698412698412698,0.06214207136424162,0.07160746850918276,-0.018234147961428526,-0.051252159435510126,-0.027272700672307915,0.5,0.04190357814258835,-0.23344943017126596,0.23255805249727524,-0.011619234139800483,-0.027272700672307915,0.08574333192994787,0.5321278356402674,0.026502384089936173,-0.027272700672307915,0.027272700672307915,0.16939893700492736,19284413.68097521,0.08135427439576248,0.04839785507961349,0.04594335333050714,-0.015653466532507432,-0.09828911950543517,-0.011952817400562976,-0.04485393496029633,2.0,8.0,2.0,1.0,1.0,63.0,126.0,0.6648846960167715,0.33177559108586396,0.6588784010715021,1.1355139942229178,1.1355139942229178,0.997907949790795,0.27108650786029687,0.3510911866295729,1,1,1,1,1,1
yearly_top_future_return_examples,2016-02-29,DVN,13.514755249023438,-0.6289010861684792,-0.6737550211287755,0.7870936376793461,0.8422908526373964,-0.693210544072302,-0.5966502547852934,-0.5327344287817102,0.005282062523588316,0.06694639115056455,0.08503972462709264,-0.6543959789532833,-0.12531803079381532,-0.5207816113811472,-0.03662182554448046,-0.8106377968950678,-0.7101432817416086,0.7101432817416086,-0.09342013696058282,1.8199543427220513,3.0579249608461767,0.7475200048020436,-0.4657880376311456,0.03722053397790707,0.13049336029615888,-0.4261643412634277,-0.5371611459500282,-0.5274523662581219,-0.5086582775569926,-0.5327344287817102,-0.4657880376311456,0.09730522848416978,-0.23790368927583072,-0.5693562543261906,-0.299766500423039,-0.47106713482075546,-0.5693562543261906,-0.6965030254603456,0.6571793602792857,1.1277965204281986,1.2438762427663703,0.5862087322219167,0.1188748038151286,0.03243848700694694,-0.585135663035933,0.585135663035933,0.05522817653417933,181067864.4473757,1.185948082738994,0.4444444444444444,0.07142857142857142,0.1349206349206349,0.05486720794785524,2.1309208801163315,-0.16194831616046224,-0.19090339569742,-0.23047425698088952,0.8145425906817639,-0.12812524519725832,0.18504406590333733,-0.3849997951626445,-0.18383517817576123,0.5961074904026427,0.8174497934878047,0.9066790422172455,0.043634506732740365,-0.18795604773112917,-0.5738025899934172,0.5738025899934172,0.05522817653417933,0.9523809523809523,0.09523809523809523,214737086.6870093,19.18492498983587,0.6666666666666666,0.1111111111111111,0.25396825396825395,0.06980721101806484,-0.13637471147811542,-0.21241140699383765,-0.3975138913321144,-0.2946232226020846,0.3333333333333333,-0.10333906837264477,-0.299766500423039,0.13049336029615888,-0.2789697560695772,-0.2946232226020846,-0.1008564276717705,0.7411645958202079,0.04203147719136096,-0.2946232226020846,0.2946232226020846,0.05522817653417933,288988260.61323255,-0.006511982310207776,0.08286145235993218,0.005620990146718796,-0.015653466532507432,-0.09828911950543517,-0.011952817400562976,-0.04485393496029633,1.0,3.0,1.0,1.0,0.0,63.0,126.0,0.8872117400419287,0.40935491355454334,0.7812108009118182,0.8536309575557492,0.8536309575557492,0.99581589958159,0.27108650786029687,0.3510911866295729,1,1,1,1,1,0
yearly_top_future_return_examples,2016-04-30,AMD,3.549999952316284,0.5779375139472461,0.5707964457064454,1.3279877736404189,1.4603230405336007,0.8393782636246183,1.063953426317502,0.6745283697881359,-0.4375945391706699,-0.17029103499277132,0.03773592756753197,0.5759003794197903,0.11320755777939628,0.7360529530959686,-0.06089206280081361,0.6632738539280669,-0.11027570330044811,0.11027570330044811,0.07491251570509783,1.239758051491564,0.4767171468815896,1.3828844033588634,0.5042373347953646,0.22058225248067295,0.21610170048018107,0.4267915163547482,0.1563909474716466,0.23693383061746598,0.47189984506698884,0.23693383061746598,0.6745283697881359,-0.23344943017126596,0.18841220763912347,0.6136363069873223,-0.027272700672307915,0.5953556631456931,0.6136363069873223,0.4936769569000072,1.016968128312939,1.9223109400429057,1.2222522596308933,0.9531279281265501,1.4328436083266323,0.03748759952468651,-0.11027570330044811,0.11027570330044811,0.9722222479773164,37166650.395334624,1.2268343710500764,0.46825396825396826,0.12698412698412698,0.10317460317460317,0.058411734884544854,1.4931107808905282,-0.06665150410284659,0.208253619247319,0.3211760218034512,1.6454307295682613,0.33177559108586396,0.2076593246953071,0.6588784010715021,0.14500190356530251,0.39182918909860276,1.24299159280309,1.5727612077587179,0.04038004761957895,0.16169155120374135,-0.11027570330044811,0.11027570330044811,0.939890638833448,0.07936507936507936,0.8412698412698413,45597324.161798425,17.635359614031632,0.4603174603174603,0.14285714285714285,0.1111111111111111,0.058389691968818845,0.20447861727102845,0.2729844747853545,0.12563835577794782,0.2456140600376484,0.6666666666666666,0.10766279642325265,-0.23344943017126596,0.33177559108586396,0.2774826007588158,0.2456140600376484,0.1784232253491067,1.9549289587309202,0.053633453203787936,-0.11027570330044811,0.11027570330044811,0.35496187304555904,77116016.05462006,0.08595900030396364,0.0784708279225827,-0.013888902134365555,-0.031868540721167404,0.018280643841629196,-0.061524583307832725,-0.007141068240800741,2.0,8.0,2.0,1.0,1.0,63.0,126.0,0.7081761006289309,0.2873240093086673,0.44788730578204006,0.9323944297628595,0.9323944297628595,1.0,0.19488235950706073,0.23910572293971388,1,1,1,1,1,0
yearly_top_future_return_examples,2016-08-31,LEU,3.4600000381469727,-0.21582068318881054,-0.08707122085159846,0.9702916563201588,1.0251205334387867,1.0595238965317262,1.5255474643096525,1.6212120459537345,-1.5365725550184983,-1.8540280409531826,1.2954544325669652,-1.153540217775744,2.41666670429586,1.4788076322620687,-1.4792978311625131,0.8396622903700316,-0.23956046305392498,0.23956046305392498,0.00501980660415513,0.02032194624517445,-0.6697819314641744,-0.6229192935580391,-0.23281599499944805,0.9915688897757599,-0.29268295003804123,0.04107117095161983,0.24459230552343525,0.08463949093523615,0.4910118472965075,-0.23281599499944805,1.6212120459537345,-0.050156765818399784,0.03070308199436278,0.14191421479122135,0.08250825160415176,0.08381925682844393,0.14191421479122135,0.23431084432172555,1.9307905863430892,0.21960646256231356,0.3136883117598532,0.5820895522388059,0.7377872207523462,0.04868507649582884,-0.23956046305392498,0.23956046305392498,1.306666692097982,1409973.0943534109,0.10638769951503246,0.42857142857142855,0.11904761904761904,0.11904761904761904,0.09464821778647156,0.012182274407646484,0.06828032459729372,0.011405341397151103,0.01645124476427995,0.712582047592934,-0.039634108889109565,1.0127914199767396,0.05487806961197439,0.030792011981537915,0.13978494623655924,0.6056664393917807,0.7000785631134232,0.026099347350929565,0.05768062659065598,-0.08947366274624957,0.08947366274624957,0.10191080336048697,0.20634920634920634,0.3333333333333333,150003.7938863512,11.918422531810048,0.30158730158730157,0.07936507936507936,0.09523809523809523,0.06292643104693958,0.017846642867701545,0.08947698837109286,0.23209765771027735,0.09841267726799252,0.5,0.36918563473707566,-0.29268295003804123,2.41666670429586,0.08791185352302122,0.09841267726799252,-0.0061754897428513145,0.42401409061542106,0.01753658572199023,-0.08947366274624957,0.08947366274624957,0.09841267726799252,143722.3343292872,-0.006888627154622351,0.05181665997349003,0.0005783684411466705,0.0105008237449713,0.058094957962777416,0.1424044136916658,0.12874946233721207,1.0,3.0,1.0,0.0,1.0,63.0,126.0,0.6512517214459269,0.1502890101715153,0.12138730394895592,0.8815029355804032,0.8815029355804032,1.0,0.20136046574927646,0.2737041679402328,1,1,1,1,1,0
yearly_top_future_return_examples,2017-01-31,PLUG,1.059999942779541,-0.6427733353558465,-0.43315511225849535,1.170937617604106,1.261697026681986,-0.48543690668782646,-0.4301075620284063,-0.4078212483970012,0.02770424204196098,0.09169220026090386,-0.14525139441573054,-0.16193817251171616,-0.13407822047565432,-0.49479011311472587,0.10063168146955448,-0.8330568814801046,-0.5225225544509902,0.5225225544509902,-0.06046848315886255,2.06107198537713,9.079554586155435,5.983220578012788,-0.3161290481360973,0.04702737396601125,0.10322586500185893,-0.2576511346504501,-0.19982315583468635,-0.3801170063550402,-0.36802243429604625,-0.4078212483970012,-0.3161290481360973,-0.10526319458580713,-0.0842665206412937,-0.3071895669274467,-0.10457514353811614,-0.3751302487484012,-0.3071895669274467,-0.5751263319305925,0.489547901786033,0.8632685086262271,1.0910584473599427,1.003856950498665,0.7700734737194082,0.021927968046391553,-0.39080463392540155,0.39080463392540155,0.0,3705988.8325195466,1.3026598404503602,0.25396825396825395,0.03968253968253968,0.047619047619047616,0.04884068474161139,2.6041552355671556,-0.010168028307466548,-0.12126285754236943,-0.18985023748888663,0.6943124447850636,-0.12408755948391248,0.09058272862665134,-0.22627741672252244,-0.13064046805072593,0.7176756742657417,0.5341253736309869,0.7912211400911622,0.02549512726923765,-0.12586340964807707,-0.32051283226916116,0.32051283226916116,0.0,0.5714285714285714,0.015873015873015872,4827642.821280729,15.38986908492404,0.3333333333333333,0.047619047619047616,0.047619047619047616,0.05637499913351565,-0.13445839734640763,-0.13112165133003673,-0.27606160322436357,-0.11666674945089228,0.16666666666666666,-0.08024083375542057,-0.13407822047565432,0.10322586500185893,-0.16806784665314523,-0.11666674945089228,-0.11259945249652725,0.42261128707592743,0.018970802282058014,-0.18461539872299337,0.18461539872299337,0.0,3811955.611013231,-0.06935911650654858,0.049191386636747166,-0.03636366749598041,0.05140109720225294,0.06794068182095447,0.08696886471772469,0.20961822309735112,1.0,3.0,1.0,0.0,1.0,63.0,126.0,0.6407333442603153,0.01886802001456611,0.3018868582322567,1.113207670240996,1.113207670240996,1.0,0.17248220784718615,0.21357262363461224,1,1,1,1,1,1
yearly_top_future_return_examples,2017-02-28,PLUG,1.0800000429153442,-0.7633858682625684,-0.4807691910915811,1.2976653153993782,1.403937931234424,-0.4374999650754028,-0.3966480078595551,-0.30322575732894885,0.009108151519015228,-0.06519528429530919,-0.11612900199056442,-0.09554980154495685,0.10322586500185893,-0.42596010761583825,0.09154695379342759,-0.391233932008224,-0.5135135004518676,0.5135135004518676,-0.07444289869086429,2.323892585861278,2.372170071783545,1.6583531456701115,-0.36842104162425804,0.04052650180695129,-0.10526319458580713,-0.18742002364237464,-0.09504857505288788,-0.2941176058099336,-0.32192146825438017,-0.36842104162425804,-0.2941176058099336,-0.10457514353811614,-0.12245206072111914,-0.21167880353552126,-0.12408755948391248,-0.3215040382374845,-0.21167880353552126,-0.22561960573175666,0.7750497401196144,1.9657375664336696,1.2105171903407987,-0.1653588146190904,-0.14961078802834238,0.02833345101077071,-0.3793103235655252,0.3793103235655252,0.27058825014371735,5362452.730908469,1.3540791932842442,0.3253968253968254,0.05555555555555555,0.07142857142857142,0.058722005319395774,1.7598437487492695,0.01282057748038623,-0.12657211916412003,-0.07088777860504003,1.5184187271654976,-0.11666674945089228,0.09386319360356578,-0.09999999999999998,-0.1293923085426979,0.07295123570062079,0.9382110337839618,1.6238824050736962,0.03196418440132941,-0.041631246973241165,-0.30769225478877493,0.30769225478877493,0.27058825014371735,0.873015873015873,0.19047619047619047,7261185.667893432,15.798053826321896,0.3492063492063492,0.047619047619047616,0.07936507936507936,0.06550858379163514,-0.007352895859087161,2.0987551252460435e-08,0.012384292927933513,0.01886802001456611,0.3333333333333333,-0.05474979367371716,-0.12408755948391248,0.10322586500185893,-0.024882194584544548,0.01886802001456611,0.025641066280226443,1.5235443900077787,0.05079459867766306,-0.09999999999999998,0.09999999999999998,0.27058825014371735,12678898.552016417,-0.04255316113389551,0.11177249005757509,-0.04929574804394987,0.04375021459911066,0.10982523470196326,0.1227343502868894,0.28261667717098726,1.0,3.0,1.0,0.0,1.0,63.0,126.0,0.6531120331950208,0.27777772258829403,1.0740740004880958,0.7222221670327384,1.0740740004880958,1.0,0.17832455904178388,0.2413852673073712,1,1,1,1,1,1
yearly_top_future_return_examples,2017-04-30,CVNA,2.220000028610229,,,,,,,,,,,,,,,,,,,,,,,,,,,,,,,,,,,,,,,,,,,,,,,,,,,,,,,,,,,,,,,,,,,,,,,,,,,,,,,,,,,,,,,,,,,,,,,,,,0.027270180591985715,0.0939459094047741,0.16826934036497865,0.2995011886964847,1.0,3.0,1.0,1.0,0.0,1.0,1.0,0.0,-0.09459461055882823,0.8441440585177993,0.7585585556559709,0.8441440585177993,1.0,0.1489420872579987,0.18879238844154914,1,1,1,1,1,0
yearly_top_future_return_examples,2017-05-31,CVNA,2.009999990463257,,,,,,,,,,,,,,,,,,,,,,,,,,,,,,,,,,,,,,,,,-0.917895519481669,-0.9256621608414354,,,,,,,,,,,,,,,,,,,,-0.8482503639962701,,,,,,,,,,,,,,,,,,-0.10819887828554432,-0.09459461055882823,0.0,-0.09459461055882823,-0.09459461055882823,-0.09459461055882823,-0.13356779923911377,-0.09459461055882823,-0.07086395782690191,0.8742660927517798,0.03664282729047913,-0.14540816662701483,0.14540816662701483,0.15252295804188343,8672294.24624216,-0.07789705318003126,0.07798864934383126,-0.04322162970403165,0.03897318868028554,0.08893914831392613,0.20853214585365887,0.29361566623839797,1.0,3.0,1.0,1.0,0.0,23.0,23.0,0.0,1.0368158617390488,0.9422885882547891,0.7761193781995981,1.0368158617390488,1.0,0.15165408754573806,0.19758371866137858,1,1,1,1,1,1
historical_mega100_examples,2017-08-31,ENPH,0.9200000166893004,-0.7630279330229502,-0.494505499903814,1.7892561398542006,1.9100755449701734,-0.17857141716747882,-0.38255032832158287,-0.48603349927621975,0.259142719823813,0.15756635583620682,-0.5754189906928844,0.7859453436320678,-0.23463685253371014,-0.6158844144058709,0.6965598522154032,-0.6986362471057573,-0.5157894588243266,0.5157894588243266,-0.0908010704276545,0.49153006144125766,-0.7663736046626495,-0.7171890917019492,-0.32846714344001293,0.13057556142589624,-0.13138682257037326,0.0019603793773206313,0.41415908503463195,-0.22689077945240677,-0.34713047405621317,-0.48603349927621975,-0.22689077945240677,-0.3613445765385711,0.04961464513228364,0.21052635293918343,0.1447368627439909,0.1729560563077588,0.21052635293918343,0.35339647178766376,0.6956889243718921,0.9680260947744334,0.8563063575664336,-0.2530006317119393,-0.268894220175527,0.032751437175951637,-0.34285711974513744,0.34285711974513744,0.3142857605097251,733955.7600887995,0.8184103603991847,0.4444444444444444,0.07142857142857142,0.1349206349206349,0.06958278242097105,0.4617637487796941,0.1466634857466368,0.035782989134359955,0.05553007921250752,0.7948774040139208,0.08045976145262146,0.19240360763698813,0.057471277755039685,0.0028686180190129473,-0.2818825910931174,0.595722848828205,1.130467018282452,0.02922063479232139,-0.03961454913910334,-0.08910888576610387,0.08910888576610387,0.21052635293918343,0.4126984126984127,0.9682539682539683,600676.998131332,13.30581429311791,0.3968253968253968,0.07936507936507936,0.047619047619047616,0.06821410444937269,0.025260052220975604,-0.02105261176576878,-0.03159363344677678,-0.021276575507703344,0.3333333333333333,-0.08724136715895758,-0.3613445765385711,0.1447368627439909,-0.0420125242751066,-0.021276575507703344,0.05263160048343174,0.6734450326375488,0.03136014894733055,-0.03157891764865328,0.03157891764865328,0.17948724414705275,634675.7136455603,0.025641040975382223,0.055900617697546125,-0.01075267783478262,0.020735948767403256,0.03757029663142464,0.1298509151296512,0.26852243311913626,1.0,3.0,1.0,0.0,1.0,63.0,126.0,0.6510309278350516,0.6521738623400954,0.6630434169942818,2.1521739595215803,2.1521739595215803,1.0,0.23182775068288652,0.29686459409117877,1,1,1,1,1,1
yearly_top_future_return_examples,2017-09-30,ENPH,1.5199999809265137,0.05074775379865226,0.2881356343151835,1.6330677301021257,1.7060059136239996,0.504950490375089,-0.15083798138576865,0.10948903331099102,0.890510966689009,0.16782181361186677,-0.3649635023793565,1.112089907661616,-0.13138682257037326,0.005353151342789131,0.6376373719712685,0.14802130720593684,-0.19999999999999996,0.19999999999999996,0.020379403175232902,0.45974848365398063,-0.1933777879972407,0.40927096567720533,0.2773108469228578,0.47319015819800647,-0.3613445765385711,0.6147880460436987,0.3720354729811115,1.0,0.46226662674461627,0.10948903331099102,1.0,0.1447368627439909,0.23821567688695078,0.7471264052822595,0.08045976145262146,0.6880710885622199,0.7471264052822595,0.9339169913305974,0.7396842750392874,1.3991963953909219,1.0815321220330008,0.4832980972515857,1.4506663463378668,0.033460381928869895,-0.00653594160147164,0.00653594160147164,1.171428581159942,784065.3126878397,1.0475683760986487,0.4365079365079365,0.10317460317460317,0.10317460317460317,0.07441063158023532,0.7208712925542846,0.08257294416463223,0.3375558886541259,0.4113277517787457,1.9010703552010113,-0.021276575507703344,0.34030368388516957,0.6170212604061625,0.5388571382892375,0.1642880849651509,0.7999923036176821,1.2937169103778394,0.03519356623270232,0.642615549651657,-0.00653594160147164,0.00653594160147164,0.9487179957433112,0.15873015873015872,0.5079365079365079,821362.0263676795,13.618720466547337,0.47619047619047616,0.15873015873015872,0.06349206349206349,0.0787168256241798,0.2701949751949375,0.5538793033958989,0.6301418527046723,0.6521738623400954,0.5,0.06056041865334335,-0.3613445765385711,0.6521738623400954,0.6551260814918021,0.6521738623400954,0.12885257379542003,1.0349635713623182,0.04576598899764973,-0.00653594160147164,0.00653594160147164,0.6521738623400954,1189910.5582274143,0.043239524976588006,0.0968045042020603,0.05409152072429513,-0.0029522191517066254,0.05905531672003961,0.1041358819682019,0.23738788051653126,1.0,3.0,1.0,0.0,1.0,63.0,126.0,0.6520618556701031,0.006578941176802688,0.9078948235247617,0.585526392152766,0.9078948235247617,1.0,0.21628353208977957,0.25483817085909444,1,1,1,1,1,0
yearly_top_future_return_examples,2017-10-31,ENPH,1.5299999713897705,0.21647296572390484,0.5299999713897705,1.2922268301204636,1.3408217906654312,0.026845611810072167,0.11678829639745181,0.2857141998492554,0.472906447281795,0.72744368250435,-0.21008407359961145,0.8377436217596255,-0.3613445765385711,0.1613784321610381,0.3419453483107586,0.37914622474849685,-0.19473684705855776,0.19473684705855776,0.1408033838038354,0.5980621359748104,0.6396083385975995,1.6687241675611602,1.0131578823536054,0.3691440602282802,0.1447368627439909,0.4177168052476965,0.19803648426163412,0.7586206471310504,0.6858309097779705,0.2857141998492554,1.0131578823536054,0.08045976145262146,0.19552458084796198,0.627659548160014,-0.021276575507703344,0.5630568410282262,0.627659548160014,0.7718183359933868,0.7535725828175693,0.8827085623289052,1.0791553269251497,0.4797605473204105,0.48949580491698486,0.034805623014549765,-0.03773588725110655,0.03773588725110655,1.1857142820650215,813237.3758871404,1.040203337984909,0.4603174603174603,0.11904761904761904,0.0873015873015873,0.07520964812887776,1.0851508605672078,-0.031199945649634908,0.16356674091716417,0.173672888016557,1.1228189842466785,0.6521738623400954,0.3292205393041322,0.6630434169942818,0.014192143668746215,0.40753796095444694,0.8132218669723235,0.8179624751925354,0.03669574850019487,-0.07196708973844956,-0.03773588725110655,0.03773588725110655,0.9615384968074834,0.31746031746031744,0.8571428571428571,845932.2329718915,13.64819571463694,0.5238095238095238,0.1746031746031746,0.06349206349206349,0.07937168471866321,0.07898446900512646,-0.055555551068605546,0.00989039359238572,0.006578941176802688,0.6666666666666666,0.083554712611206,-0.3613445765385711,0.6521738623400954,-0.039484886637794814,0.006578941176802688,0.09795477407414288,0.6651849711893765,0.03415158262569248,-0.03773588725110655,0.03773588725110655,0.2142857007699217,705408.0942369642,0.12998520105601807,0.06069093082199092,0.09756095058068603,0.0460638278145975,0.06460270713178784,0.1243357676882173,0.31352700566586567,1.0,3.0,1.0,0.0,1.0,63.0,126.0,0.6529896907216495,0.895424934376454,0.5751634842460636,0.4379085547860193,0.895424934376454,1.0,0.24598102366868377,0.2990116180599109,1,1,1,1,1,0
yearly_top_future_return_examples,2017-12-31,ENPH,2.4100000858306885,1.0595032454870565,1.386138721372951,1.09142299225134,1.0592038454043131,0.7591241441186356,2.171052784305532,1.7701150260020122,-0.1505497628368202,-0.20628514095591077,0.7471264052822595,-0.16160001312949346,0.08045976145262146,1.6336184413975798,-1.1845886338492462,2.079085338799972,-0.23248407474042554,0.23248407474042554,0.26933197429282596,1.1577089833935188,0.3520524515393386,1.1437148454904702,1.5638298850461014,0.10671240387407391,-0.021276575507703344,0.3876893455554904,-0.2259481331389539,1.619565263165192,1.651170058071102,1.5638298850461014,1.7701150260020122,0.6521738623400954,0.2862335401661005,0.585526392152766,0.006578941176802688,0.5124034242947384,0.585526392152766,0.6461133222424753,0.851391231022631,0.6632361383557359,1.0644091682063073,-0.6802184466019418,-0.7342505014508469,0.03861379198566192,-0.23248407474042554,0.23248407474042554,2.0897438131140618,1475982.2489456525,1.4435149698077951,0.5,0.15079365079365079,0.0873015873015873,0.08155683862229143,0.8418281319331461,-0.15605095323769014,0.36907182615134215,0.06411165578267641,0.9322640945438296,0.895424934376454,0.4277669078427235,0.5751634842460636,0.1551648504402079,-0.4254623273843172,0.9062286320309426,0.6231026170822924,0.04203401773862153,-0.09935667458057862,-0.23248407474042554,0.23248407474042554,0.9126984952949229,0.3492063492063492,0.7936507936507936,2130602.4715236253,14.57191581752223,0.5238095238095238,0.14285714285714285,0.1111111111111111,0.08439685162040307,-0.10553009753004072,-0.1505524741344657,-0.2992269607712609,-0.16896551497342627,0.6666666666666666,0.24073256814414065,-0.16896551497342627,0.895424934376454,-0.17499664765116274,-0.16896551497342627,-0.08295279049076398,0.5646734322933861,0.027602971855142062,-0.16896551497342627,0.16896551497342627,0.0,2084990.7837095715,-0.04365076140061108,0.06135147913001556,-0.020325183553227655,0.006031132677736473,0.07312296785802763,0.13649658460443237,0.3266354758858945,1.0,3.0,1.0,0.0,1.0,63.0,126.0,0.6548246152543449,-0.08713694218587087,0.3775932842336174,0.8962655638604142,0.8962655638604142,1.0,0.18603975246538182,0.2400472799647393,1,1,1,1,1,0
yearly_top_future_return_examples,2018-01-31,ENPH,2.200000047683716,0.10423693447111271,0.4765100896661867,1.1443231787225236,1.1073037340286949,0.848739446973106,1.5287356731330628,1.340425588578431,-0.893057117992853,0.050878767698220084,0.627659548160014,-0.1897509933739947,-0.021276575507703344,1.1526449046288691,-0.9025170337924118,1.5411197143122375,-0.2993630655465044,0.2993630655465044,0.15656129477710223,1.323204947131351,0.2373338470429589,0.7791729237893665,1.3913043562766512,0.5309040436361956,0.6521738623400954,0.09529027557852898,-0.26162717829539783,0.44736847058557805,1.0596994718135535,0.44736847058557805,1.3913043562766512,0.006578941176802688,0.09952313726240214,0.4379085547860193,0.895424934376454,0.3222053201496584,0.4379085547860193,0.47174805254925756,0.8697738249209465,0.8468244135605231,1.0672520056680275,0.3542061986084757,0.23620481137258098,0.039877253237468525,-0.2993630655465044,0.2993630655465044,1.820512985101589,1681447.7424147583,1.5004378897968245,0.5238095238095238,0.16666666666666666,0.11904761904761904,0.0837484873091841,1.0398251578436135,-0.06687899080607884,-0.1480885835421616,-0.11653680851864845,1.0238361764934663,-0.16896551497342627,0.44543287663892567,-0.2413793188496519,-0.16552511827711558,-0.2588276021232403,0.9282678591244319,0.7934624709657663,0.04315419127441349,-0.18928571317066145,-0.2993630655465044,0.2993630655465044,0.5714286322496385,0.6825396825396826,0.9682539682539683,2522907.9024324343,14.740923120127267,0.5238095238095238,0.15873015873015872,0.1746031746031746,0.08831843138916949,-0.04153352741007277,-0.14715448399436004,-0.11830486702348739,-0.08713694218587087,0.5,0.21279978420439194,-0.16896551497342627,0.895424934376454,-0.17470736168624323,-0.08713694218587087,0.0031919931539841073,0.7365457092189736,0.03654702367910312,-0.15384610446952318,0.15384610446952318,0.13402060968790508,1862667.5301881065,0.07684779270434716,0.08311687171670337,0.048617752947395676,0.08757041950037237,0.1157032346363609,0.18778068394956193,0.372273155195074,1.0,3.0,1.0,0.0,1.0,63.0,126.0,0.6550308008213552,0.509090846038063,1.0772727602769514,0.8863636388266383,1.0772727602769514,1.0,0.10322671665514024,0.1467352252869188,1,1,1,1,1,1
yearly_top_future_return_examples,2018-03-31,TKO,32.58992004394531,0.43034581117394266,0.6504382863341927,1.0147693246293699,1.0180797526969416,0.7899292995638973,0.6725170080545868,0.5398106267230101,-0.2669943016031944,-0.17296007077538555,0.3034203496833281,-0.12205884408989909,0.1265391231124562,0.43479040676118164,-0.35844912112958105,1.6276541808838356,-0.061661404525024444,0.061661404525024444,0.09610999493584527,1.5523384526224282,0.09922449791210974,0.2985815078386309,0.3668505559476245,0.13542745889625532,0.07387886922251496,0.10057525499240239,0.009419762097455098,0.2728163251198157,0.39315916926348343,0.2728163251198157,0.5398106267230101,0.07741476177560602,0.0724850007054576,0.181361505593429,0.1559844158358339,0.15163774321094237,0.181361505593429,0.7441681959979051,0.3316494578903035,0.5110698667128554,0.7348432603550168,-0.7286338422266948,-0.7430306210639783,0.013389564550077889,-0.061661404525024444,0.061661404525024444,0.6827162095074506,22399974.416643474,1.2196008807691243,0.07936507936507936,0.015873015873015872,0.007936507936507936,0.024503606134032314,0.602408325614341,-0.05826548607832294,0.057088459582009365,0.0027154453948290413,0.8655125778411815,0.07920797704950489,0.07158287401482871,0.021952795738380493,0.04095016713575239,-0.5046890866734365,0.24371036893108444,0.6954814642593956,0.011931844849229552,-0.007463316172018342,-0.061661404525024444,0.061661404525024444,0.19070660212910395,0.25396825396825395,0.9841269841269841,27319028.527744234,17.123094069625395,0.06349206349206349,0.0,0.0,0.025710637173789977,-0.025963758939765325,-0.024685345240553325,-0.3130041390731565,-0.05305296340345533,0.8333333333333334,0.07666203059874344,-0.05305296340345533,0.1559844158358339,-0.012264715945738969,-0.05305296340345533,-0.028596025072603615,0.16949604423938813,0.008071788393847742,-0.061661404525024444,0.061661404525024444,0.005304197041812175,26160077.71866208,-0.00848068125755208,0.020341090830984034,-0.005413520165562957,-0.040788247457716365,0.02972376238248664,0.10502021996182842,0.22009247516025,1.0,3.0,1.0,1.0,0.0,63.0,126.0,0.5627924394923756,0.10497068329483894,0.6076091399387493,1.0261565502223275,1.0261565502223275,1.0,0.18417890011131202,0.25508338961319704,1,1,1,1,1,1
yearly_top_future_return_examples,2018-04-30,TKO,36.01090621948242,0.6972038733445036,0.890914936257027,1.1884001199780914,1.2108196565183804,0.9039786013142439,0.7014456003547787,0.5103297927673771,-0.20495996271358607,-0.1039050682909084,0.3374889345647798,-0.2082610555626705,0.07387886922251496,0.44862643224283305,-0.3811019137652678,1.7811993384522211,-0.012900103017625897,0.012900103017625897,0.07012407073441396,1.4046081239346466,-0.4218646973493341,-0.34715349841154597,0.4064247244764687,0.10248328418078033,0.07741476177560602,0.13641345408831773,-0.012900103017625897,0.30536983005379104,0.4073747824325456,0.30536983005379104,0.5103297927673771,0.1559844158358339,0.04611721082781628,0.1292278790021093,0.07920797704950489,0.17762773340372984,0.1292278790021093,0.47788962115857286,0.2865090850588513,0.9924602929191451,0.9438222688381022,-0.20694645441389292,-0.12369908184432443,0.01340345458774961,-0.012900103017625897,0.012900103017625897,0.5831305795036505,24951136.761327773,1.1496407137066795,0.07142857142857142,0.007936507936507936,0.007936507936507936,0.025282553473365617,0.5395913678509888,0.04876130150739855,0.02049749380331467,0.05912717942136747,0.9586678397277973,-0.05305296340345533,0.06907483157889932,0.046348714072106834,0.039504741625989714,-0.5656969256678666,0.27041365470297385,1.0515330329521881,0.013120241593593502,0.08376002049969267,-0.012900103017625897,0.012900103017625897,0.17961624908983143,0.031746031746031744,0.873015873015873,28684842.67408583,17.171879446258995,0.07936507936507936,0.0,0.0,0.02663153557738732,0.05466353163401383,0.09572978631003193,0.36916157160693064,0.10497068329483894,0.8333333333333334,0.07306729062914057,-0.05305296340345533,0.1559844158358339,0.0999126207805705,0.10497068329483894,0.03258106572162589,0.2843488904815038,0.014225929170431624,-0.012900103017625897,0.012900103017625897,0.13880896084155658,26957068.284170967,0.01092470510743171,0.02297781466270974,0.002974379221185375,0.0050580625142684355,-0.048399854401620535,0.06170336052454406,0.19371106291252338,1.0,3.0,1.0,1.0,0.0,63.0,126.0,0.4723974571725502,0.454888499978231,0.8336744864403689,0.9920623242923787,0.9920623242923787,1.0,0.1968647466393909,0.251826532938964,1,1,1,1,1,0
yearly_top_future_return_examples,2018-05-31,CVNA,5.769999980926514,1.656534823844221,1.870646770300067,0.6964661791242198,0.7138615820705461,0.6162465234797225,1.0345557301754025,0.7797655143788755,-0.2685031092600074,-0.2708742593157538,0.23627383395154,0.20334695676774284,0.17951874159706915,0.6795261947872397,-0.3401447236595927,1.1926390372379718,-0.041528239334233885,0.041528239334233885,0.057070136462716636,1.3985668735214454,0.7161314839445183,1.4705785638944637,0.5088912550631217,0.15570934803597836,-0.0015689863307092322,0.2699404811457169,0.0961653706166441,0.5112624051188681,0.5999730581869551,0.5088912550631217,0.7797655143788755,0.04976422601106689,0.12391468285793583,0.43962079071928284,0.14421159768410363,0.42086639141455495,0.43962079071928284,0.6522504758123921,0.6538151863490327,0.7599152212368723,1.0308816630825275,-0.5057458684469738,-0.455962175963441,0.030651094184406168,-0.041528239334233885,0.041528239334233885,0.8505451970661821,16182945.413777752,1.478718920846686,0.3888888888888889,0.1111111111111111,0.07142857142857142,0.06100504929132144,1.3429484796669393,0.08770762119644149,0.08762258130567879,0.12562523714812457,1.090506591922933,0.1430440781160336,0.06772008949106491,0.2581770658793274,0.004876386709082636,-0.11433614434202788,0.6740060866521034,0.7371507792316189,0.029453103334006858,-0.05624933952006628,-0.041528239334233885,0.041528239334233885,0.6960611596225725,0.49206349206349204,0.9206349206349206,23930027.578382265,16.990644654132996,0.2857142857142857,0.1111111111111111,0.07936507936507936,0.059508089322517645,0.06747739196910874,-0.016449511225421598,0.20272936009435097,0.10072488888884856,0.8333333333333334,0.10261575766106877,-0.0015689863307092322,0.17951874159706915,0.043995333793406255,0.10072488888884856,0.08950150618776354,0.49684411198245204,0.021473960802180114,0.0,-0.0,0.16518574645956607,29191297.57137526,0.0753690111373504,0.05237681955611787,0.06749056020867483,0.05672955509544231,0.018754399304727887,0.10023931959163579,0.21411194645584608,1.0,3.0,1.0,1.0,0.0,63.0,126.0,0.6646179053940796,0.44194102639983734,0.4904680086478592,1.244020796711427,1.244020796711427,1.0,0.20861997567645862,0.2689557059460411,1,1,1,1,1,1
yearly_top_future_return_examples,2018-06-30,AMD,14.989999771118164,-0.05603220105727691,0.2011218205887899,1.0540396617020928,1.0465601030428042,0.1756862565582873,0.3764921302605231,0.4581712218377323,-0.2203512221606112,-0.3671959655915471,-0.022373496907655332,0.5139157343831836,0.3365758879399252,0.3520050980885525,0.03337101563779599,0.955684331938481,-0.12390419424946109,0.12390419424946109,0.05692924850775394,0.8229210750536115,-0.14694729403838014,0.27236414173454837,0.09097525624618519,0.18482014542417585,-0.11863174247405883,0.22019713419815967,0.14465473164948806,0.23781999967712109,0.2623221592536795,0.09097525624618519,0.4581712218377323,-0.17010731002015633,0.2077329325546513,0.4915422374755283,0.08258705551779344,0.4173064432176321,0.4915422374755283,1.0279890307914765,0.47941690213586713,1.0848876431610772,0.9973762450605834,-0.11261023511839252,-0.031174594613184836,0.023796953169062187,-0.12390419424946109,0.12390419424946109,0.5729276171180642,770251200.0760978,1.0224198765754635,0.2857142857142857,0.03968253968253968,0.031746031746031744,0.04040415397180625,0.6698374379336579,-0.11739188205153839,0.25569011379802564,0.11086407266517151,1.5703963511450616,0.2619484740641347,0.20054277951089444,0.3777573174123485,0.2461758773404077,-0.10329270741638319,0.47815902967084833,1.0877416105846578,0.023021437690430722,0.18757065002629125,-0.12390419424946109,0.12390419424946109,0.5729276171180642,0.14285714285714285,0.9206349206349206,787520136.9139067,20.48439950029127,0.25396825396825395,0.031746031746031744,0.015873015873015872,0.03769929803536345,0.0038394406797852554,0.11818452055294681,0.17644201032130802,0.09176986678009813,0.6666666666666666,0.08069037196795605,-0.17010731002015633,0.3365758879399252,0.08031941360217609,0.09176986678009813,-0.044157522549654105,0.5201134730497657,0.027580913476417182,-0.12390419424946109,0.12390419424946109,0.04097223390399707,1220785460.2101507,-0.04915955432721686,0.05508435841584377,-0.012256210562038627,0.011450453177922038,0.07423579425789617,0.10616612374917977,0.2571540216460668,2.0,8.0,2.0,1.0,1.0,63.0,126.0,0.9673824130879345,0.22281522372156393,0.6791194436700392,1.0607071288396845,1.0607071288396845,1.0,0.20791160058929728,0.25836932918699723,1,1,1,1,1,1
yearly_top_future_return_examples,2018-12-31,ENPH,4.730000019073486,0.9639178577527344,0.9626555396752738,1.089180303806709,1.131058490349966,0.03501090621489911,-0.17452006922710195,-0.2971768193657952,0.2644570132756776,0.09213483124809674,-0.2793462272084415,0.2546039822767536,-0.11589899072774912,-0.20005899997124688,0.27243457443410735,-0.45556806883737255,-0.3676470578860547,0.3676470578860547,-0.04192126297769838,0.544886293291138,-0.739229386194497,-0.7456814365922593,-0.20504198811769847,0.13423938407347394,-0.17815125659818432,-0.04537013909269605,0.15739647498028675,-0.0327198060901176,-0.17831287119120376,-0.2971768193657952,-0.0327198060901176,-0.008179951522529372,0.06006153803128278,-0.024742244931687862,-0.06391751523199796,0.14259010608554934,-0.024742244931687862,-0.04079993064921537,0.652321441500942,0.816938787834291,0.9296468950206527,-0.09843418050200647,-0.21029513553529844,0.032324663255643815,-0.3676470578860547,0.3676470578860547,0.21593827545410926,13356437.696197297,0.6432731597059332,0.4444444444444444,0.09523809523809523,0.1111111111111111,0.06832355529915116,0.41061477539464963,-0.12363985683494316,0.058445856024391674,-0.08471689495600143,0.9704060075582408,0.18942734377543702,0.13078253186402716,0.041850233219585586,0.0066917960598302795,-0.23801290150960963,0.606428602646747,0.8787624550890822,0.030873148713073464,-0.06179353168603108,-0.19420781749760074,0.19420781749760074,0.13975901454881834,0.25396825396825395,0.6666666666666666,8591837.87924827,15.966323343139715,0.4126984126984127,0.09523809523809523,0.07936507936507936,0.06463011127421615,-0.11262584761673977,-0.09025682686558123,-0.2328251622198555,-0.12407408601135528,0.16666666666666666,-0.05013240938606317,-0.17815125659818432,0.18942734377543702,-0.03746698894693146,-0.12407408601135528,-0.11431513103195878,0.5329066876980969,0.026652632099378556,-0.19420781749760074,0.19420781749760074,0.019396585167589242,9184860.262609664,-0.050200793926213017,0.06991846948723933,-0.01826482300978227,-0.08660709706442382,-0.1673323510172372,-0.09711781939454833,-0.001262318077460578,1.0,3.0,1.0,0.0,1.0,63.0,126.0,0.6481670061099797,0.528541224084329,0.9175474964587536,0.951374102540554,0.951374102540554,0.9979716024340771,0.33487733160749894,0.39264035182649126,1,1,1,1,1,0
yearly_top_future_return_examples,2018-12-31,PLUG,1.2400000095367432,-0.47331392571241704,-0.4745762437898776,1.1199864212833994,1.160597521416956,-0.3439153339036457,-0.3368983923129262,-0.38613860334395045,0.015580223409064176,0.00613860811232203,-0.04950496276539107,-0.30466168449872155,-0.009900980750178201,-0.2890207839494021,0.03197195607983783,-0.6325120060792707,-0.4876033179983559,0.4876033179983559,-0.06558755595952226,0.7236149632142846,2.200921816319563,1.0672620684791094,-0.3799999952316284,0.007848247898360207,-0.014999985694885365,-0.30258717011695313,-0.24155865450257596,-0.3705583799348863,-0.37889899283682177,-0.38613860334395045,-0.3705583799348863,-0.025380746598692494,-0.11069317198011064,-0.3541666472641126,-0.0364582993788638,-0.18683429624687542,-0.3541666472641126,-0.4646093097814711,0.6104842273864394,2.035298937046145,1.248663176544285,2.426404751027867,1.4278525279721697,0.022211088117827082,-0.4311926735941479,0.4311926735941479,0.2277227933120991,4483631.5161980335,0.8931501728697695,0.20634920634920634,0.031746031746031744,0.05555555555555555,0.044671262257062964,1.8555548225359546,-0.2491496164000616,-0.18317992934307692,-0.2507552801673222,1.446208223707995,-0.05405406624492348,0.1086395884910113,-0.3297297332128353,-0.24986360844348798,0.8607105054247155,0.762289174598535,1.629982348545666,0.025147195594425385,-0.33164700546532044,-0.36082475620472043,0.36082475620472043,0.2277227933120991,0.7619047619047619,0.09523809523809523,4004556.2637766204,15.202943586500448,0.2222222222222222,0.015873015873015872,0.07936507936507936,0.05260743398675409,-0.1780821852863298,-0.2949886152412634,-0.23454677489480827,-0.2914285659790039,0.0,-0.07203710744109121,-0.2914285659790039,-0.009900980750178201,-0.20482146891458008,-0.2914285659790039,-0.098181811246005,1.2425178990830572,0.04389852305877516,-0.2994350153113221,0.2994350153113221,0.2277227933120991,4630439.297109558,0.0428932177402237,0.09447004453236023,0.0016155266191746342,-0.08660709706442382,-0.1673323510172372,-0.09711781939454833,-0.001262318077460578,1.0,3.0,1.0,0.0,1.0,63.0,126.0,0.6120162932790224,0.10483870502565207,0.44354834523086883,0.9354839329913056,0.9354839329913056,0.9959432048681541,0.33487733160749894,0.39264035182649126,1,1,1,1,1,0
yearly_top_future_return_examples,2018-12-31,SE,11.31999969482422,-0.1495253968802307,-0.15078771495769128,1.3018667804805024,1.3524026809559178,0.004436489354896711,-0.23461800378490694,-0.24533335367838527,0.03971929717482181,0.048170189746915115,-0.07800000508626292,-0.10348952801051137,-0.05999997456868478,-0.14821553428383694,0.06384382058161098,-0.4830735030041024,-0.31518455991537964,0.31518455991537964,-0.047213845836170276,1.290971781645657,-0.4728824447095531,-0.5685487637063293,-0.19716316393147015,0.025720962052965916,0.010638270529935712,-0.1322013309931941,-0.05543215300868687,-0.20561405650356346,-0.21603685803780628,-0.24533335367838527,-0.19716316393147015,-0.02947368956448726,-0.052403288593085295,-0.1814895330967743,-0.0563991133242302,-0.01415718207953709,-0.1814895330967743,-0.34808873655792494,0.5078592639685763,0.8346928495481487,1.0266401242632086,-0.8166789008393707,-0.8444381737019255,0.025585674367087193,-0.31518455991537964,0.31518455991537964,0.0540037184419484,19803437.563222554,0.8596277628322734,0.3333333333333333,0.07142857142857142,0.07142857142857142,0.049283738798721624,0.37502040283354554,-0.13247019203365473,-0.04975969394975854,-0.08451275659762603,0.8211732030428857,0.02222221897428933,0.06250028261590361,-0.1325670858716841,-0.07194216549593047,-0.7054459676592253,0.5213886978689208,0.813033535141815,0.025767927528060744,-0.11360593322021217,-0.21877157531861857,0.21877157531861857,0.0540037184419484,0.9841269841269841,0.07936507936507936,17023584.72886161,16.650110336291565,0.3492063492063492,0.07936507936507936,0.07936507936507936,0.052647909667949334,-0.0664944238403532,-0.1372669977204084,-0.35721160631528265,-0.1514243204391419,0.3333333333333333,-0.044072768065386514,-0.1514243204391419,0.02222221897428933,-0.06481722337471807,-0.1514243204391419,-0.04149027981575848,0.4239064962113564,0.021034721667840723,-0.1514243204391419,0.1514243204391419,0.0540037184419484,13030805.047839029,0.006132776082149682,0.0487190687690187,0.010714275678809893,-0.08660709706442382,-0.1673323510172372,-0.09711781939454833,-0.001262318077460578,1.0,4.0,1.0,0.0,1.0,63.0,126.0,0.640122199592668,0.23763256241849096,0.8992933374221135,1.0777386123532837,1.0777386123532837,1.0,0.33487733160749894,0.39264035182649126,1,1,1,1,1,1
historical_mega100_examples,2019-04-30,ENPH,10.039999961853027,1.2313857738773908,1.4192770436464555,0.9799929969780165,1.0045833639424324,0.6873950056635434,1.0701031256233908,1.2114537546725317,-0.08883220681476534,-0.3521945353132261,0.592511030798009,-0.20385267182615974,0.18942734377543702,1.0901009127632135,-0.8227953957006824,2.2370196610571296,-0.037392169886056315,0.037392169886056315,0.13740412490649967,0.8868439574391741,-0.2872789442752578,-0.01027394835259543,0.8592592193593056,0.1831628909578446,-0.12407408601135528,0.31207527059750073,-0.037392169886056315,1.1226215478577664,1.0644448406298679,0.8592592193593056,1.2114537546725317,0.528541224084329,0.1380174703894328,0.3886583589718493,0.2544951135403355,0.25946652321001373,0.3886583589718493,0.8279956373994404,0.541548103381463,0.7933825554927394,0.866768110889893,0.44897626676804436,0.5761346028791192,0.027605942948206622,-0.037392169886056315,0.037392169886056315,1.4192770436464555,13972125.597471282,1.3313329420825375,0.3968253968253968,0.1111111111111111,0.023809523809523808,0.055263090679903204,1.1278958345076378,0.008109436172487494,0.10365080836135543,0.09480295489289237,0.9767093571681312,0.017640557088817843,0.22440801783401837,0.10694600878347726,0.09303878666856802,-0.0035728957884646473,0.46939662652395514,0.9153342693678357,0.023572552961248196,0.07455996223920947,-0.037392169886056315,0.037392169886056315,0.4342857088361467,0.031746031746031744,0.9523809523809523,18601551.078828175,16.73875558030037,0.36507936507936506,0.07936507936507936,0.0,0.046587732021494827,0.04768861558503401,0.12419176632244455,0.20425085256846695,0.0877573629240338,0.8333333333333334,0.15896458590026633,-0.12407408601135528,0.528541224084329,0.032764723712783494,0.0877573629240338,0.022247110420945404,0.4296548181830313,0.022577047173853802,-0.037392169886056315,0.037392169886056315,0.08423323042027375,18696037.24339803,0.021467093617286492,0.03884462193292714,-0.0043633531673128445,0.054992639211250305,0.12919183576183557,0.12135284190931817,0.18789126976906467,1.0,3.0,1.0,0.0,1.0,63.0,126.0,0.6484180079655049,0.51095618863868,0.8157370130977288,1.803784833215755,1.803784833215755,1.0,0.1534435948100954,0.20611168740172825,1,1,1,1,1,1
yearly_top_future_return_examples,2019-09-30,BE,3.25,-0.9299741999674377,-0.9046361553584629,0.8886018658277912,0.9472714896999874,-0.6743486824577813,-0.7753973780217948,-0.7484520138693179,0.049377934480700936,-0.012928307180031906,-0.05030956770061579,-0.6848167665495506,0.05417955148077147,-0.8038291188861973,0.013325679619151543,-0.8520256527708829,-0.9046361553584629,0.9046361553584629,-0.17561346864462346,1.0934540202861558,-0.7269777650539173,-0.9276835997986188,-0.7613803210493498,0.032882085522888446,-0.20704843748304202,-0.6384912296207095,-0.5552114806768156,-0.699074079388617,-0.7363021381024283,-0.7613803210493498,-0.699074079388617,0.1361111334321916,-0.3609348545687865,-0.7351263342501664,-0.1483293056722712,-0.7482500839932855,-0.7351263342501664,-0.6694143423651485,0.8784383562106001,1.1760272705386106,1.2501314386554951,0.09177637855371112,-0.20797472875158973,0.03453879254974063,-0.7870249048981737,0.7870249048981737,0.0030864168005624304,15267026.023806088,0.8850130805119062,0.4444444444444444,0.09523809523809523,0.1349206349206349,0.0668713708503613,0.7545701804994642,-0.09418070287547409,-0.4511417483677629,-0.4674924606237624,0.6869595523143164,-0.5712918563786531,0.2520934761844398,-0.6889952096345018,-0.3714556543608897,0.054535960560871066,1.0981634060197258,0.9407228985485053,0.04176298013249434,-0.3011351903324312,-0.7511485531716863,0.7511485531716863,0.0030864168005624304,0.873015873015873,0.06349206349206349,13511517.731584065,16.419053118983463,0.5238095238095238,0.09523809523809523,0.20634920634920634,0.07580222082107232,-0.23463379947668628,-0.2372575540082067,-0.26576538755925555,-0.27455357451714113,0.3333333333333333,-0.16848874818969073,-0.5712918563786531,0.1361111334321916,-0.2837321643790639,-0.27455357451714113,-0.18321185904682769,1.0330674623907756,0.04770326884711329,-0.33537830496184673,0.33537830496184673,0.0030864168005624304,10592493.594639642,-0.040165383913447816,0.12298901002485674,-0.039030164546463686,0.00917858986192277,0.01312374974311914,0.055377105016879424,0.02533804460897482,1.0,3.0,1.0,0.0,1.0,63.0,126.0,0.6533132530120482,-0.05846155606783354,1.006153840285081,1.2984614739051232,1.2984614739051232,1.0,0.2397946478299464,0.31444018919112143,1,1,1,1,1,1
historical_mega100_examples,2019-10-31,BE,3.059999942779541,-1.0420534531293093,-0.8711578971461246,0.8579264703650048,0.8058888691446936,-0.6761904757099146,-0.7631579005642475,-0.7753303987892117,0.024719137877918795,0.05866372182050794,-0.23274596937809156,-0.4744310642457277,-0.20704843748304202,-0.819511598695488,0.0681533651653925,-0.8686652268205408,-0.8711578971461246,0.8711578971461246,-0.20401958558616928,1.0047392614980497,-0.07610178260665068,-0.7294613833532139,-0.7166666769687038,0.029452512100829307,0.1361111334321916,-0.5622505559518078,-0.3667095158282214,-0.7506112609112929,-0.7475361122230696,-0.7753303987892117,-0.7166666769687038,-0.1483293056722712,-0.380796525443712,-0.7071770336238192,-0.5712918563786531,-0.7405494085214539,-0.7071770336238192,-0.6082574501163313,0.892553742052102,0.8418955080006414,1.3025857893761235,-0.14177735057672147,-0.19195038211466509,0.035789782373357365,-0.7921195728757148,0.7921195728757148,0.14606736155113875,13547723.558596013,0.8257848880073573,0.4365079365079365,0.0873015873015873,0.15873015873015872,0.07200119043265815,0.6585496686521463,0.06923586909494461,-0.2490224789683292,-0.14872309950647944,0.46585429627216246,-0.27455357451714113,0.2358668035778793,-0.31696430139471676,-0.23172951770017358,-0.07191117410819747,1.1626278206515501,0.6463263417021226,0.04623819841256614,-0.156259330032396,-0.6819126840767417,0.6819126840767417,0.14606736155113875,0.9841269841269841,0.07936507936507936,11187505.381589845,16.230308211986525,0.5555555555555556,0.12698412698412698,0.23809523809523808,0.08833582613881967,-0.004230415565702583,-0.13304982090795947,-0.07779967868308996,-0.05846155606783354,0.16666666666666666,-0.1872622661144582,-0.5712918563786531,0.1361111334321916,-0.10226236875106276,-0.05846155606783354,0.03588352551876395,0.7514369860828278,0.03541291086424983,-0.09198811670823315,0.09198811670823315,0.14606736155113875,6516105.410355614,0.08356937532289721,0.07462651372704458,0.07217937872094637,0.04380081268322922,0.03337237489763467,0.044181199906276225,0.17089555598318484,1.0,3.0,1.0,0.0,1.0,63.0,126.0,0.6535681648750691,1.1307189878585726,1.4411764476721856,1.5751634842460636,1.5751634842460636,1.0,0.22726711878119296,0.2922366080128468,1,1,1,1,1,1
historical_mega100_examples,2019-10-31,PCG,6.064196586608887,-1.0390861058732934,-0.8681905498901086,0.9019189997448124,0.9258590997290672,-0.5253845557304357,-0.6533707380073077,-0.7260213043234353,-0.004781432807295372,0.08684001949926001,-0.19493801498884178,-0.46474198384656784,-0.2406749313348211,-0.7702025042297115,0.06634130548802564,-0.6092568781502301,-0.8735655566413698,0.8735655566413698,-0.13587822737213995,1.2575360796626116,5.970670235307238,1.372258502597734,-0.6391812848241752,0.05157283136349497,0.3403506088063366,-0.5670114212881958,-0.42366017706164194,-0.7308027371307306,-0.6986684420927803,-0.7308027371307306,-0.6391812848241752,-0.20898782925463,-0.27775938827194924,-0.6596799988354096,-0.42360720937075635,-0.6930523737330443,-0.6596799988354096,-0.42645551207867244,1.1916505670444206,1.9698786255242862,1.298107504185399,1.0085260440655093,0.23926053995492724,0.046129267998177535,-0.7423799617141527,0.7423799617141527,0.6236843795248044,138816240.9180448,0.9482906872916043,0.5,0.12698412698412698,0.15079365079365079,0.07270047565364388,1.9949996808306913,-0.11309529797435292,-0.2013786446895044,-0.35767967692946523,0.7238682755543527,-0.04306204546155146,0.2800539459861124,-0.4095692959777212,-0.2731956205318887,0.6886262055633767,1.5468905434471485,1.5175003758725232,0.06081292240315745,-0.38686405008136937,-0.6666666491929887,0.6666666491929887,0.6236843795248044,0.9365079365079365,0.047619047619047616,131638148.50740963,18.695567424719474,0.5555555555555556,0.1746031746031746,0.2222222222222222,0.08443332186474618,-0.28990673292382785,-0.47383256642515215,-0.16315876098009474,-0.383000014554699,0.16666666666666666,-0.15983023686168688,-0.42360720937075635,0.3403506088063366,-0.4268008272379282,-0.383000014554699,-0.21195473148314448,2.3474069811146996,0.09525841460610597,-0.46347825089129613,0.46347825089129613,0.6236843795248044,160719286.3117695,-0.0571515303987058,0.1294280861707542,0.18018372144909067,0.04380081268322922,0.03337237489763467,0.044181199906276225,0.17089555598318484,1.0,3.0,1.0,1.0,0.0,63.0,126.0,0.8164598513815742,0.20907601484626492,0.7617501872610288,1.4651535650521148,1.4651535650521148,0.99800796812749,0.22726711878119296,0.2922366080128468,1,1,1,1,1,1
yearly_top_future_return_examples,2019-10-31,TSLA,20.994667053222656,-0.23730136169164295,-0.06640580570845811,1.0471249828227196,1.0716886146525475,0.02573122096122793,0.12527694244095344,0.31936819208803535,0.08992210495211306,0.38143116685492506,0.012233332839895139,0.2911896520428996,-0.22426582233190806,0.2751869921817591,-0.01594520720524062,0.6035494513927228,-0.16420285403725898,0.16420285403725898,0.05987007392371568,0.8342133073474315,-0.44793096685624634,-0.2804205329584101,0.7007993589429604,0.19939627762272208,0.20684812952665022,0.31103046082201646,0.04759272565219119,0.4092902970401484,0.4764859493570481,0.31936819208803535,0.7007993589429604,0.08122252974300093,0.06624757243347479,0.30342298488279473,-0.06622236595163389,0.27005060998516006,0.30342298488279473,0.5515214140958496,0.5291499998071013,1.390496391641222,1.03969821044525,-0.13823599442157897,0.12669371898537385,0.02175331461543347,-0.04025843634675308,0.04025843634675308,0.759624660366405,2125438097.558521,0.9150965333202058,0.23015873015873015,0.031746031746031744,0.047619047619047616,0.03495381825547969,0.6509548494016534,0.0503863490965073,0.11549096881292464,0.2701531927076499,1.4563967941256366,0.0676388894701141,0.18973973238272088,0.3958601463089684,0.12907948268551372,-0.24997779685603483,0.5501563078565476,1.3374038520714036,0.02174556016409923,0.22084267123804358,-0.04025843634675308,0.04025843634675308,0.48968783248480463,0.06349206349206349,0.7619047619047619,1944981034.862496,21.388518063770057,0.19047619047619047,0.047619047619047616,0.031746031746031744,0.03352730412009709,0.21348974141772792,0.3202706099664878,0.4178242601009731,0.3074272210164204,0.6666666666666666,0.06210809691210728,-0.22426582233190806,0.3074272210164204,0.2636264083331912,0.3074272210164204,0.1652245873717888,0.7357811653687277,0.02524494840191008,-0.04025843634675308,0.04025843634675308,0.36075702197967274,2895408702.041422,0.07761483391410318,0.042405329037360384,-0.017097486659638506,0.04380081268322922,0.03337237489763467,0.044181199906276225,0.17089555598318484,2.0,8.0,2.0,1.0,1.0,63.0,126.0,0.9680933314094702,0.047694647129001844,0.32836906068835336,1.0658262389195774,1.0658262389195774,0.9960159362549801,0.22726711878119296,0.2922366080128468,1,1,1,1,1,1
yearly_top_future_return_examples,2019-11-30,ENPH,21.8700008392334,2.8282180034826805,3.0500000838880172,0.7108216758723026,0.7419763272409658,1.411246039149646,1.1782869444550248,0.44166122143990627,-0.6647517672444948,-0.2419902730910759,0.9558338778560096,-1.2187256613748332,0.20171387281165698,0.25759689827166965,-0.7045530049587299,0.5269454258038138,-0.3720930321705024,0.3720930321705024,0.00976452021237928,1.005020772538307,-0.3994656738052267,-0.5573412138828456,0.19967094834883037,0.33644749101561244,0.5441579991985581,-0.10159343886552319,-0.06685538570921445,-0.22309054580458854,0.1394138746613827,-0.22309054580458854,0.44166122143990627,0.05399646459544183,-0.14071330954922,-0.2628917835188236,-0.2507583591144682,-0.35913966292537247,-0.2628917835188236,-0.3090814629931464,0.8381536299820552,0.7422452650542698,1.0147999175800346,-0.5333590989399293,-0.47475878859940923,0.03539211751226926,-0.3720930321705024,0.3720930321705024,0.3947704345397478,118973960.13696913,1.0732269540313484,0.4365079365079365,0.11904761904761904,0.11904761904761904,0.0641241893947062,0.4643004290430856,0.22714401804585815,-0.14109105079192796,-0.007938273370601268,0.734896202025133,-0.12595588370303978,0.2771433171201093,-0.01619427397283313,-0.19412032799529533,-0.30839352346869753,0.8505582346251964,0.7314203048264742,0.03680643261510066,-0.1624999774495759,-0.21500357644976287,0.21500357644976287,0.2183843960824443,0.9682539682539683,0.2857142857142857,127686060.84684645,18.665085167409448,0.4603174603174603,0.1111111111111111,0.15873015873015872,0.07446657692292116,0.056317652403678586,-0.08715319855203019,0.2018580380843965,0.12557902705784563,0.6666666666666666,0.0914555201409991,-0.2507583591144682,0.5441579991985581,0.08488489115022113,0.12557902705784563,0.13084621959873166,0.6221155632422289,0.03308487383920624,-0.050781251293503527,0.050781251293503527,0.2183843960824443,102984814.70884596,0.08805972259559969,0.06032398786528127,0.022536017390510255,0.040694135907624496,0.09624787940654889,0.18406432316823662,0.22178208040533676,1.0,3.0,1.0,0.0,1.0,63.0,126.0,0.8031653560349181,0.19478729575039777,0.441243678473884,1.2391403448350142,1.2391403448350142,1.0,0.13999788852401127,0.19909373801611238,1,1,1,1,1,1
yearly_top_future_return_examples,2019-11-30,PCG,7.332074642181396,-0.9389921102820129,-0.7172100298766761,0.9726043278269654,1.019867229902032,-0.5619494981206232,-0.6687389304786016,-0.5637427457732642,-0.024784503446176664,-0.11077730042923706,-0.3888889708516753,0.10276457351380686,0.3403506088063366,-0.7478070689415008,0.2776183484353958,-0.4457753530638258,-0.7248247870231836,0.7248247870231836,-0.20797545903596848,1.3754597047497532,0.4634165008418798,0.044697336484204486,-0.6745200462025013,0.05813868911839577,-0.20898782925463,-0.34495901612366464,0.17514979964494426,-0.5885272492194409,-0.6089300137317355,-0.6745200462025013,-0.5637427457732642,-0.42360720937075635,-0.17464068774037622,-0.28612439733786843,-0.04306204546155146,-0.3823722767444173,-0.28612439733786843,-0.18389966229716917,1.264634174811697,0.9113078113142802,1.2302943949430054,-0.5921244893823526,-0.5068475030690295,0.05070874344314758,-0.6885177907648055,0.6885177907648055,0.9631578389639808,136565128.90942514,0.9802786811357722,0.5238095238095238,0.16666666666666666,0.15079365079365079,0.07944095321396262,0.8436758871480732,0.27814206085442206,-0.2268466524813184,-0.07082186754921238,0.6232273601487172,-0.383000014554699,0.31240818458279473,-0.254000116437592,-0.12008502800722143,-0.35793017184207654,1.5558723369242036,0.7407233708128025,0.06289927265352066,0.08345750500362104,-0.3885245883385666,0.3885245883385666,0.9631578389639808,0.7936507936507936,0.36507936507936506,133871884.456468,18.712393821897365,0.5714285714285714,0.20634920634920634,0.1746031746031746,0.08972550900753734,0.0853539681748603,0.3687890792640318,0.18141542346013872,0.20907601484626492,0.3333333333333333,-0.08487174583150588,-0.42360720937075635,0.3403506088063366,0.16838187893864043,0.20907601484626492,0.05996016889794609,1.1524710019608884,0.05581957251133999,-0.0675000889959253,0.0675000889959253,0.23920264415238668,130930993.30228397,0.026134756801295955,0.07995020563978522,0.0029577599541721344,0.040694135907624496,0.09624787940654889,0.18406432316823662,0.22178208040533676,1.0,3.0,1.0,1.0,0.0,63.0,126.0,0.8158658586441574,0.4571045704558425,1.0388739291677713,1.077747988404365,1.077747988404365,0.9980119284294234,0.13999788852401127,0.19909373801611238,1,1,1,1,1,1
yearly_top_future_return_examples,2019-11-30,TSLA,21.996000289916992,-0.28038741826040536,-0.05860533785506861,1.119713801233057,1.1582137469207574,0.03144934053723003,0.38229499244290355,0.7819183842049775,-0.41632909999836754,-0.30541248374517305,0.21845971707146572,0.24397548635714594,0.20684812952665022,0.5978540610367409,-0.31948318077636584,1.5451465535792244,-0.12433980408913914,0.12433980408913914,0.09948760606528184,0.5706347973885685,-0.7354676737549084,-0.6131386136543158,0.47650590045980445,0.21560349428750944,0.08122252974300093,0.25438068855209894,0.06597944398128552,0.36558928420660997,0.5413378562904639,0.36558928420660997,0.7819183842049775,-0.06622236595163389,0.18277405894091348,0.46243520342861166,0.0676388894701141,0.3661873240220628,0.46243520342861166,0.8744018027060089,0.5060480395168458,0.6437769683422334,1.0450765354268226,-0.5134004341819618,-0.49019223959714486,0.020780546132093146,-0.08227637217012229,0.08227637217012229,0.7042355478995606,2145385153.051944,1.1033080212254458,0.1984126984126984,0.031746031746031744,0.031746031746031744,0.032441738091494796,0.38164622600135184,-0.04201793582336921,0.2554333413755687,0.1336991250674493,1.0428277625316027,0.3074272210164204,0.13105454842156772,0.3697845009696501,0.2709874538240631,-0.4485103337210342,0.5288589318978011,0.6160093988516417,0.01997166693204454,0.19475296231529549,-0.08227637217012229,0.08227637217012229,0.49510606644994204,0.1111111111111111,0.9682539682539683,2367020647.9801908,21.584897891132726,0.15873015873015872,0.047619047619047616,0.031746031746031744,0.031656643498920556,0.021656881562542418,0.04586733151423905,0.14640046559782796,0.047694647129001844,0.8333333333333334,0.10743484182225893,-0.06622236595163389,0.3074272210164204,0.007000511221377348,0.047694647129001844,-0.024711783335265358,0.32578207271568577,0.014901150974990425,-0.08227637217012229,0.08227637217012229,0.053078455641130784,2612420613.175801,-0.037587568786610626,0.03012234410235269,-0.005923356865532692,0.040694135907624496,0.09624787940654889,0.18406432316823662,0.22178208040533676,2.0,8.0,2.0,1.0,1.0,63.0,126.0,0.9622658297862107,0.2678971533628465,0.9717827561499546,1.0245801357394693,1.0245801357394693,0.9960238568588469,0.13999788852401127,0.19909373801611238,1,1,1,1,1,1
historical_mega100_examples,2020-01-31,EQT,5.618961811065674,-1.0001866833474027,-0.6867032330580227,0.9379686248344502,1.0233776802434351,-0.7021828486197992,-0.6153319810984832,-0.5975114660121095,0.16770886944455365,0.19406014744895161,-0.28749023393404016,-0.14762132080269774,-0.32530479655330036,-0.7486771990351095,0.16239991127537157,-1.0098547799616897,-0.7197257217674222,0.7197257217674222,-0.06210083882678774,0.995815445349124,-0.1458734673723303,-0.5175137909258548,-0.40345131856315786,0.10526157542897935,0.04621430726581699,-0.37702669206908324,-0.3017184458860369,-0.4298025965675558,-0.4769217937142744,-0.5975114660121095,-0.40345131856315786,0.009398241747904601,-0.08963660814745955,-0.4351115547367379,-0.18487996796998263,-0.5491008203555656,-0.4351115547367379,-0.7008764203215818,0.5916805840487054,0.9816939291546395,1.04923277711469,1.7426083072800358,0.5222735604811957,0.02954296349439547,-0.5444492811163485,0.5444492811163485,0.0,58992518.31362702,0.9836280047606978,0.3968253968253968,0.07142857142857142,0.10317460317460317,0.05859214135778251,1.5497295432941038,-0.41846416922902197,-0.06296528376987565,-0.3220679668553329,0.8827758396830638,0.24856802226519825,0.25743878863920044,-0.30698740913478173,-0.17758107095594355,0.8257599032715237,0.6208106623662649,0.9356302534259583,0.0308415576631184,-0.34915673772032263,-0.4779981947600198,0.4779981947600198,0.0,0.8888888888888888,0.0,58026693.08464187,17.876413705470096,0.3968253968253968,0.06349206349206349,0.12698412698412698,0.05513161603266223,-0.31979152009793765,-0.4092353538781409,-0.766040562620726,-0.4449540765845267,0.5,-0.10849304497148164,-0.4449540765845267,0.24856802226519825,-0.4753388188233004,-0.4449540765845267,-0.2472782616612862,0.5808492373592855,0.03469234998917277,-0.4216060870131175,0.4216060870131175,0.0,63483844.912599385,-0.11923117733264077,0.08500588680234115,-0.04272139816057985,0.030384742238773743,0.11398926561882772,0.15116573302300007,0.31348345028937996,1.0,3.0,1.0,1.0,0.0,63.0,126.0,0.6827452664392331,-0.02420794552393335,0.1752726641970086,1.4253502918451635,1.4253502918451635,1.0,0.09641161676876327,0.19091090892146526,1,1,1,1,1,1
historical_mega100_examples,2020-02-29,EQT,5.482938289642334,-0.8701065695072675,-0.6720240428031036,1.0105184920468688,1.0258172342157503,-0.6757169642661742,-0.6072548865168961,-0.4178925365457552,-0.030893806901015175,-0.025713367701981515,-0.13919503151875212,-0.18456878866309478,0.04621430726581699,-0.520266522925222,0.0941287163639083,-0.6566320497350218,-0.7265105862266361,0.7265105862266361,-0.12155612781978031,1.5284790476250212,4.786394995322731,2.912969646555924,-0.4436059042477367,0.016545097630967124,0.009398241747904601,-0.3151315464982358,-0.16211952924350637,-0.4487863434467704,-0.4367615947467541,-0.4487863434467704,-0.4178925365457552,-0.18487996796998263,-0.1588428501404452,-0.3237638201818469,0.24856802226519825,-0.3293520699636703,-0.3237638201818469,-0.48555720698963273,0.636418122926519,1.2447812861384338,1.0477203343177783,0.6117136482811405,0.5726973720833708,0.03168873771112552,-0.5241130359502045,0.5241130359502045,0.18346788137979653,56763703.52618316,0.9815563235191751,0.42857142857142855,0.0873015873015873,0.11904761904761904,0.06187250476844812,1.958729085406582,0.019607596698170027,-0.33443308014620765,-0.2270189036263086,0.9088098702466256,-0.4449540765845267,0.23510015152201327,-0.4583905980618498,-0.3445925938094354,0.6245311666461488,0.6667882085184654,1.1880854512086676,0.034168777407050356,-0.2390742894133735,-0.4583905980618498,0.4583905980618498,0.18346788137979653,0.6349206349206349,0.031746031746031744,55716772.14249278,17.83579179318335,0.47619047619047616,0.07936507936507936,0.12698412698412698,0.062106779026558846,-0.029333942016496084,-0.184014398957832,-0.030557818319375273,-0.02420794552393335,0.5,-0.05831023646658714,-0.4449540765845267,0.24856802226519825,0.03636666952479184,-0.02420794552393335,0.061134481100338034,0.7922013695782801,0.04181457618003502,-0.04627752664537799,0.04627752664537799,0.18346788137979653,52012113.44733919,0.05613529004012818,0.07988425992684699,0.09188980023027526,-0.06057461504872519,0.005588249781823373,0.10237398637946682,0.19808252670416393,1.0,3.0,1.0,1.0,0.0,63.0,126.0,0.6752988047808766,0.20442942613224013,1.4855196152907904,1.2725721623282231,1.4855196152907904,1.0,0.2359993453391393,0.35086183101980245,1,1,1,1,1,1
historical_mega100_examples,2020-03-31,APA,3.5508432388305664,-0.9437783168977234,-0.874933365830542,1.1533764945447431,1.417606090656744,-0.851384378082414,-0.8025178839977032,-0.8336058952382689,0.022664833559216446,0.028076512870008896,0.010871282852669584,-0.8462666417037308,-0.1443740612948331,-0.846367064668874,-0.001789463612792308,-0.6277430715488798,-0.8839203592557867,0.8839203592557867,-0.10494836374353411,2.216802572438665,8.332118532680129,0.5361100222311741,-0.80552938236826,0.014895589549536792,0.028624297580713165,-0.8133609484026858,-0.839167264389842,-0.8109410616790524,-0.8166921130951937,-0.8336058952382689,-0.80552938236826,0.14856383757661962,-0.28019262489724706,-0.8353953588510612,0.08056258601413013,-0.7328403211214691,-0.8353953588510612,-0.47569600402858725,1.3279412119698073,2.0818916531299956,1.3224635345573807,2.050681613999453,-0.488288598334378,0.042917447820031776,-0.8745985859015056,0.8745985859015056,0.017031658083574097,124744763.35140865,1.042428256140423,0.31746031746031744,0.06349206349206349,0.11904761904761904,0.06678252561870732,3.121372036056079,-0.6222070759890342,-0.4832734927691159,-0.7930406270405165,0.9458521612977795,-0.09183671381992631,0.35826679783523974,-0.8476676471317448,-0.6831353807368612,1.0028722183398835,1.7561538288660032,1.5742525965578251,0.05776764282473291,-0.8159548431006669,-0.8745985859015056,0.8745985859015056,0.017031658083574097,0.8412698412698413,0.015873015873015872,130037466.12305868,18.68333317553464,0.3333333333333333,0.07936507936507936,0.15873015873015872,0.08794259092298956,-0.712418307064836,-0.8022958987556166,-0.30103968289606703,-0.8322632557532719,0.5,-0.13512055161609474,-0.8322632557532719,0.14856383757661962,-0.7594049530910666,-0.8322632557532719,-0.5179333665436415,2.7646297250472722,0.12706226628503803,-0.8336649465487566,0.8336649465487566,0.017031658083574097,113082131.51150204,-0.14536904922100435,0.2935748854850354,-0.15725816363156286,-0.07285830266220528,-0.10255503772959207,0.012761169430605124,0.06884495106718136,1.0,3.0,1.0,1.0,0.0,63.0,126.0,0.728386454183267,2.1384392837699817,1.588972932555786,2.239214960590375,2.239214960590375,1.0,0.5487228471052439,0.7292339397925707,1,1,1,1,1,1
historical_mega100_examples,2020-03-31,CELH,1.4033329486846924,-0.08058228128103695,-0.01173733021385559,1.0420829117441677,1.0985517761380592,-0.05180207391942415,0.026828712171922398,0.2097698181595833,-0.341729015262341,-0.013747128697791933,0.38793108675199384,-0.5162957226427711,0.011494036709268629,0.19700864872897816,-0.3381344540503606,0.23053541720158635,-0.36691754393041043,0.36691754393041043,0.06324153169523927,1.7904048288063275,-0.45019710906701704,-0.5207723569733262,0.19602268946179136,0.19345103658464574,0.3778415547631522,-0.1520134469864859,-0.3387483464054538,-0.13195919710275772,0.09127777017287231,-0.13195919710275772,0.2097698181595833,-0.004123927688103768,0.008646615539502633,-0.1283646358907773,0.11801238280930981,-0.02580959816118522,-0.1283646358907773,-0.10713179931822109,0.9099244736705898,2.147274723664204,1.3168055490921027,-0.6970750072400811,-0.7842108542404623,0.03386462783476359,-0.36691754393041043,0.36691754393041043,0.3280749641949172,1789281.4270130226,1.33979911611173,0.38095238095238093,0.1111111111111111,0.07142857142857142,0.06297864475332303,0.6262223109159848,-0.28461927655941677,-0.11995481176949196,-0.22553370622998448,1.751754754369193,0.09444448933189409,0.21563061175073486,-0.22037056341093286,-0.2168614915520809,-0.5136014880260404,1.1981935961841435,1.6306695587246611,0.0437598441587259,-0.34256565438499165,-0.36691754393041043,0.36691754393041043,0.3074534333951222,0.30158730158730157,0.1746031746031746,2397277.6743871826,14.68984476631145,0.5079365079365079,0.12698412698412698,0.12698412698412698,0.07484390574732656,-0.18872067057780184,-0.3297101837233074,-0.14722067102011668,-0.2876482597440885,0.6666666666666666,0.051670046030238746,-0.2876482597440885,0.3778415547631522,-0.2147899570818832,-0.2876482597440885,-0.10253700421205736,1.953857822756312,0.07638312521449915,-0.36691754393041043,0.36691754393041043,0.3074534333951222,2319296.3980351174,0.037201072111862965,0.14658994391903218,0.03439781025585753,-0.07285830266220528,-0.10255503772959207,0.012761169430605124,0.06884495106718136,1.0,4.0,1.0,0.0,1.0,63.0,126.0,0.6361553784860559,0.192399173972839,1.2019007799007988,1.795724944168413,1.795724944168413,0.996039603960396,0.5487228471052439,0.7292339397925707,1,1,1,1,1,1
historical_mega100_examples,2020-03-31,SE,44.310001373291016,0.8150836420831991,0.8839285931503804,0.9031326365121348,0.9430569473833218,0.333835031459194,0.379514409924389,0.4316639832316018,-0.23538967766817898,0.057247341785409356,0.2995153547415699,-0.19782465289040796,-0.038449127777811176,0.4189028138009967,-0.3299732813804399,0.7250380893821816,-0.15696346621848334,0.15696346621848334,0.09014359822438922,1.241409824170184,-0.23726259524621862,-0.15969929322867282,0.4889113250170112,0.1550924367642861,0.24462367710536248,0.059290155962555824,-0.15696346621848334,0.19627430556342285,0.37228320460401193,0.19627430556342285,0.4889113250170112,0.08585313786649262,0.04926185390018789,0.10169070185116191,0.12481353320247135,0.20424573958075398,0.10169070185116191,0.14990104726478837,0.5953673187010502,1.7667018362081923,1.139440328223984,-0.4692347261791706,-0.4780690347285169,0.024225783641272473,-0.15696346621848334,0.15696346621848334,0.6595505658110268,180378761.45523918,1.219587327670364,0.23015873015873015,0.06349206349206349,0.06349206349206349,0.03978585853004397,0.892973248859942,-0.015249206662121706,-0.010121677053457012,-0.03492644561714031,2.035573236706001,-0.003978786438937232,0.10807067014262274,-0.020557035160731263,-0.058600778986801605,-0.23508781934306566,0.678385533034558,1.5504996553544006,0.03014998053528006,-0.12673238082180627,-0.15696346621848334,0.15696346621848334,0.1660526677181846,0.2857142857142857,0.1111111111111111,219987651.6516852,19.209081978431087,0.30158730158730157,0.1111111111111111,0.1111111111111111,0.045725308643992615,-0.03600562980099753,-0.03809069792779918,-0.01582420173748522,-0.01664447352734788,0.5,0.06603632673837169,-0.038449127777811176,0.24462367710536248,0.056213829134857396,-0.01664447352734788,-0.009788119474582357,1.0518365351674934,0.05393634751934865,-0.15696346621848334,0.15696346621848334,0.1660526677181846,267340242.33976093,0.04645398158291236,0.09253795206734705,-0.0041801351871901815,-0.07285830266220528,-0.10255503772959207,0.012761169430605124,0.06884495106718136,1.0,4.0,1.0,0.0,1.0,63.0,126.0,0.7066733067729084,0.2543443942332386,0.80094788035505,1.4202210458158815,1.4202210458158815,0.994059405940594,0.5487228471052439,0.7292339397925707,1,1,1,1,1,1
historical_mega100_examples,2020-03-31,TRGP,6.070949077606201,-0.8863753435998212,-0.8175303925326398,0.9897654049337867,1.0707059954950875,-0.8111155793106977,-0.7994698553572503,-0.8196875968005046,0.013481962239447531,0.0017686082083205878,0.039954036542806604,-0.8665690629155868,-0.009713303955454111,-0.8324487662311097,-0.006927429572275545,-0.6326583581304182,-0.8326057632292916,0.8326057632292916,-0.13803549725928788,1.7830847350047603,3.6976924834361435,-0.18549071265063544,-0.817918988592184,0.00732682222475458,-0.06044218057938,-0.7868066242627945,-0.8283940058027934,-0.8062056345610571,-0.8146040733179153,-0.8196875968005046,-0.8062056345610571,0.1177114220728468,-0.29011345822702705,-0.8266150263727802,-0.08414580496627988,-0.7240599886431881,-0.8266150263727802,-0.45775777817429164,1.2956243860000214,2.355495412468647,1.3937614543193457,1.7516259401011696,-0.41315636588556137,0.03732257282398363,-0.831324562323928,0.831324562323928,0.4608878095293829,67291600.13337855,1.0852024242453238,0.21428571428571427,0.05555555555555555,0.10317460317460317,0.0629098951140781,2.9320803684743395,-0.6222195857789988,-0.45662305660839364,-0.7434483291430797,1.4094284901635612,-0.11232883034954455,0.31948005949822594,-0.8106849599342217,-0.6618224329395007,0.9605321705081429,1.8057913284829992,1.690027662315408,0.060952757002907164,-0.805791440566954,-0.831324562323928,0.831324562323928,0.4608878095293829,0.9206349206349206,0.14285714285714285,73025007.59608935,18.106312523952408,0.36507936507936506,0.1111111111111111,0.20634920634920634,0.10002220041224402,-0.6555276641133043,-0.7857269658355296,-0.2577884517430569,-0.7867284118956729,0.16666666666666666,-0.15594118494558076,-0.7867284118956729,0.1177114220728468,-0.7138701092334676,-0.7867284118956729,-0.43919164505383945,3.0518372975055583,0.1429756278121572,-0.7965253056698463,0.7965253056698463,0.4608878095293829,72935273.26989175,-0.009319045490404188,0.312590451268842,-0.04584367919868659,-0.07285830266220528,-0.10255503772959207,0.012761169430605124,0.06884495106718136,1.0,3.0,1.0,1.0,0.0,63.0,126.0,0.6071713147410358,0.8910172504024012,1.6103631226710209,1.9284503416392922,1.9284503416392922,0.998019801980198,0.5487228471052439,0.7292339397925707,1,1,1,1,1,1
historical_mega100_examples,2020-04-30,CELH,1.6733330488204956,0.04772650037045678,0.21256018449451686,0.8463099688606166,0.8503181389585045,0.006012019308468064,0.4425285318707586,0.42613646696701313,-0.38679917879766124,-0.39108533061762163,0.5340912404417071,-0.6044617442479936,0.3778415547631522,0.31058900812690626,-0.49650697077329964,0.4531928839975885,-0.24511300232592537,0.24511300232592537,0.004471559245259327,1.6238960383547818,-0.008194622279129371,-0.0779884663871313,0.0350511363493915,0.22456614157090532,-0.004123927688103768,0.006637227352797703,-0.1347341806857485,0.03933728816935189,0.16684163049525216,0.0350511363493915,0.42613646696701313,0.11801238280930981,-0.11081680364326962,-0.07037050380628651,0.09444448933189409,-0.07176925446697036,-0.07037050380628651,-0.05779034072780601,0.9402982306520079,0.7453568481990905,1.2950000534832795,0.8513384321223709,1.2075344172068858,0.035921072721855456,-0.24511300232592537,0.24511300232592537,0.5590063939882961,1907125.2804347447,1.0008381714736103,0.40476190476190477,0.12698412698412698,0.0873015873015873,0.06779499342069638,1.022079521463758,0.12180454160448506,-0.17272612013922517,0.03856322605390927,0.8921148056920191,-0.2876482597440885,0.22145831868101726,-0.15059237334073672,-0.058516302505914775,-0.09727293916556601,1.2176862589845834,0.5755651099737303,0.04446029957090815,0.13944333645486062,-0.24511300232592537,0.24511300232592537,0.5590063939882961,0.6349206349206349,0.5079365079365079,1908723.7784414063,14.4619459217755,0.47619047619047616,0.14285714285714285,0.14285714285714285,0.07904661207750908,0.16934527465930627,0.18132697028671108,0.2745195878628167,0.192399173972839,0.6666666666666666,0.08182090224083381,-0.2876482597440885,0.3778415547631522,0.04266182298546939,0.192399173972839,0.13664648437043736,0.700857725565962,0.03097548962031444,0.0,-0.0,0.31758509759955666,1337447.3631484169,0.08540518168971967,0.0641718794024479,0.044092893442570835,0.14973735098736962,0.0013987506606838451,0.11554745884010686,0.16483368412406008,1.0,4.0,1.0,0.0,1.0,63.0,126.0,0.6278884462151395,0.8466138084987926,1.3446216713263972,1.9223111740561598,1.9223111740561598,1.0,0.3904164876502903,0.4934183932089439,1,1,1,1,1,1
historical_mega100_examples,2020-05-31,PLUG,4.210000038146973,0.29152108691920997,0.6445313016593002,1.0812198084409128,1.1177424765621335,0.9400921152671387,0.5886792025051761,0.07948716287155233,0.008368176312462117,0.25279129402610456,0.11282052473360382,-0.1427744671000345,-0.18974358754907306,-0.06319587238771462,-0.109441105237983,0.08936192387302251,-0.26398598032012943,0.26398598032012943,0.0578690634153316,1.1130664819565188,-0.5717265713686616,-0.5845550489669583,0.3322784568976569,0.14359440865567968,0.2246834748239419,0.02174547036712604,0.12571243375030117,0.08785533918401445,0.16654031965107455,0.07948716287155233,0.3322784568976569,0.12144710101481304,-0.008302220768691915,-0.029953942366430675,-0.1843318347023173,-0.16628686541638504,-0.029953942366430675,-0.03184384104709265,0.8894969963325591,0.5698589606785067,1.057508961975801,0.48399664273992515,0.4946474112723198,0.038959044967144835,-0.26398598032012943,0.26398598032012943,0.5253623379325947,57245997.561987616,0.849174533869725,0.42857142857142855,0.1349206349206349,0.12698412698412698,0.07413344281900396,0.9234336998773567,0.15368451943527406,0.0954873145186641,0.0427502961078563,0.7465519397618888,0.1807909246842434,0.1809319669992086,0.1892655603146478,0.028291499170192358,0.249486689074212,0.9406510452722373,0.5388691549372864,0.042337825437151894,-0.04791099308224478,-0.1155462530017699,0.1155462530017699,0.5253623379325947,0.9523809523809523,0.8253968253968254,48611843.295608245,17.699377768964496,0.49206349206349204,0.14285714285714285,0.14285714285714285,0.07693717673793772,-0.01088573407341864,-0.04261108414221648,0.014159116675465827,0.007177083980951515,0.6666666666666666,0.026670527042093255,-0.18974358754907306,0.2246834748239419,-0.058831829016708914,0.007177083980951515,0.002858506985269571,0.5068878338567256,0.0250524382133498,-0.07472530512860875,0.07472530512860875,0.0739795806655188,40794830.38097336,0.004054389549894566,0.06006108191712806,-0.003314379507742382,0.06600891299766043,0.13633292304995437,0.14268303525926695,0.3530102147400902,1.0,3.0,1.0,0.0,1.0,63.0,126.0,0.6252268702965914,0.950118756236543,0.831353911706975,2.0831352552551192,2.0831352552551192,1.0,0.3271880801539356,0.45593672743781416,1,1,1,1,1,1
historical_mega100_examples,2020-05-31,TSLA,55.66666793823242,3.1566032458507713,3.5096134605908613,1.0040303455284345,1.0827986653471386,2.70107718573544,1.6514670509951075,1.5307631935134194,-1.2472733234351794,-0.5347312702607563,1.0245801357394693,-0.7745613546409038,0.2678971533628465,1.3880801582541524,-1.280744412414854,1.609233891693329,-0.08983884315149504,0.08983884315149504,0.14527377209463066,1.57846343905784,-0.5143232230657766,-0.3928949072888023,0.9960319232526631,0.6257454823767864,0.5551598573434688,0.2434323613553333,0.2718820144057198,0.28348987007824,0.9367616622814409,0.28348987007824,1.5307631935134194,0.02677646887053875,0.07501118018003572,0.25001878109856546,-0.2155570713684315,0.11368585804861109,0.25001878109856546,0.23341773541981248,0.9512372324588949,0.586107723838041,1.1260299489279644,-0.5868031286988223,-0.5587310008618869,0.04066175852431288,-0.08983884315149504,0.08983884315149504,1.5307631935134194,10919258735.603016,1.0171570034993007,0.40476190476190477,0.1746031746031746,0.0873015873015873,0.05993179606331702,0.6521594518634315,0.14774039616602574,0.31094913721139683,0.21626363891605505,0.5950813070810619,0.492137319488021,0.29537151501430337,0.5935114403786859,0.2155151740104102,-0.3915742510933855,1.0711216122840677,0.5205081129467687,0.047531450940836294,0.09342997781631479,0.0,-0.0,1.3116107221908835,0.0,0.7936507936507936,11106600495.939528,23.13080540790069,0.47619047619047616,0.2222222222222222,0.12698412698412698,0.07171442165658591,0.066473466721378,0.07834101333903498,0.12185743243232974,0.06793886833783369,0.8333333333333334,0.1990587660057129,-0.2155570713684315,0.5551598573434688,0.0019299553401732616,0.06793886833783369,0.04450011057390091,0.5575274891464804,0.022340290475736786,0.0,-0.0,0.19061204891626504,11319697839.74811,0.023189039813583,0.037306250380021645,0.019090572673183592,0.06600891299766043,0.13633292304995437,0.14268303525926695,0.3530102147400902,2.0,8.0,2.0,1.0,1.0,63.0,126.0,0.9662405931828243,0.2931856328270819,0.7134850390431973,1.983952162875052,1.983952162875052,0.998019801980198,0.3271880801539356,0.45593672743781416,1,1,1,1,1,1
historical_mega100_examples,2020-09-30,LEU,8.369999885559082,0.812715616817947,1.2931505936622463,0.6954216828583417,0.7708281433909442,0.21656973057176243,0.048872163603187024,0.6508874954961463,-0.671940162298521,-0.40349556733297853,0.980276059549529,-1.1466107291350975,0.3234713631080979,0.18910655293035883,-0.817222165081715,0.7156520745970085,-0.5571428542594881,0.5571428542594881,0.07307026144176598,1.8053882725832013,5.185393258426966,4.156547914529713,0.2473919281631678,0.33822447061415173,0.2742176068744142,-0.2368082824750437,-0.4051158130823447,-0.02105266680237472,0.29240891895231313,-0.02105266680237472,0.6508874954961463,0.17426897519052575,-0.014775231921748344,-0.16633466958556864,0.47410361025572234,-0.2884666196360205,-0.16633466958556864,-0.1613046074057313,0.9095027019416777,1.0894005763698256,1.1337884115213253,-0.6175755470649531,-0.7105883810253717,0.04379515141496863,-0.5571428542594881,0.5571428542594881,0.7846481414585706,1109130.945870233,1.6283305855159311,0.5555555555555556,0.1984126984126984,0.12698412698412698,0.09375644194379487,1.1350515463917525,-0.14232807345774956,-0.29237147206280467,-0.31632170691240935,0.9636526293614732,-0.25270268398101026,0.30469721732774474,-0.43445947448035227,-0.3042354668575,-0.2268258426966292,1.0311836237088081,0.960849983382755,0.04954510562738415,-0.13772568913651917,-0.5571428542594881,0.5571428542594881,0.0,0.5714285714285714,0.0,1806031.842502715,14.406643198011169,0.6349206349206349,0.20634920634920634,0.15873015873015872,0.10075746731333805,-0.15460239382528407,-0.16014935188095247,-0.24547407289960826,-0.24321884556952333,0.6666666666666666,0.1250233376463711,-0.25270268398101026,0.47410361025572234,-0.18543213118606572,-0.24321884556952333,-0.1364011638310001,0.9908127677051773,0.047315149883455365,-0.29247675912605064,0.29247675912605064,0.0,1814100.7599376496,-0.08243806746732507,0.12792286980219617,-0.0208235926085375,-0.057786714383457616,0.12213195005045185,0.4617809425657875,0.48043497684429926,1.0,3.0,1.0,0.0,1.0,63.0,126.0,0.6428571428571428,0.16009559986969868,0.7909199493515755,1.7634407977320552,1.7634407977320552,0.9980276134122288,0.4463499459733256,0.5925189710428542,1,1,1,1,1,1
historical_mega100_examples,2020-09-30,MSTR,15.055999755859377,-0.465674589687362,0.014760387156937282,1.1792228220724066,1.1798839977730742,0.0555984187847971,0.11393903413167705,0.27485175452246335,-0.06534020156404252,-0.08305255319920146,0.0016088105614460169,0.2711952433564231,0.0696866998291219,-0.18692918804332415,-0.002047700604594249,0.6416743327504277,-0.13916523997205166,0.13916523997205166,0.04195525103549036,1.0510291595197254,0.7274633123689727,1.198722306977619,0.1917992013232619,0.043743182199788594,-0.01464421864498533,0.15752698072312965,-0.051685505458848646,0.20951155295842083,0.22538750293471535,0.1917992013232619,0.27485175452246335,-0.049726822258795544,0.10457184772585126,0.2728040539178691,0.047594868782513844,0.15067210386741725,0.2728040539178691,0.5648003941629509,0.42833527927532666,1.6064737015483566,1.1276439199963089,0.026151930261519407,0.06963050057821984,0.018655138591044226,-0.13916523997205166,0.13916523997205166,0.3415308143119644,12537027.882795485,1.2398881507866708,0.19047619047619047,0.03968253968253968,0.015873015873015872,0.03120269303778569,1.0849242922975642,-0.11130149229253283,0.1191981634735173,0.0758066221542062,1.6353445331234122,0.16559070472313486,0.07440687462410751,0.21497736562712189,0.08007188940022991,0.008567931456548328,0.4830096733947431,1.4246285312775109,0.019069452945845645,0.04699753967013298,-0.13916523997205166,0.13916523997205166,0.3002849245008554,0.15873015873015872,0.8888888888888888,15544512.317960225,16.559218293037652,0.19047619047619047,0.06349206349206349,0.015873015873015872,0.03087483010872278,0.014666918911154125,0.017828047774402167,0.06157524126411268,0.0423704999566874,0.6666666666666666,0.04347862206461286,-0.049726822258795544,0.16559070472313486,0.10015721434014502,0.0423704999566874,0.006299384839189459,0.6881093616011831,0.03022356219831346,-0.13916523997205166,0.13916523997205166,0.08456993149098291,23008085.01075563,-0.01063879641574006,0.04868016927104067,0.011963965545781274,-0.057786714383457616,0.12213195005045185,0.4617809425657875,0.48043497684429926,1.0,4.0,1.0,0.0,1.0,63.0,126.0,0.35535714285714287,0.1096573461300685,1.2766339654001682,1.5806987362041527,1.5806987362041527,0.9960552268244576,0.4463499459733256,0.5925189710428542,1,1,1,1,1,1
historical_mega100_examples,2020-09-30,PLTR,9.5,,,,,,,,,,,,,,,,,,,,,,,,,,,,,,,,,,,,,,,,,,,,,,,,,,,,,,,,,,,,,,,,,,,,,,,,,,,,,,,,,,,,,,,,,,,,,,,,,,-0.057786714383457616,0.12213195005045185,0.4617809425657875,0.48043497684429926,2.0,7.0,2.0,1.0,1.0,1.0,1.0,0.0,0.06631580152009664,1.8536842747738485,1.4789472881116366,1.8536842747738485,1.0,0.4463499459733256,0.5925189710428542,1,1,1,1,1,1
historical_mega100_examples,2020-09-30,PLUG,13.40999984741211,3.6184240588568413,4.098859035701141,1.1374460865551639,1.2039922890446615,3.243670722523712,2.089861607358674,2.7881355909372916,-0.6028624968984357,-0.5800015244002532,1.3192090753157562,-0.6858351672641314,0.1807909246842434,2.3263546483715043,-2.154761682885667,2.9828786930853632,-0.050955432498048236,0.050955432498048236,0.24249919528523578,1.2436240299652614,-0.3137167829288664,0.120957100297719,2.2081340665370384,0.3416546947179263,0.007177083980951515,0.5082328449156008,-0.050955432498048236,2.185273094038856,2.3938475838377284,2.185273094038856,2.7881355909372916,0.950118756236543,0.17624575341232296,0.6333739080516247,-0.06090133954650401,0.5112419580011729,0.6333739080516247,0.6947214554709848,0.9347130332187134,0.9795689614709088,0.9753739638939276,0.41968669201520914,0.4667179502856049,0.04318350545573514,-0.050955432498048236,0.050955432498048236,3.002985143034783,194027760.95035303,1.5376270199423625,0.5079365079365079,0.18253968253968253,0.11904761904761904,0.07212002596502559,1.2876273680338424,-0.00047989992989627694,0.17490670118365914,0.15891177172180537,1.226033895516953,0.6835278181601607,0.417413036144665,0.7392995824984561,0.039923239461745474,0.2750248600370806,0.9116947563138529,1.0043009119909596,0.04349274532415487,-0.02202610003862049,-0.050955432498048236,0.050955432498048236,0.7392995824984561,0.31746031746031744,0.6666666666666666,298342327.8561804,19.513752139706988,0.6031746031746031,0.19047619047619047,0.15873015873015872,0.07570301537172254,0.056071814124684316,-0.035109342491191575,0.036181017210474536,0.033127913739640746,0.8333333333333334,0.29897352620917256,-0.06090133954650401,0.950118756236543,0.09091462812309836,0.033127913739640746,0.07589858095954338,0.9156158752233781,0.043256724075146774,-0.050955432498048236,0.050955432498048236,0.19306050893967863,293417613.83723307,0.05234245590962594,0.06887184136906144,0.07006065146549956,-0.057786714383457616,0.12213195005045185,0.4617809425657875,0.48043497684429926,1.0,3.0,1.0,0.0,1.0,63.0,126.0,0.8996031746031745,0.043997029030671486,0.9679343542081575,1.5287099353663405,1.5287099353663405,0.9921104536489151,0.4463499459733256,0.5925189710428542,1,1,1,1,1,1
historical_mega100_examples,2020-09-30,UUUU,1.6799999475479126,-0.609968659121145,-0.1295336822768457,1.3366949015181986,1.4023704856138313,-0.12041886025806248,0.423728832394459,0.423728832394459,-0.4469846930903668,-0.47990862197264694,0.2796610657492804,-0.16707831200204293,0.5084746190783163,-0.03805211017132848,-0.31114607864722155,0.6032223946665951,-0.25333335664537215,0.25333335664537215,0.005335411469769458,0.9836410786359117,-0.37741443578447986,-0.30732203852181905,-0.05617978957818792,0.2680769747646559,-0.03370783356400553,0.0017888793398321834,0.07096248851941389,-0.023255860695907793,0.1147643940401211,-0.05617978957818792,0.423728832394459,-0.12209304340340854,0.0375859596469148,0.11258275374723747,0.13245036354096773,-0.00954919630321438,0.11258275374723747,0.19441158923207555,0.7024421442918356,0.9429018352164945,0.8244022279165623,-0.5464979944461585,-0.5813827892384724,0.03154374485430018,-0.13846158642740536,0.13846158642740536,0.5272726464862683,2741817.8776759002,0.9832598299629919,0.3968253968253968,0.09523809523809523,0.10317460317460317,0.07067264124849999,0.5470448116718774,-0.07179492383626984,-0.015849066159189573,-0.0401097303053628,1.0525617498069921,0.06432749231065249,0.23020590888474154,-0.01754391223965679,-0.01318430142602911,-0.41730098319061215,0.5790948687366766,1.14374003767482,0.02781702201496388,-0.04169047732093978,-0.13846158642740536,0.13846158642740536,0.11999996503194166,0.7301587301587301,0.9841269841269841,2695919.380193097,14.807250218008914,0.38095238095238093,0.07936507936507936,0.1111111111111111,0.061645081434420525,-0.033742356421328945,-0.07743363392008562,-0.11613949134007966,-0.07692313234582204,0.5,0.07875474426945006,-0.12209304340340854,0.5084746190783163,-0.019136417962364427,-0.07692313234582204,-0.02410690575611607,0.6623339869861814,0.032312049304414656,-0.12500000776102171,0.12500000776102171,0.08387096724574694,2268669.5490031014,0.001191879787020289,0.06760203927769831,0.007194223523709464,-0.057786714383457616,0.12213195005045185,0.4617809425657875,0.48043497684429926,1.0,3.0,1.0,0.0,1.0,63.0,126.0,0.5864087301587302,-0.10119045380494418,0.23809523133734167,1.5357145011222348,1.5357145011222348,0.9940828402366864,0.4463499459733256,0.5925189710428542,1,1,1,1,1,1
historical_mega100_examples,2020-10-31,BE,12.640000343322754,2.7555934754688978,3.1307191436877124,1.1475481377969816,1.230245204403657,0.6040609339787497,1.4168260606549627,0.6479791678737838,-0.48621444265601443,-0.07388193703292933,0.5853976175301003,-0.5459238920421188,0.04693606950408191,0.4152878490762806,-0.6085054423858023,0.5345614929577379,-0.44851656626318037,0.44851656626318037,0.16211389765623618,1.4763114196346816,1.9404377112684745,2.0565077422975953,0.5740972308408545,0.2620054452552618,0.3549191128572047,-0.14425177098330355,-0.0984364188784399,0.1617647252177694,0.4612803746441359,0.1617647252177694,0.6479791678737838,0.11764703304297397,0.1005408048311851,0.03947372548798156,0.28782895098019834,0.025967107861976757,0.03947372548798156,0.03804066482380301,1.2121695565621533,0.9118324058665815,0.8560450998840365,0.3513669815278897,-0.04945577277938329,0.05242380306550425,-0.44851656626318037,0.44851656626318037,0.7220708556615252,72794335.67210492,1.3073946676705672,0.6190476190476191,0.1984126984126984,0.14285714285714285,0.09278594777360202,1.332519576747185,-0.40896553433756755,0.11468627211460714,-0.24438065737087722,0.9938503233787899,0.14750954587806864,0.2290757292034026,-0.19284799064595293,0.17130049938403658,0.35626790083647863,1.0376718091236368,1.0651686529017013,0.049284836013473395,-0.04269281338827147,-0.44851656626318037,0.44851656626318037,0.007974512103184228,0.23809523809523808,0.9365079365079365,95170926.29433133,18.37118506755818,0.6507936507936508,0.19047619047619047,0.15873015873015872,0.08769156406555252,-0.28176375182339464,-0.13221664843492387,-0.26834942519181415,-0.29660540755116915,0.8333333333333334,0.10970588411855973,-0.29660540755116915,0.3549191128572047,-0.2661564600992389,-0.29660540755116915,-0.30386891235996505,1.1052954830782955,0.055516156152953855,-0.44851656626318037,0.44851656626318037,0.0,135834997.50729516,-0.2049314235708386,0.1200553812284413,-0.13483914132079755,-0.030448947451930275,0.013506617626004802,0.23269131879750327,0.37512566821881466,1.0,3.0,1.0,0.0,1.0,63.0,126.0,0.7642558541568443,0.9398734012469141,1.2674049896329418,1.761867001519013,1.761867001519013,0.9921104536489151,0.49255865855873576,0.6238048021783805,1,1,1,1,1,1
historical_mega100_examples,2020-10-31,CELH,6.703332901000977,4.337943530453776,4.71306919867259,1.014743523540232,1.0342845818881685,2.7240739325437,3.7767230914686616,3.0059765183781213,-2.297395314267752,-1.8366130597376888,1.9223111740561598,-1.5514864124966858,0.8466138084987926,2.7732851995806183,-2.6351517568186473,3.352380529820317,-0.20764386870272,0.20764386870272,0.186355693592275,1.8822886795029359,1.4540745168360232,2.364106114390923,1.1693634586404325,1.2154212608055055,0.2696870675046348,0.1302069735977669,-0.17341085127166822,0.7085812041103692,1.6279737270429742,0.7085812041103692,3.0059765183781213,0.24638921911992417,0.0699786740837034,0.37082476155947397,0.32378999154857313,0.35731814393346917,0.37082476155947397,0.3693570890255597,0.896669244925855,0.9118839296399326,1.1196699258943568,0.2090900166879357,0.07066482237044402,0.041016047605278855,-0.20764386870272,0.20764386870272,3.4295162168129725,15543887.759379545,1.4938748305719982,0.5396825396825397,0.21428571428571427,0.11904761904761904,0.08183055723251419,1.4635798312670811,-0.1024429393324483,0.03171056004863382,-0.046241458452220274,1.165565022930742,0.16941308437815805,0.3135046695956141,0.03553038647457929,0.04560968368200746,0.07228670922809055,1.003973587017881,0.8144220975762555,0.04249862507598917,0.029870723123346155,-0.20764386870272,0.20764386870272,0.4112279791581004,0.8095238095238095,0.9841269841269841,23220622.692973275,16.960551394035793,0.5238095238095238,0.19047619047619047,0.15873015873015872,0.08487967092599573,-0.06016331047385981,0.008247994378312251,-0.1400182580776891,-0.1144870873193381,0.8333333333333334,0.29023434728845743,-0.1144870873193381,0.8466138084987926,-0.08403813986740782,-0.1144870873193381,-0.06878752215337058,0.8176582746502599,0.043214709855188736,-0.12679126050102807,0.12679126050102807,0.0,24571598.046439033,-0.06525986358103852,0.08641757771802581,-0.054536962331801164,-0.030448947451930275,0.013506617626004802,0.23269131879750327,0.37512566821881466,1.0,4.0,1.0,0.0,1.0,63.0,126.0,0.6568218607575043,0.6036798647423216,1.5017406572869874,1.655395383153738,1.655395383153738,0.9901380670611439,0.49255865855873576,0.6238048021783805,1,1,1,1,1,1
historical_mega100_examples,2020-10-31,MRNA,67.47000122070312,2.652934106151521,3.0280597743703357,1.2092635538568952,1.2332573634239414,2.289614844844955,1.252754574356854,0.4670580290996942,-0.4162870871480877,-0.36998483851915553,0.6112197384157918,-0.7006933874028892,0.3372471788535554,0.23436671030219092,-0.5565316780867916,0.5472224594164,-0.288666290921326,0.288666290921326,0.02699972670751216,1.046160278477287,-0.5024418735573946,-0.5469602147133981,0.09707319058053865,0.22815477856358118,0.04406502576378313,-0.026305039084264292,0.07869512854241723,0.050770941951606474,0.2049673872106131,0.050770941951606474,0.4670580290996942,0.15402584536152175,-0.009897898789162585,-0.08947364898709742,-0.1242914881798437,-0.10298026661310222,-0.08947364898709742,-0.15623267853341105,0.8535066882996738,0.6728137270940342,0.6709904548158477,-0.5493827553901356,-0.5702735541498596,0.0387544711285749,-0.288666290921326,0.288666290921326,0.3783452537100951,1296224500.546086,0.5241694456572227,0.4523809523809524,0.14285714285714285,0.07936507936507936,0.06627562905075672,0.4148177844703674,0.11401403764113593,0.07586799800932442,-0.013042384735701185,0.8983282605402424,0.09030668308630596,0.16164852308915825,0.039759621749453355,0.09435770499005125,-0.44228696132306156,0.5726948409705661,1.00271728497045,0.027130547033281053,0.008546609846305397,-0.1400713483559608,0.1400713483559608,0.24162681323603064,0.9841269841269841,0.6031746031746031,679441277.8985523,20.33678136971754,0.3492063492063492,0.07936507936507936,0.047619047619047616,0.05170545944411925,-0.04919155017082222,-0.016850750892298483,-0.08073195428200516,-0.04636040677451414,0.6666666666666666,0.07583213968513473,-0.1242914881798437,0.3372471788535554,-0.015911459322583865,-0.04636040677451414,-0.06186123684411049,0.5742510160545896,0.027410243540086334,-0.1382041073993432,0.1382041073993432,0.026315841392611672,456374952.4492536,-0.03256330791631212,0.060298764881026416,-0.02330627659299067,-0.030448947451930275,0.013506617626004802,0.23269131879750327,0.37512566821881466,1.0,3.0,1.0,1.0,0.0,63.0,126.0,0.9544255854156843,1.2638209979207158,0.5483918679498494,1.5664739962828893,1.5664739962828893,0.9881656804733728,0.49255865855873576,0.6238048021783805,1,1,1,1,1,1
historical_mega100_examples,2020-10-31,MSTR,16.707000732421875,-0.2849461615070943,0.09017950671172037,1.1280283486888731,1.1647639906265659,0.09892788640166317,0.41464861463265823,0.32248873886030593,0.08988762975378917,0.019654641109193127,-0.01907703382761894,0.36728559297751273,-0.01464421864498533,0.08979742006280267,0.025719820289587858,0.7167719909061518,-0.09348885210110547,0.09348885210110547,0.06980259512170028,1.4318283816533524,1.8652912621359223,2.863010204069053,0.34214337996949906,0.04725597597806621,-0.049726822258795544,0.19833370396604977,-0.04944039988513138,0.4123763686140951,0.3590028291479667,0.32248873886030593,0.4123763686140951,0.047594868782513844,0.10912858618036836,0.3482085591498938,0.16559070472313486,0.334701941523889,0.3482085591498938,0.6373191944583683,0.449918164983835,1.1487382259952938,1.2143640889997966,1.8652912621359223,2.179491497831422,0.018866150622511985,-0.09348885210110547,0.09348885210110547,0.4757530771180589,15163649.08812538,1.3801841889844726,0.19047619047619047,0.05555555555555555,0.031746031746031744,0.03205878179233154,2.3496433902803116,0.04567638787094619,0.08209383085006206,0.07206801893681836,1.529597356342297,0.0423704999566874,0.07887762636874947,0.15667408266621052,0.11350210733168975,0.7760782347041124,0.546364462545055,0.9459586596812533,0.02260046735191481,0.14347042259895182,-0.09348885210110547,0.09348885210110547,0.3547681667343203,0.07936507936507936,0.9841269841269841,20928628.718739465,16.856628622557945,0.25396825396825395,0.09523809523809523,0.047619047619047616,0.035914442539064714,0.038811703023146515,0.12715588278055323,0.21216958664706442,0.1096573461300685,0.6666666666666666,0.050140396448103954,-0.049726822258795544,0.16559070472313486,0.14010629358199878,0.1096573461300685,0.003173435254435475,0.5168381946865885,0.022109778646193182,-0.09348885210110547,0.09348885210110547,0.1407210731160733,23840472.28272756,-0.030562169309168108,0.047383917399603626,-0.0076149606592353924,-0.030448947451930275,0.013506617626004802,0.23269131879750327,0.37512566821881466,1.0,4.0,1.0,0.0,1.0,63.0,126.0,0.495812706270627,1.0516549305422362,1.3256717447096107,2.694918075458257,2.694918075458257,0.9980276134122288,0.49255865855873576,0.6238048021783805,1,1,1,1,1,1
historical_mega100_examples,2020-10-31,PLTR,10.130000114440918,,,,,,,,,,,,,,,,,,,,,,,,,,,,,,,,,,,,,,,,,-0.9418003310252924,-0.9379407733290304,,,,,,,,,,,,,,,,,,,,-0.8900024812309808,,,,,,,,,,,,,,,,,,0.09763865075829455,0.06631580152009664,1.0,0.06631580152009664,0.06631580152009664,0.06631580152009664,0.09676474897202691,0.06631580152009664,0.028217632602729248,0.6791962097495803,0.03099812938354138,-0.07488581818333839,0.07488581818333839,0.12181621417476918,273773530.1083837,0.014623407347655437,0.05404736967924955,-0.0376211198542834,-0.030448947451930275,0.013506617626004802,0.23269131879750327,0.37512566821881466,2.0,7.0,2.0,1.0,1.0,23.0,23.0,0.0,1.6762093093863482,1.3247777858845846,2.4728529030344824,2.4728529030344824,0.9960552268244576,0.49255865855873576,0.6238048021783805,1,1,1,1,1,1
historical_mega100_examples,2020-10-31,PLUG,14.0,3.907893009581968,4.283018677800783,1.0338184877701944,1.0425258902366592,2.6175711664077945,2.9548023025038797,2.3492824341967546,-1.644044926894641,-0.023866787368854503,0.8444976925301402,-0.02867409580746494,0.007177083980951515,2.1165911153992516,-1.5334588374740794,2.473687418233599,-0.24036897622468756,0.24036897622468756,0.2708915109885026,1.2530371427537244,0.3748893205936381,1.4965564712159352,2.3254156468279,0.9423755929373874,0.950118756236543,0.22560821118389063,-0.012914105662570119,0.7052375073021135,1.7933118627755895,0.7052375073021135,2.3492824341967546,-0.06090133954650401,0.20628501950343714,0.8158235967226752,0.6835278181601607,0.8023169790966704,0.8158235967226752,0.9701406323699648,0.9497086886888567,0.8215053714035718,0.8854645054000515,-0.10836429394800329,-0.06913497190405038,0.04322012482092383,-0.24036897622468756,0.24036897622468756,2.448275910667963,266764852.4966823,1.4262389226536154,0.5238095238095238,0.1746031746031746,0.11904761904761904,0.07312610362624718,1.0269749581703884,-0.18941354372663932,0.1839020145146284,-0.005681815487909803,1.0322490674986002,0.033127913739640746,0.4287412597079367,0.07858247255284079,0.28823858971888683,0.03038911604152461,0.84093333430401,0.927767704288064,0.039732045952460694,0.16953107769047548,-0.24036897622468756,0.24036897622468756,0.5334063334628227,0.23809523809523808,0.9841269841269841,380470415.82671875,19.756918984087672,0.5714285714285714,0.1746031746031746,0.14285714285714285,0.07132986481086623,-0.06958197222790352,0.11372671335239248,0.05639265375789372,0.043997029030671486,0.8333333333333334,0.2761745436002439,-0.06090133954650401,0.950118756236543,0.07444597648260176,0.043997029030671486,-0.1310824198499757,0.7801907890265384,0.033444763284004975,-0.24036897622468756,0.24036897622468756,0.0,459028749.0510986,-0.06908704248689146,0.06862244314076951,-0.039253370661449405,-0.030448947451930275,0.013506617626004802,0.23269131879750327,0.37512566821881466,1.0,3.0,1.0,0.0,1.0,63.0,126.0,0.9212780920949237,0.8849999564034601,1.4221428462437222,3.512142726353237,3.512142726353237,1.0,0.49255865855873576,0.6238048021783805,1,1,1,1,1,1
historical_mega100_examples,2020-10-31,UUUU,1.5099999904632568,-0.623881888304548,-0.2487562200857334,1.310481345989058,1.387477712860827,0.0633803071116823,0.2796610657492804,-0.1516853849810491,0.1516853849810491,0.02959234157764057,-0.039325805824673044,-0.07763328377888301,-0.03370783356400553,-0.3843767037785524,0.034726295377493055,-0.26954685687621405,-0.3288888931274414,0.3288888931274414,-0.0005364815970487768,0.7685750578707434,-0.5627363114409747,-0.6138782743715312,-0.12209304340340854,0.08040612947655529,-0.12209304340340854,-0.09942148621073366,-0.09046472909706915,0.0,-0.09125947612815255,-0.1516853849810491,0.0,0.13245036354096773,-0.029973690055606572,-0.11695908960355605,0.06432749231065249,-0.13046570722956086,-0.11695908960355605,-0.21112129549080783,0.5627421767737721,0.9447340534302647,0.984447296857549,-0.1502245203429038,-0.2362136867617195,0.027864086186864388,-0.22564104946720798,0.22564104946720798,0.05594408800680317,2372896.4572136365,0.9536535913661075,0.373015873015873,0.06349206349206349,0.10317460317460317,0.06090996634192774,0.5445350307363648,-0.07508006762760122,-0.05615178388444064,-0.10956480863810969,0.7695535353734771,-0.07692313234582204,0.10074355802324018,-0.17032969948059473,-0.047007296534401166,-0.3712876271015806,0.553990014752673,0.9596593504253069,0.027331680988502347,-0.056085908872832935,-0.21354165405500658,0.21354165405500658,0.04137926952167148,0.6507936507936508,0.031746031746031744,2262921.2283616974,14.632167557415185,0.38095238095238093,0.06349206349206349,0.1111111111111111,0.05658330895865926,-0.08020304481537599,-0.10550997636413784,-0.19033581121041102,-0.10119045380494418,0.3333333333333333,-0.022856101211093344,-0.12209304340340854,0.13245036354096773,-0.0707415063530139,-0.10119045380494418,-0.07475490401964813,0.5316416976996563,0.02664214095027559,-0.1371428625924247,0.1371428625924247,0.04137926952167148,1811734.6632656597,-0.045512012114316325,0.05203405447397656,-0.01048491808728047,-0.030448947451930275,0.013506617626004802,0.23269131879750327,0.37512566821881466,1.0,3.0,1.0,0.0,1.0,63.0,126.0,0.5868992613547068,0.3774834018826225,1.8211922223753785,1.5165562757059834,1.8211922223753785,0.9940828402366864,0.49255865855873576,0.6238048021783805,1,1,1,1,1,1
historical_mega100_examples,2020-11-30,UUUU,2.0799999237060547,-0.41918153321666174,0.050505001853162534,1.3757163689749656,1.5233433077426806,0.7627118781050612,0.16853930176305187,0.20930226110909267,0.007071936145329083,0.16818114077352986,0.058139547778181644,0.08471752022226653,-0.12209304340340854,-0.07686939780274415,-0.0664451931086445,0.3574844786656122,-0.07555558946397567,0.07555558946397567,0.02735562407422698,0.9931763482474524,1.019561863622339,1.3080705501049468,0.3774834018826225,0.09512367757176352,0.13245036354096773,0.20663645819726018,0.03410844465793372,0.21637419725442175,0.26771995341537896,0.20930226110909267,0.3774834018826225,0.06432749231065249,-0.00047086336487123237,0.14285706800044817,-0.07692313234582204,0.1267830648521937,0.14285706800044817,0.21842823914208917,0.5854862898953219,1.2448382632939197,1.1170592723968706,4.240512409927942,6.218718862035643,0.028251656486021924,-0.032558217933201794,0.032558217933201794,0.4545454545454546,2544246.3270058706,0.9606454914548338,0.373015873015873,0.0873015873015873,0.10317460317460317,0.05918839789871663,2.2159752629440708,0.18098343612180479,0.039370087230321316,0.22482624565077192,1.147959373739289,-0.10119045380494418,0.19116515095948836,0.23809523133734167,0.08819042527643206,1.1195785928628483,0.6540228889888116,1.1143887294564718,0.032186462495932135,0.21141781793437353,-0.032558217933201794,0.032558217933201794,0.43448265883075265,0.031746031746031744,0.3492063492063492,2444118.7631887104,14.70919560101439,0.47619047619047616,0.12698412698412698,0.1111111111111111,0.058539338355627225,0.21212116721177665,0.32858990876541294,0.5179265821969455,0.3774834018826225,0.5,0.045675771363344664,-0.12209304340340854,0.3774834018826225,0.2652256686307237,0.3774834018826225,0.1665731456532058,0.7288357362956929,0.03713339266493477,-0.032558217933201794,0.032558217933201794,0.43448265883075265,3131415.7427736693,0.0771620558620536,0.05872254321762655,0.01265820433918785,0.1122577332518988,0.016074003148254468,0.2861716589118368,0.4696865350698243,1.0,3.0,1.0,0.0,1.0,63.0,126.0,0.6030644174665913,1.048077108239288,0.8269231210093542,1.4951924267252563,1.4951924267252563,1.0,0.3273340702827159,0.40558435396100107,1,1,1,1,1,1
yearly_top_future_return_examples,2021-01-31,TPL,86.7174072265625,-0.29847771603914985,0.1455848833347695,1.2559958016268695,1.2392770603756424,0.48267949838781665,0.42024984458904346,0.5846609626409529,0.2857625163554989,0.018863391974728305,-0.15493715122304463,1.030136096407305,-0.011763707810505508,0.3990253760106284,0.2905379825433074,1.2230324196385411,-0.055228165050032696,0.055228165050032696,0.1021135969914233,0.8033826638477801,2.117241379310345,4.845447746367487,0.6035243546156812,0.15981822273332968,-0.1426944899793342,0.39559459925381324,0.19658235165721882,0.8704234789964518,0.686202932084362,0.5846609626409529,0.8704234789964518,-0.002546645090683586,0.23391091090994376,0.8751989451842603,0.35414387537547376,0.705363873551963,0.8751989451842603,1.6040546853285593,0.47804208069459475,1.0967342986279591,1.1413569492755282,2.616,3.139449807632653,0.022270703907589486,-0.055228165050032696,0.055228165050032696,0.9121766967184506,11859288.52645329,1.2428645234955638,0.2857142857142857,0.05555555555555555,0.015873015873015872,0.03835832263439634,2.097447795823666,-0.036838032043740476,0.20393017818966008,0.15425264066824185,1.5932211788584407,0.20967398542178195,0.17896232871853285,0.3847856046052047,0.2004871667976451,0.7842105263157895,0.5456166508469086,0.9609038603778658,0.025932448764848924,0.17204897811873532,-0.055228165050032696,0.055228165050032696,0.8751989451842603,0.19047619047619047,0.9682539682539683,14739488.983426776,16.50604084327384,0.36507936507936506,0.09523809523809523,0.015873015873015872,0.042053652309989815,0.06286059729306737,0.18991309657049227,0.2761080502410385,0.14475934945593272,0.5,0.09192872789544419,-0.1426944899793342,0.35414387537547376,0.1421456945508135,0.14475934945593272,0.015702912413511294,0.5242851460852366,0.025866956464037444,-0.055228165050032696,0.055228165050032696,0.15031319761537865,20687052.63257708,0.0029828400659870358,0.04855567431119636,0.007491150943327751,0.0026136549051192226,0.16983507163229739,0.18563558663032453,0.44406259937391934,1.0,3.0,1.0,1.0,0.0,63.0,126.0,0.5797822211888708,0.32658849588042616,0.9143020584496664,0.85494918981009,0.9143020584496664,1.0,0.33706257534966017,0.40135880897880893,1,1,1,1,1,0
yearly_top_future_return_examples,2021-04-30,MRNA,178.82000732421875,2.336823128451273,2.888236590518433,1.1548201744098048,1.2186797142264385,1.4132255196559873,1.5274912696002652,1.6503631849549745,-0.9386755690388615,-1.4796155033187977,1.5664739962828893,-1.533787443138932,1.2638209979207158,1.3918052326035524,-1.6176766318110172,1.906239377093542,-0.038498701837856086,0.038498701837856086,0.08100891634464058,0.48556717967154034,-0.7607496604707299,-0.7529293915329967,0.17074768163617682,0.7486643522601379,-0.31602725243205054,0.22252452364411668,-0.038498701837856086,0.711687615916113,0.8442661608357547,0.17074768163617682,1.6503631849549745,0.6575093485094528,-0.01842981497960372,0.0326865531439573,-0.1059713889780366,-0.04315565989153303,0.0326865531439573,0.043401057795827015,0.8657691183944044,0.6966730199678142,0.8698947718074611,-0.05196840959693283,0.29459350813480767,0.043538644832258576,-0.038498701837856086,0.038498701837856086,1.6645806243166117,2335816018.020854,0.6426087028875854,0.5714285714285714,0.2222222222222222,0.15079365079365079,0.07021034759957995,0.3366765869029243,0.25739332979718,0.059826825837143716,0.21060724202469094,1.0082993738122186,-0.154124416940972,0.6017085886506285,0.15509340575073316,0.17036364017214756,-0.13565015277899994,0.7531280296836472,0.8008704530092439,0.038140267508575985,0.288187383627722,-0.038498701837856086,0.038498701837856086,0.5091569798981002,0.9047619047619048,0.3492063492063492,1501015701.5244257,21.129407850918383,0.5396825396825397,0.15873015873015872,0.15873015873015872,0.06196116238684719,0.19130475616800813,0.39832988475279674,0.6060758041200117,0.3655594615622413,0.5,0.2851277916068918,-0.31602725243205054,1.2638209979207158,0.3064612743760886,0.3655594615622413,0.12690794481319068,0.6031579863067018,0.03293697273116458,-0.025025877794248363,0.025025877794248363,0.37649143471138924,1597824439.6488008,0.037172835134153814,0.05960502174975273,-0.00010061152558937803,0.05909818718615267,0.07584221303549032,0.2585579523514221,0.5514134620671598,1.0,3.0,1.0,1.0,0.0,63.0,126.0,0.9787965539383562,0.03461574169043713,0.3140587523939451,0.9774074019715426,0.9774074019715426,1.0,0.21508516668324207,0.2702240536192239,1,1,1,1,1,0
yearly_top_future_return_examples,2021-05-31,MRNA,185.00999450683597,1.570427027166515,2.008292593607089,1.054822510854845,1.117893788192048,1.851132628248254,1.7421074723512198,0.2112739809683728,-0.1428402168535965,0.5596649713150124,0.013552389622785155,0.18152543108974273,-0.31602725243205054,0.09333178680038956,-0.016196160255844916,0.2534085814528643,-0.005429576080138165,0.005429576080138165,0.043179793930962385,0.46413496529910053,-0.3628060571802576,-0.2385036514437593,0.7709389522833852,0.3712909342352321,0.6575093485094528,0.2146721478572673,0.16216908444789724,0.06843376411477631,0.3502155657888448,0.06843376411477631,0.7709389522833852,-0.1059713889780366,0.05874760356021258,0.19507782071252788,-0.154124416940972,0.1307377906778151,0.19507782071252788,0.26900147151601117,0.8337285965498022,0.6952255726792795,0.8698183023743077,-0.09773359170949536,-0.06650097078415285,0.040895169164436695,-0.005429576080138165,0.005429576080138165,0.7709389522833852,2344925140.869898,0.6156728769708081,0.5476190476190477,0.18253968253968253,0.15873015873015872,0.06992377657680242,0.4915180172211837,0.03306912575771792,0.12648433512302648,0.18449758696966279,0.7911202482735742,0.3655594615622413,0.3642410638640687,0.41282931514661225,0.057281342795681756,-0.08463891787549727,0.7251923924918631,0.7992767808880895,0.03665273913690059,-0.0216537696215392,-0.005429576080138165,0.005429576080138165,0.5613975680845729,0.30158730158730157,0.6666666666666666,1443706807.7605474,21.090479815776874,0.5079365079365079,0.1746031746031746,0.14285714285714285,0.060300339034925134,0.10330334182016832,-0.01735660651671478,0.059720468358180165,0.03461574169043713,0.5,0.08026024890184534,-0.31602725243205054,0.6575093485094528,0.04662798278846603,0.03461574169043713,0.11906509595769688,0.5796294409954282,0.029561551477800478,-0.005429576080138165,0.005429576080138165,0.2344698774572691,1577047228.898984,0.1019452607042326,0.04364861885079718,0.05893059181787108,-0.012012241098028897,0.06434003003471278,0.11794219416798324,0.43786556644057373,1.0,3.0,1.0,1.0,0.0,63.0,126.0,0.9762330526507782,0.2700935230764343,0.9112481303838447,1.0360521789404622,1.0360521789404622,1.0,0.2509136088860995,0.32639254919856303,1,1,1,1,1,1
historical_mega100_examples,2021-07-31,LEU,23.190000534057617,0.18942780046059826,0.566891907783561,0.8225323262066316,0.8282554877853183,1.388259571879788,0.0025940931892807217,0.14180212426616134,-0.16414608694066612,-0.15457348399301019,0.1270310187862107,-0.11392480854555664,0.15657313583431098,-0.019991704171319125,-0.12869591402550729,0.22291693754427042,-0.17853344278798566,0.17853344278798566,-0.0028792312098945283,0.9321402767743011,0.48321342925659483,0.5026527362921933,-0.012771359726848841,0.09213082594772823,0.009791381203805516,-0.04202844621620616,0.0004479030271249407,-0.02234396267450478,0.03556226728826924,-0.02234396267450478,0.14180212426616134,-0.03499156609329046,0.023950507959265455,0.01310621024065406,-0.0366972553510756,-0.06678618881243525,0.01310621024065406,0.02214469616308587,0.6361209059674975,1.0222646594143652,0.9303957879670105,-0.3818090954522738,-0.43515177775213465,0.031456317754099204,-0.17853344278798566,0.17853344278798566,0.12300246791520864,2771814.598601205,0.9032478715935469,0.4523809523809524,0.1111111111111111,0.07142857142857142,0.0687859387011908,0.89811229428848,-0.07757699830750675,0.0032112502745469396,-0.05960305395384369,1.1030053486370974,0.15102040992859345,0.10315020543955473,0.0517007408817054,-0.0679794521320467,-0.11495349391843546,0.5918442115499184,1.0987417103941275,0.029526427494671464,-0.09216204649193016,-0.17853344278798566,0.17853344278798566,0.11010058456722072,0.49206349206349204,0.8412698412698413,2503635.6366384597,14.733254887508638,0.42857142857142855,0.07936507936507936,0.07936507936507936,0.0638774472472709,-0.0682381083812128,-0.05419443238159216,-0.1326933697656281,-0.08628836481974245,0.5,0.026567956783766906,-0.08628836481974245,0.15657313583431098,-0.11489749495260193,-0.08628836481974245,-0.043040463413697605,0.6502839212852212,0.03110568490536781,-0.10566909906943744,0.10566909906943744,0.048372497930759595,1559930.5812290737,-0.03278276912588729,0.07386187729512941,-0.04951224629128659,0.028609130132859484,0.07989239905308931,0.16179382843748047,0.37746410732296276,1.0,3.0,1.0,0.0,1.0,63.0,126.0,0.6380582524271845,0.24665800696959495,0.6670978420476847,1.443725608618156,1.443725608618156,1.0,0.2247322839047619,0.312509132469332,1,1,1,1,1,1
yearly_top_future_return_examples,2021-08-31,IONQ,9.989999771118164,,,1.2804676310951508,1.2941737502394537,,-0.11982383829448429,-0.3096061101062124,0.23632225283145092,0.2371826511003926,-0.3102972109145947,0.3112992379026236,-0.2557014333784028,-0.5220310609531187,0.3106081370942413,-1.0907297885036336,-0.3157534582124095,0.3157534582124095,-0.017753189947902204,0.6011970262218524,-0.018448795180722843,-0.017465254383361772,-0.07242345900581981,0.13668976885117382,0.0009284377699640967,-0.021355820149127624,0.1575951032243843,-0.0732838572747615,-0.15177114212893125,-0.3096061101062124,-0.07242345900581981,-0.07421152231460837,-0.009731746876655456,0.0010020269880288701,0.07114229165464225,-0.13813106641574358,0.0010020269880288701,0.00828299899255591,0.283852255040141,0.15381620272584884,0.42618627688297506,0.8741912293314162,0.8874163112957747,0.009531094364181276,-0.21338583298008584,0.21338583298008584,0.008072646310579579,5627962.797380629,0.6892347219439967,0.031746031746031744,0.007936507936507936,0.007936507936507936,0.021712819237746327,0.8786653185035389,0.015976058467082277,-0.02380097600030573,-0.012318842398490903,0.37337501259491845,-0.07202989095550072,0.11298002480373762,-0.06548174338095136,-0.013147497819163023,-0.06892857142857145,0.12097393576039439,0.3609130820701781,0.005170282984203771,0.003925490496249129,-0.0663551449348796,0.0663551449348796,0.008072646310579579,0.6666666666666666,0.36507936507936506,3878987.373763796,15.171084949192501,0.0,0.0,0.0,0.013749130958248033,0.0023411205530396995,0.004232126707912176,0.1616181148184646,0.007056420794945506,0.5,-0.05380261607149334,-0.2557014333784028,0.07114229165464225,-0.03513033135732502,0.007056420794945506,0.0007011794237412605,0.04366107600544367,0.002101562569960456,-0.0029940803667591886,0.0029940803667591886,0.007056420794945506,4293220.409279778,0.0016041693486963382,0.00597026319857057,0.0024081855918010042,0.042186752152270524,0.13913309340377245,0.21242495084690627,0.29395495098294866,1.0,4.0,1.0,0.0,1.0,63.0,126.0,0.3819351621886054,0.0410410267072725,0.5055055361797696,1.384384408465115,1.384384408465115,1.0,0.1861593033372399,0.2949212164302259,1,1,1,1,1,1
yearly_top_future_return_examples,2021-08-31,LEU,28.90999984741211,1.3199689866812445,1.6139239376641932,0.7923327025387958,0.8002564218239104,0.9286190986549694,0.42343676059130253,0.2307364891062298,0.03226047980090341,-0.01193376211223618,-0.06130270532518911,0.37241385488122236,0.009791381203805516,0.018311538259323523,0.08037466044980346,0.3840771237454853,0.0,-0.0,-0.0065709545508948475,1.1181752001941276,0.4345549738219896,0.8808610208290739,0.2188027269939936,0.02286294036722983,-0.03499156609329046,0.20265907620027135,0.20911047701572993,0.2629969689071332,0.23751206166911887,0.2188027269939936,0.2629969689071332,-0.0366972553510756,-0.00673769019603665,0.31111114955603325,0.15102040992859345,0.1719780561522608,0.31111114955603325,0.5083555193960753,0.6007556161015487,1.1069578007943894,1.0187091169750604,0.10751818916734024,0.3806964183899313,0.030279815601959054,0.0,-0.0,0.4000000184731103,2281675.7115485175,1.0087414620709463,0.46825396825396826,0.10317460317460317,0.06349206349206349,0.06339713067366828,0.9838420107719928,0.17853344278798566,-0.02340173568828241,0.17995183320749142,1.0342986726640566,-0.08628836481974245,0.12913989367145323,0.1390859260587496,0.007510523064648611,-0.10807291666666663,0.611995223196617,1.0866279513443184,0.030664591700240006,0.034403757968527016,0.0,-0.0,0.3069619688320966,0.0,0.5079365079365079,2301620.8932392183,14.649124603356725,0.4603174603174603,0.12698412698412698,0.06349206349206349,0.05950707718622645,0.19578105106117727,0.06814973853475603,0.3709080963881584,0.24665800696959495,0.5,0.0415821019729809,-0.08628836481974245,0.24665800696959495,0.20447125481732442,0.24665800696959495,0.19066740489803413,0.6650111156146489,0.03609959728394393,0.0,-0.0,0.29177841517049585,1131632.6150894165,0.1640829395210739,0.05361466366092824,0.12332918009207083,0.042186752152270524,0.13913309340377245,0.21242495084690627,0.29395495098294866,1.0,3.0,1.0,0.0,1.0,63.0,126.0,0.6397034695567096,0.33725354726602585,0.9602213236959996,0.9194051183446827,0.9602213236959996,0.9980694980694981,0.1861593033372399,0.2949212164302259,1,1,1,1,1,0
yearly_top_future_return_examples,2021-09-30,IONQ,10.399999618530272,,,1.588349175678947,1.6500397040685504,,-0.2812716360325437,-0.034354765413838084,0.0764389433255166,-0.0008957098972761646,-0.00742812200371834,-0.019700032648896748,0.0009284377699640967,-0.15857527361097512,0.007226610761222996,-0.12795684873763924,-0.2876712776165461,0.2876712776165461,-0.004594435333336699,1.8375428132062726,10.03566560654248,9.736288363273651,-0.03525047531111425,0.04439287281766303,-0.07421152231460837,0.0235111977842144,-0.09815318854789601,0.04208417791167851,-0.009173687604424607,-0.03525047531111425,0.04208417791167851,0.07114229165464225,-0.001601640329640941,-0.02712815465261509,-0.07202989095550072,-0.03820733884436278,-0.02712815465261509,-0.07843138983698321,0.26848711696767846,2.201105025542074,1.28826999033336,17.634062140391254,18.39882318236003,0.008186841272426125,-0.1289782257935047,0.1289782257935047,0.04944498271068287,8361086.750532332,1.5106000171205698,0.031746031746031744,0.015873015873015872,0.007936507936507936,0.01854748328698027,4.671506875661121,-0.06262308085862511,0.022073583201491775,0.029866081419032575,2.9322636552472887,0.007056420794945506,0.05895523652048801,0.048387050256521125,0.031102889728738425,1.7718774369020673,0.34588389558058286,1.708574322198178,0.00832483655901028,0.060356953018334325,-0.1289782257935047,0.1289782257935047,0.04944498271068287,0.047619047619047616,0.6984126984126984,12630257.78850071,16.351605984100978,0.06349206349206349,0.031746031746031744,0.015873015873015872,0.018379207742296167,0.02094237284062861,0.11659643868567793,0.0694470816102728,0.0410410267072725,0.6666666666666666,-0.004345539390547455,-0.07421152231460837,0.07114229165464225,0.09787261696869154,0.0410410267072725,0.010346293887837366,0.5909683424508597,0.017495077291447635,-0.1289782257935047,0.1289782257935047,0.043129321964362255,30262291.26027879,-0.01664149054245645,0.05329672647348913,-0.06542058477582013,-0.05683159026141904,0.011079184191747693,0.12422050819713704,0.295266636569834,1.0,4.0,1.0,0.0,1.0,63.0,126.0,0.4374468085106383,0.44615389553047713,1.2903846700515995,0.6057693630280632,1.2903846700515995,1.0,0.2676810102620386,0.3607360784275605,1,1,1,1,1,1
yearly_top_future_return_examples,2021-12-31,OXY,27.101497650146484,0.402911852545496,0.6771095105242266,1.019866178086414,1.060711841356053,0.09019575046630068,0.11791260102938694,-0.07223960563528153,0.20151444520883832,0.18377471030732295,-0.05366564533945828,0.034038374909773905,-0.1653341487235761,-0.19742606492671444,0.05261233520559716,-0.1429843192509473,-0.17988070312018412,0.17988070312018412,0.019731207556622277,0.9016379799827027,-0.548071960672898,-0.556942074515528,0.11153510467204142,0.11157651632455522,-0.01570896143246614,-0.014962290353477403,-0.0881642536229299,0.1292748395735568,0.05619011287010556,-0.07223960563528153,0.1292748395735568,0.15188316189547924,-0.027311111703980262,-0.019627270429684374,0.13353646407478892,-0.13248418300760678,-0.019627270429684374,-0.045064996366748586,0.5052274683946012,0.8031877714352283,0.8620522933079572,-0.5828023638568596,-0.5919564563184074,0.024830321239753327,-0.17988070312018412,0.17988070312018412,0.3216888086207397,431347038.15167594,1.056361964842204,0.30158730158730157,0.0873015873015873,0.06349206349206349,0.040852652752211664,0.5506060189056727,-0.018398643942264203,-0.08830325781781057,-0.06643242866671462,0.8810525754108983,-0.11571744896268521,0.12819515084142846,-0.13512025361221003,-0.07449510359780143,-0.3922790586816777,0.4355324977717394,0.9317158340280638,0.020995509317452317,-0.04952276476515394,-0.17988070312018412,0.17988070312018412,0.07449981540883277,0.7301587301587301,0.12698412698412698,455658604.75076956,19.937254415484933,0.2698412698412698,0.031746031746031744,0.06349206349206349,0.039066952876238466,-0.018477827025028648,-0.026484275463631857,-0.05407162401453742,-0.021941860807684344,0.3333333333333333,-0.00554713232602394,-0.1653341487235761,0.15188316189547924,-0.033465296344862616,-0.021941860807684344,-0.00797441053913539,0.405792524407722,0.019345629784060483,-0.06814202315172568,0.06814202315172568,0.07449981540883277,349342456.9290343,0.007541805657578449,0.04030951369203123,-0.0094983935724271,0.011523435537178273,0.11285691257792241,0.1251864592914329,0.27419765797873064,1.0,3.0,1.0,1.0,0.0,63.0,126.0,0.898742746615087,0.29941368105685195,0.5084511988536835,0.9618980659427587,0.9618980659427587,1.0,0.18115244916866288,0.26301609809296594,1,1,1,1,1,0
yearly_top_future_return_examples,2022-02-28,EQT,21.73957633972168,0.19899256140507915,0.30827739367447404,1.0907700740090551,1.1132041472885332,0.1146676636719024,0.26559314759943353,0.26973583948865665,-0.10076270583261082,-0.13218678693561858,0.060010837171498244,0.1378409158131999,0.11620315329606878,0.3548051202762763,-0.0718840865039585,0.5465011223317711,-0.05619396673898669,0.05619396673898669,0.020211921847053338,0.9627408424082102,0.6560656792536015,0.9837211769517216,0.13754905255303806,0.06905787717588813,-0.02688178213705117,0.08912597318604831,0.08140039173307112,0.16897313365604583,0.1920860085659135,0.13754905255303806,0.26973583948865665,-0.02410867559920926,0.03189046020527164,0.19785175298469815,0.12249117201950566,0.31612181953728813,0.19785175298469815,0.43108887598438084,0.49356868351480687,0.7935916049947267,0.9298769660162959,0.8617317687402883,1.0390783607319096,0.024183384799930225,-0.05619396673898669,0.05619396673898669,0.2851603197555108,165269373.95213595,0.9698591171905916,0.30158730158730157,0.07142857142857142,0.03968253968253968,0.04463693507036316,1.178589297475457,0.0820864890351205,-0.003646981268125571,0.054473113679102125,0.9917668229039406,-0.025676152412082764,0.07551412006462446,0.0671369030275839,0.009579226836520682,0.6454259521620225,0.45895814994740597,0.8534372115857091,0.022917690953105002,0.06096103915676521,-0.05619396673898669,0.05619396673898669,0.2676613204775067,0.49206349206349204,0.9523809523809523,160288009.11986032,18.89248281827496,0.31746031746031744,0.047619047619047616,0.031746031746031744,0.04417045086470848,0.06333976779159434,0.10744410341321231,0.24319860319870584,0.09525893846223621,0.5,0.04288110893824457,-0.02688178213705117,0.12249117201950566,0.14001846352900638,0.09525893846223621,0.04747812322705669,0.3916919637256499,0.020187340617554603,-0.0119555658231848,0.0119555658231848,0.10095845349218524,201214110.06904784,0.022130107924781317,0.041639716535304426,0.037017255769213,-0.04475952506677017,-0.11827006655258998,-0.08506928078761966,0.1092848322693949,1.0,3.0,1.0,1.0,0.0,63.0,126.0,0.7166344294003868,0.4870351723170412,0.717804814771694,1.06930671439284,1.06930671439284,1.0,0.1644130792731809,0.2123486163179705,1,1,1,1,1,1
yearly_top_future_return_examples,2022-05-31,LEU,25.59000015258789,0.23293399373586032,0.16054426476248973,0.8142947705465838,0.8321848847652477,-0.11483914605144518,-0.5484383098743244,-0.5388358374745151,0.12778864997745076,0.051558743321503675,-0.184177345676114,-0.2505476401019835,-0.10055868917409028,-0.32359872243780274,0.10411085169641765,-0.5398596624221411,-0.7010164593118551,0.7010164593118551,-0.1390349511082446,0.9485817199459702,-0.4242424242424242,-0.6745386281752683,-0.48727709415301146,0.06429002222316012,-0.12943296141499816,-0.28505373486598196,-0.23210593513441646,-0.41104718749706437,-0.47905337304153034,-0.5388358374745151,-0.41104718749706437,0.04188721893824643,-0.1918204821341406,-0.4347249857780975,-0.25557763591407245,-0.32475134781278736,-0.4347249857780975,-0.4103213060274652,0.998103535013095,1.2231805355511838,1.0614876356363365,0.0,-0.07817003092227115,0.046370446606685836,-0.5690468222923504,0.5690468222923504,0.3735910523538044,7844528.441277761,1.0592952680941974,0.5634920634920635,0.19047619047619047,0.1984126984126984,0.0974783187233481,0.8318013834928456,-0.043591806538903266,-0.20029654853705636,-0.11690408100877547,0.6125390122295589,-0.17626113945344324,0.09989087653704712,-0.240652831654244,-0.23342994490338143,-0.16669831023352943,1.0594745615013197,1.1523266917922375,0.048689500584484756,-0.2159491174624425,-0.48593811209110405,0.48593811209110405,0.3735910523538044,0.9047619047619048,0.19047619047619047,8309671.858275883,15.932930798821568,0.5555555555555556,0.19047619047619047,0.20634920634920634,0.10414786971142252,-0.018324097827485453,-0.15214517505643665,-0.06402861805887856,-0.07817003092227115,0.16666666666666666,-0.11635220632343814,-0.25557763591407245,0.04188721893824643,-0.062304022947908044,-0.07817003092227115,0.06914561160496735,1.2208608164928472,0.05346489418892648,-0.16098360155449543,0.16098360155449543,0.3735910523538044,5057533.994311378,0.06452016379887038,0.08474294130343049,0.049372594461546404,-0.015866007974363106,-0.10997363796531012,-0.2152371150367124,-0.07238972897337059,1.0,3.0,1.0,0.0,1.0,63.0,126.0,0.642953667953668,-0.03282532815862227,0.2954279534276001,0.9464635043487399,0.9464635043487399,1.0,0.13034741120318544,0.19119128790433915,1,1,1,1,1,0
yearly_top_future_return_examples,2022-06-30,ASTS,6.28000020980835,-0.309867354331546,-0.5146831210621781,1.2755604477567053,1.2920223567873415,-0.41959330989515586,-0.36947789299640166,-0.20906798935127746,0.0960736782610957,0.3012419388831644,0.2569268854300246,-0.6276683185101788,-0.27581864501737907,0.08421871286328553,-0.1616734437288767,-0.20458380550379593,-0.5358462428861217,0.5358462428861217,0.022281074815775792,0.5850151491809171,-0.43268327067669177,-0.6430110879163609,0.09217394953188696,0.15387812957196018,0.2313043345575747,-0.2044439419269517,-0.31757160967050535,-0.11299431109018176,-0.07662945030319075,-0.20906798935127746,0.09217394953188696,0.4096044703079964,-0.14837004000199616,-0.37074143308015417,-0.24549092633314695,-0.14532843087281444,-0.37074143308015417,-0.45937797629711163,1.0219185669972217,0.6361487273295787,0.7897409617790394,-0.23555485198670256,-0.42299088149042174,0.04390065084984705,-0.4270072821213128,0.4270072821213128,0.22417155355029883,11651692.580104252,0.5742509499271502,0.5476190476190477,0.14285714285714285,0.19047619047619047,0.0835749026368222,0.6311318288751415,-0.16611177010532507,-0.07658941123383922,-0.14876310820491878,0.6684009466589426,0.1049136073046637,0.29280507881920687,-0.16600265141716575,-0.11238028697320124,-0.1522120786516854,0.8070509519602436,0.8055156793393806,0.040658361690920755,-0.14913782137165543,-0.4069877130007691,0.4069877130007691,0.02782325246794448,0.9682539682539683,0.14285714285714285,6690995.532383994,15.716273379514034,0.5238095238095238,0.14285714285714285,0.19047619047619047,0.08032294751815126,-0.11939982096669854,-0.16597617263757036,-0.3771653564858169,-0.24519225478877493,0.5,-0.0034465689948443567,-0.27581864501737907,0.4096044703079964,-0.15611334523914222,-0.24519225478877493,-0.08424771652000118,0.6500921958297494,0.033658141889345405,-0.2814644880700141,0.2814644880700141,0.02782325246794448,5403286.143348331,-0.028465319236795517,0.0749886227807643,-0.02514745274734076,-0.08907890954963271,-0.22541300220733973,-0.293286702214563,-0.20481576673063207,1.0,4.0,1.0,0.0,1.0,63.0,126.0,0.6331968219251457,0.11942674760243177,0.9140127478006077,0.149681456843771,0.9140127478006077,0.9961538461538462,0.2523515352650866,0.3432335930203661,1,1,1,1,1,0
yearly_top_future_return_examples,2022-06-30,FSLR,68.12999725341797,-0.04244977690649443,-0.2472655436371265,0.9009594910132122,0.935740559569944,-0.2862979477599863,-0.34237453420005026,-0.21833416256456883,0.12323516435705595,0.08756100156457891,-0.03923824752920024,-0.14717208216469735,-0.10073435107608075,0.07495253964999415,0.03192383287067124,-0.4324029664325684,-0.4375928875954761,0.4375928875954761,-0.02934037890297525,0.852062940339578,-0.5329775405826107,-0.6200353512170611,-0.13077316099998992,0.06341198706349735,-0.03942327693505854,-0.05929886647132254,-0.13438525215408126,-0.09509899820751289,-0.14806877392402387,-0.21833416256456883,-0.09509899820751289,0.11223265832766804,-0.06580639813211653,-0.1864103296938976,-0.12789586049304624,0.03900267251344214,-0.1864103296938976,-0.3886510775157068,0.5049321570707059,1.0511950457318735,0.94989820815823,-0.2647903101589302,-0.29061275008380194,0.02412320552652419,-0.23086480192944958,0.23086480192944958,0.10960904821317463,116859098.46459647,0.8587222578256708,0.30952380952380953,0.07936507936507936,0.06349206349206349,0.04347327042584888,0.49499163308114735,-0.023757450579027006,-0.02431136360609165,-0.01477907676589929,0.9136852035428062,-0.03313704244003568,0.08320830420020496,-0.06709573610547559,0.00780144781562675,-0.3700407934730443,0.4796341512429335,1.1066396764449629,0.022820864679483705,0.010650498891775273,-0.18902516937282676,0.18902516937282676,0.10960904821317463,0.9682539682539683,0.5238095238095238,100349508.88099065,18.424169749098937,0.2698412698412698,0.031746031746031744,0.06349206349206349,0.042202107583780346,-0.0006258966279333311,0.006093792489678895,-0.06617130779397057,-0.03512255113293428,0.16666666666666666,-0.03734673729158124,-0.12789586049304624,0.11223265832766804,0.053956358416698436,-0.03512255113293428,-0.004907576928718904,0.5307821819434343,0.02553715948668607,-0.09075140830191752,0.09075140830191752,0.09975781136996531,104803617.9221017,0.005564307513239886,0.04530204947100479,-0.008037068802627556,-0.08907890954963271,-0.22541300220733973,-0.293286702214563,-0.20481576673063207,2.0,6.0,2.0,1.0,1.0,63.0,126.0,0.6013307072555627,0.45559962082590766,0.8721562922910411,0.9414356319502886,0.9414356319502886,0.9980769230769231,0.2523515352650866,0.3432335930203661,1,1,1,1,1,0
yearly_top_future_return_examples,2022-06-30,LEU,24.75,0.1799931039410888,-0.02482266278954326,1.0377053238583411,1.071615231277738,-0.3598034118549859,-0.5539737024444104,-0.5041073917918812,0.05082706817207994,0.07372763495446455,-0.3247845949515298,0.05920594331001583,-0.12943296141499816,-0.21082068957731825,0.2385287401503673,-0.4996101376123165,-0.7108306921489702,0.7108306921489702,-0.09625652095054005,0.8190309667326187,-0.34899615548910723,-0.521888878727752,-0.4303797568374167,0.03773502125325691,0.04188721893824643,-0.23487368330170888,0.048343595218635516,-0.4532803236198013,-0.46258915741636636,-0.5041073917918812,-0.4303797568374167,-0.25557763591407245,-0.0827535701299934,-0.26557865164151395,-0.17626113945344324,-0.04016564943417422,-0.26557865164151395,-0.24542644181910836,1.0090015270728043,1.232082335150272,1.0724572440606557,0.041695146958304896,0.007501161918154198,0.04857494589746615,-0.5304496218955377,0.5304496218955377,0.3285024753045436,7403085.143693288,0.7972494012757685,0.6031746031746031,0.20634920634920634,0.1984126984126984,0.09666505535184189,0.8565807962529275,0.1736291053040382,0.01888674652911959,-0.06883474512313681,0.783563247252378,-0.07817003092227115,0.10569163218498985,-0.10842940216370023,0.1622728272367473,0.02741573033707856,1.0821109969774927,1.148840517394639,0.05170526388840785,0.10769999318911738,-0.31230900678706586,0.31230900678706586,0.3285024753045436,0.7777777777777778,0.5238095238095238,5902105.19840301,15.590819827952927,0.5873015873015873,0.2222222222222222,0.20634920634920634,0.09406370680658867,-0.06814759169982487,0.08127614059385402,-0.026404474097294593,-0.03282532815862227,0.16666666666666666,-0.10506331282086014,-0.25557763591407245,0.04188721893824643,0.05625358139101044,-0.03282532815862227,-0.11032028640547908,1.2431729576460513,0.06499616674880097,-0.28281654002409085,0.28281654002409085,0.012269907063368057,6470549.776286171,-0.0705272669303676,0.10386724871130386,-0.06136225836790621,-0.08907890954963271,-0.22541300220733973,-0.293286702214563,-0.20481576673063207,1.0,3.0,1.0,0.0,1.0,63.0,126.0,0.6433332589401954,0.33939400104561246,1.012525308011758,0.655757557262074,1.012525308011758,1.0,0.2523515352650866,0.3432335930203661,1,1,1,1,1,1
yearly_top_future_return_examples,2022-11-30,SOUN,1.2799999713897705,,,0.7179966946423558,0.9696262795269796,,-0.8030769274784968,-0.8333333333333334,0.19904761087326783,0.3109452510593539,-0.6289062541230428,0.07802906613057248,-0.6510416501744958,-0.7884785062362345,0.28245614534086305,-0.577522080232572,-0.9145527362814136,0.9145527362814136,-0.08549293178459683,0.9417233750595088,2.1985630306988897,0.4365476227308118,-0.5223880822739795,0.15749496416813633,0.3059701167227944,-0.5772438371746254,-0.03279082990807136,-0.6342857224600655,-0.6633357126891261,-0.8333333333333334,-0.5223880822739795,-0.18571431296212337,-0.16910999846869113,-0.5508771879924703,0.15087722145472826,-0.5328911073877111,-0.5508771879924703,-0.506234920974037,1.4429462731498413,0.651365871059653,0.7541409564159186,2.3772413793103446,0.5951545417133852,0.060811361543194435,-0.8389937104277632,0.8389937104277632,0.0,2190590.489276818,0.40661034012644937,0.6666666666666666,0.15079365079365079,0.2857142857142857,0.12322663587267595,1.754253985312556,-0.3638676952840745,-0.3361571621178068,-0.5143236671997015,0.8063107047487188,-0.17378046896789545,0.37107305532290086,-0.609756102879653,-0.43999377845633847,0.7474723444748426,1.0881848824900067,0.8637189977789991,0.05510213067481994,-0.4434874337358541,-0.6743002672654026,0.6743002672654026,0.0,0.5079365079365079,0.0,890716.743922612,13.699782870544777,0.6507936507936508,0.15873015873015872,0.2857142857142857,0.11377979705057435,-0.3987317132081897,-0.49152541419957463,-0.5614248096086095,-0.5276752939586669,0.3333333333333333,-0.18022739798094314,-0.6510416501744958,0.3059701167227944,-0.5831168517278422,-0.5276752939586669,-0.28888890478346096,0.9398859561025265,0.05406299764870554,-0.509578535311483,0.509578535311483,0.0,1041809.0868688765,-0.19140873789028867,0.206138377827093,-0.07246380166781041,0.055441557769175365,-0.017986080604759258,-0.04485482709709887,-0.25043751855396124,1.0,4.0,1.0,0.0,1.0,63.0,126.0,0.6475915221579962,0.3828125160071072,0.554687542200555,1.3359375596628538,1.3359375596628538,1.0,0.15714407415036066,0.20589974365485034,1,1,1,1,1,1
yearly_top_future_return_examples,2022-12-31,CVNA,0.9480000138282776,-0.6537803545731065,-0.9795504556089494,1.1277097649869972,1.2056881366386147,-0.9602648997522717,-0.8389945631817737,-0.7900797039259242,-0.06624039205724674,-0.04731308745757101,-0.10097428521409846,-0.6655281711432626,0.29096549814808514,-0.7441156631712502,0.023577247568563164,-0.4508315776735457,-0.9802195042401755,0.9802195042401755,-0.20157014539992169,1.4369058813953528,0.08031602750135036,-0.7477488612206611,-0.8373927913834952,0.03411881358838655,0.1317324418414061,-0.7620876018345791,-0.16807964164331302,-0.8563200959831709,-0.8279308637641968,-0.8563200959831709,-0.7900797039259242,-0.3846620320908948,-0.45335982765793736,-0.766502456357361,-0.33349750547217627,-0.7652208203109296,-0.766502456357361,-0.395275928536823,1.7524941531447769,1.22457208827318,1.1065132166987466,-0.31103417271437495,-0.5764334692832678,0.07676437256754087,-0.9131709109161815,0.9131709109161815,0.2741935367576789,263267895.8337508,0.6979621920964689,0.7222222222222222,0.23809523809523808,0.2857142857142857,0.12344579879407358,0.9891974359977422,0.021427600934529334,-0.45520655778069585,-0.4294243595001125,0.24020955299669008,-0.43015520908013516,0.3127189303440281,-0.6496674122606882,-0.4429013188545713,-0.14666499540805622,1.9391579426419727,1.1066944974472688,0.08422514076807523,-0.44631089109482813,-0.7962166758525131,0.7962166758525131,0.2741935367576789,0.9682539682539683,0.047619047619047616,183751037.68474954,19.029092348747362,0.7142857142857143,0.23809523809523808,0.3333333333333333,0.13843507092198695,-0.19227491099017147,-0.46153846272597054,-0.1794986356900359,-0.3852140208673457,0.3333333333333333,-0.18513847125351013,-0.43015520908013516,0.29096549814808514,-0.29507725525230477,-0.3852140208673457,-0.04319740153586993,2.1460554248030377,0.08822953659382297,-0.416974177992954,0.416974177992954,0.2741935367576789,125666630.39861263,0.10618437342603237,0.12383967762761877,0.13997115869136056,-0.09013676561504091,-0.0012816360464313892,-0.045964040754673974,-0.3257701010358429,1.0,3.0,1.0,1.0,0.0,63.0,126.0,0.8138728323699422,1.1455695044534036,0.9873416838098135,1.0654007554071252,1.1455695044534036,1.0,0.30363750891176866,0.3832715510593854,1,1,1,1,1,1
yearly_top_future_return_examples,2022-12-31,MSTR,14.156999588012695,-0.41422513768626534,-0.7399952387221083,0.9146426465582949,0.9924843787317588,-0.7088953858180518,-0.4651479216644584,-0.13834453286327963,-0.25028046696168516,-0.36675932148639323,0.29190501752253173,-0.6249399887860501,0.7410834065083425,-0.09238049210860566,-0.1946904384002387,-0.14149744691112964,-0.7464084918525471,0.7464084918525471,-0.07811557296137539,0.8328178256492365,0.7558662006989516,0.1711013510065933,-0.5051038543496729,0.18740332422839018,-0.19051949211426777,-0.3596627037292691,-0.09595059727158584,-0.3886249998249648,-0.34402446234597245,-0.5051038543496729,-0.13834453286327963,-0.08334774113533039,-0.07589663770371324,-0.33303497126351833,0.26029396316874376,-0.33175333521708694,-0.33303497126351833,-0.3508824080985849,0.9777175198798446,0.6338212798805826,0.9707666495932057,0.06382335148215357,-0.23971191190620134,0.045063064298260604,-0.5987699969155054,0.5987699969155054,0.036156003611161,142283770.08433568,0.8420675295469167,0.5873015873015873,0.18253968253968253,0.15873015873015872,0.07804373861109583,1.1499100866437797,-0.20186436359722437,-0.16473040411510753,-0.2872814364594959,0.6277888201539479,-0.25950430181954987,0.4008473016298461,-0.47078614336964797,-0.07852001599540759,0.22936207398776576,0.9491355610223352,0.6529079672712097,0.04278335014166773,-0.10224700848294865,-0.4943748237342587,0.4943748237342587,0.036156003611161,0.6825396825396826,0.015873015873015872,119812542.76953803,18.60143894408703,0.5555555555555556,0.15873015873015872,0.1746031746031746,0.07971817463634781,-0.20527758951317543,-0.2067892784167934,-0.4604255548712421,-0.2853248736883428,0.3333333333333333,0.030446826819932566,-0.2853248736883428,0.7410834065083425,-0.1951881080733019,-0.2853248736883428,-0.20481929956771483,0.6196981698119121,0.030772322986575274,-0.31588869136013664,0.31588869136013664,0.036156003611161,85210278.51386297,-0.1008917002678944,0.07888578821306284,-0.025939206471053522,-0.09013676561504091,-0.0012816360464313892,-0.045964040754673974,-0.3257701010358429,1.0,4.0,1.0,0.0,1.0,63.0,126.0,0.7435452793834297,0.7781310354072737,0.8525817649273919,1.0648443315421203,1.0648443315421203,0.9980806142034548,0.30363750891176866,0.3832715510593854,1,1,1,1,1,1
historical_mega100_examples,2023-03-31,CVNA,1.9579999446868896,-0.8099590816251293,-0.9179310939321642,1.8350989081161073,2.172510015823219,-0.5664304619133166,-0.703243417706818,-0.5177339969747853,0.7875134226890784,0.24131118833529275,-0.766502456357361,1.8319032117644862,-0.33349750547217627,-0.7232877220295727,1.5831347523819104,-0.2720843175399166,-0.92636883219219,0.92636883219219,-0.16804046179513232,1.9565239231567926,0.14380868445137462,1.3624233209070988,-0.27642280863949253,0.40347353513878415,-0.43015520908013516,0.2451351606218215,0.4737252826391596,0.26977942571429314,-0.17479245996666157,-0.5177339969747853,0.26977942571429314,-0.3852140208673457,0.1580259678348126,1.0654007554071252,1.1455695044534036,0.8582999664695596,1.0654007554071252,0.5779254397091255,1.902843947993549,0.6168508388550126,0.9688086661081122,-0.33263782447466006,-0.30642508397560075,0.08298269322425808,-0.5791057683664054,0.5791057683664054,1.6317202933541863,222692490.61189118,1.1630482777098672,0.7222222222222222,0.2777777777777778,0.30158730158730157,0.14554556230043014,0.571197227255447,0.025605535732715068,-0.1575874886850186,0.043554237356867365,0.7883094163846457,-0.07374630386718695,0.5939220498168764,-0.037364787707822145,-0.2830332060112718,-0.5962665911556378,1.8434917070675243,0.6367106947267711,0.08184009423646994,-0.16248457291543372,-0.3224913932133535,0.3224913932133535,1.2199545126019555,0.6190476190476191,0.9206349206349206,259002117.66508082,19.37234679980441,0.7301587301587301,0.3333333333333333,0.25396825396825395,0.15241598394314093,0.14342440436236648,-0.07308895038058516,0.033463202911482304,0.03927813331408081,0.3333333333333333,-0.006294233586559968,-0.43015520908013516,1.1455695044534036,-0.05564895238066181,0.03927813331408081,0.22031782028685853,1.1737708855300046,0.061434623821991385,-0.029732381628063465,0.029732381628063465,0.43338203809303866,105835675.05310547,0.20211195123848236,0.10540639453398341,0.18037131523246486,0.09492708569474262,0.20710078893756556,0.20555372505478742,-0.1079720123070349,1.0,3.0,1.0,1.0,0.0,63.0,126.0,0.8611315148383287,-0.29111335513032843,0.3197140876525595,1.6475996740070284,1.6475996740070284,0.9980842911877394,0.23272508984419413,0.35365434378958654,1,1,1,1,1,1
historical_mega100_examples,2023-03-31,QBTS,0.6639999747276306,-0.8248894688175911,-0.932861481124626,1.2682716880760312,1.5239874949223842,-0.9329969742733117,-0.9005988036241053,-0.91562897275945,0.19938965612825577,0.1438076515027138,-0.8170266736772434,0.27813774891519005,-0.6302414068429223,-1.1211826978142374,0.3767400479973967,-0.7447898554505082,-0.9464516132939743,0.9464516132939743,-0.39452247774200055,2.7317475756771894,7.332132853141257,2.8420387389373856,-0.7718213212567362,0.10289657820668272,-0.19587634187256897,-0.5404717261184179,0.21919897230295826,-0.7162393166311942,-0.8012298702157935,-0.91562897275945,-0.7162393166311942,-0.3846153375900221,-0.3017761080050224,-0.5388889247620533,-0.13194447893787176,-0.7459897136996189,-0.5388889247620533,-0.38537685963081,1.2293789530814765,1.0858913472039813,1.137438308154047,1.5047515938890892,1.3930287944714008,0.05692086173712334,-0.9188264119858903,0.9188264119858903,0.3441295365817183,1470294.8105447823,1.579083385699593,0.6587301587301587,0.12698412698412698,0.30158730158730157,0.11746480071447805,2.315570959909551,0.11723809539595953,-0.3903621278702252,-0.22944811089579853,0.3073865428146613,-0.4440000057220459,0.21959207029801361,-0.46880002021789546,-0.40234776149484486,0.34799309451877414,1.398342716473188,0.9546815325450737,0.06215853035047293,-0.3262866510437046,-0.6047619074650634,0.6047619074650634,0.3441295365817183,0.8412698412698413,0.14285714285714285,2321718.1074115965,14.657818463815522,0.6666666666666666,0.12698412698412698,0.30158730158730157,0.1113915912851702,0.021800424078410874,-0.2163311622562637,-0.03341219453329751,-0.04460434307747785,0.0,-0.30521365234048486,-0.6302414068429223,-0.04460434307747785,-0.13953142877222047,-0.04460434307747785,0.1390341840512248,1.3349719675858647,0.05700754062687257,-0.16161618898284902,0.16161618898284902,0.3441295365817183,490179.75736544246,0.2401941995919199,0.07885113568845298,0.20115769730695465,0.09492708569474262,0.20710078893756556,0.20555372505478742,-0.1079720123070349,1.0,4.0,1.0,0.0,1.0,63.0,126.0,0.6454756016536247,-0.2515059823227338,0.8975904193070223,2.147590351982496,2.147590351982496,1.0,0.23272508984419413,0.35365434378958654,1,1,1,1,1,1
historical_mega100_examples,2023-04-30,CVNA,1.3880000114440918,-0.9178944694029824,-0.8802622489190334,2.0230770299653043,2.3736255635193495,-0.761921092691583,-0.6581280711807487,-0.4870657925122295,0.9512008043240716,0.3871954693313733,-0.24833708333028626,-0.06926367079450768,-0.43015520908013516,-0.6521411633862548,0.16946503838743554,-0.26011829135757747,-0.8921857965636463,0.8921857965636463,0.0016945960432690477,0.829408540421866,-0.8763729495884156,-0.9156369940293587,-0.0998703231808562,0.47833135647403274,-0.3852140208673457,-0.12383693271038776,-0.18529908812771634,0.46413501181184214,-0.04093370129374785,-0.4870657925122295,0.46413501181184214,1.1455695044534036,-0.07056768933283475,-0.31760075412479394,-0.07374630386718695,-0.41412982723467373,-0.31760075412479394,-0.21703875501730324,1.8724780559267686,0.5132913359184226,0.7814973300767375,-0.3902455287685036,-0.5677531986944238,0.08046462076231042,-0.5458115137293916,0.5458115137293916,0.8655913689912771,202693778.08031937,1.1506603488054765,0.6984126984126984,0.25396825396825395,0.29365079365079366,0.14261538218338704,0.3592554815259952,-0.19723180365133497,-0.03612755089868469,-0.19504499735871839,0.632154279355624,0.03927813331408081,0.5894874985031792,-0.26326961098856594,0.07249520270138499,-0.4114701150110244,1.4633366013340496,0.6568049770151114,0.06648075040089282,0.0317154646914497,-0.5197231968646885,0.5197231968646885,0.01610538380022608,0.9206349206349206,0.5079365079365079,233231693.38660014,19.267542913954298,0.6666666666666666,0.25396825396825395,0.2857142857142857,0.13437174120062184,-0.1750861720351341,-0.04239654614463262,-0.3028875757042239,-0.29111335513032843,0.3333333333333333,0.0007697914704146899,-0.43015520908013516,1.1455695044534036,-0.29619231329623386,-0.29111335513032843,-0.19810502892089044,0.9611267628045818,0.0484996247062707,-0.29111335513032843,0.29111335513032843,0.0,85928592.94696365,-0.13627877603379357,0.11106422436002801,-0.08006362274343215,0.005078958165905423,0.09652907310987979,0.16507537087402535,0.037632220483948986,1.0,3.0,1.0,1.0,0.0,63.0,126.0,0.8432804887051528,0.8616715340929977,2.7348702972021544,5.621037107068836,5.621037107068836,1.0,0.3074900931398067,0.48304854589883356,1,1,1,1,1,1
historical_mega100_examples,2023-04-30,IONQ,5.510000228881836,-0.3375051164172369,-0.2998728959332879,1.2567221637439518,1.3145377049199436,0.020370394735505837,0.08678501820962992,-0.06451606896733175,0.6616175625111295,0.13234560226572156,-0.24617993924171555,0.4871709657894091,-0.12393888550443344,-0.2295914398413571,0.3055070955150253,-0.07606074591305954,-0.3424820819051454,0.3424820819051454,0.050842311765177506,2.0961039713102716,0.06190533542093224,0.3178149923004956,0.06782953329838981,0.3500909323219377,-0.33139531982467174,0.1382886848370113,0.03811394676235769,0.5971014935437977,0.2001383192916186,-0.06451606896733175,0.5971014935437977,0.2869565205372724,0.1277446862274323,0.24099102654769355,0.06756750225933827,0.14446195343781376,0.24099102654769355,0.27112118798794926,0.8482176738192416,1.2137487697395972,1.047924744662476,-0.9213142551166111,-0.9295026885212906,0.037878584679057845,-0.22065062304135097,0.22065062304135097,0.7774194833515378,19311270.2824831,1.31821006508698,0.4603174603174603,0.1111111111111111,0.14285714285714285,0.06705402702281592,0.3431147239728027,-0.22065062304135097,0.2019138141167971,0.0178446390599607,1.0471818124316634,0.2974684372013481,0.2489904409453959,0.16244736180272623,0.3026574424110662,-0.7912114801717606,0.8888682892552281,1.1582403945719701,0.03910743484734148,0.22884338516019453,-0.22065062304135097,0.22065062304135097,0.24099102654769355,0.2698412698412698,0.9682539682539683,25456310.855984308,17.052474280269717,0.4126984126984127,0.12698412698412698,0.12698412698412698,0.07004748164367956,-0.053210350443161025,0.12728013013576045,-0.10108079309469764,-0.10406501732702156,0.5,0.015432206223638667,-0.33139531982467174,0.2974684372013481,-0.10914397549292698,-0.10406501732702156,-0.12525795449663213,1.0295231580694875,0.04006832270552518,-0.22065062304135097,0.22065062304135097,0.08464573063656267,43183938.20870944,-0.07223436461510269,0.06707284899471555,-0.009349145762804767,0.005078958165905423,0.09652907310987979,0.16507537087402535,0.037632220483948986,1.0,4.0,1.0,0.0,1.0,63.0,126.0,0.643926804960874,0.9582576249806583,1.4555352397357129,2.493647767761794,2.493647767761794,0.9942528735632183,0.3074900931398067,0.48304854589883356,1,1,1,1,1,1
historical_mega100_examples,2023-04-30,PLTR,7.75,-0.29243988545814925,-0.25480766497420027,1.3624641611080965,1.4229845499422262,-0.25120775706681875,-0.04674048082311122,-0.11831626466057277,0.3254813593491416,0.1516495979939062,-0.11490327149350277,0.11104720349873232,-0.1467576754779737,-0.2833916355345981,0.11446019666580232,-0.1795793076148544,-0.3231440935283827,0.3231440935283827,0.0192086359273691,0.8413411107175977,-0.39185047823540897,-0.3941955441423204,0.03333333333333344,0.16286661061092392,-0.14399998982747397,0.005931752622145625,-0.1185289477765109,0.2071650946885688,0.040727387787109826,-0.11831626466057277,0.2071650946885688,0.21183802450972666,0.021284010189897673,-0.0038560679947704513,0.00771207469941948,-0.10038514110465024,-0.0038560679947704513,-0.005450133398063089,0.6588524381346145,0.6135141297823221,1.0738642725118828,-0.04777113865244431,-0.12665398319277044,0.0300440487314314,-0.23343221927001367,0.23343221927001367,0.29166666666666674,286449121.90936744,1.174940512176035,0.38095238095238093,0.0873015873015873,0.07142857142857142,0.05042303402313196,0.8057595820617597,-0.06923836132900507,0.0011347564948569477,-0.05547701180966502,0.7939799842583518,0.07780607714349252,0.14082338196182786,-0.01147961107605111,0.027253546840497522,-0.11022630723426341,0.707518094170108,0.5713144067520258,0.030211946762413965,0.0013515131694026294,-0.23343221927001367,0.23343221927001367,0.05442178238877515,0.7936507936507936,0.5396825396825397,336560678.0085677,19.634289014740844,0.38095238095238093,0.09523809523809523,0.07936507936507936,0.04971363151224987,-0.058818765934006034,-0.04020592959105984,-0.20494083235919647,-0.08284021598410107,0.5,-0.012706950822818345,-0.1467576754779737,0.21183802450972666,-0.0879191741500065,-0.08284021598410107,-0.06327431105416548,0.4042152802371192,0.02008333497837735,-0.12031786255724342,0.12031786255724342,0.0012920192735859093,217017763.27679953,-0.04907974903761825,0.04198156084333147,-0.010217116076450816,0.005078958165905423,0.09652907310987979,0.16507537087402535,0.037632220483948986,2.0,7.0,2.0,1.0,1.0,63.0,126.0,0.8641477188838034,0.8980645210512224,0.9780645062846525,1.56000001968876,1.56000001968876,0.9904214559386973,0.3074900931398067,0.48304854589883356,1,1,1,1,1,1
historical_mega100_examples,2023-04-30,QBTS,0.4970000088214874,-0.9873794407500193,-0.9497472202660703,0.7495507103294791,0.7693464569609508,-0.9432648406580091,-0.9368487908451627,-0.8292096239991643,0.1743485052994992,0.041602797952728365,-0.5704467480648974,-0.031953244877912734,-0.19587634187256897,-0.9942849948731897,0.2268096310563542,-0.6207009170114772,-0.9599193528942709,0.9599193528942709,-0.2654975962104231,1.9557591657899294,-0.5594885207788434,-0.8248526327528949,-0.787606826046436,0.09105823861377542,-0.3846153375900221,-0.5432740837807004,-0.10490612549888634,-0.6548611186996651,-0.7572258562484219,-0.8292096239991643,-0.6548611186996651,-0.13194447893787176,-0.2802515014855339,-0.6023999929428101,-0.4440000057220459,-0.6989290660526899,-0.6023999929428101,-0.41285223799462195,1.3359245995504654,1.4086644180347312,1.0922155817468815,-0.6360099894342522,-0.7275556545972529,0.06034987570699342,-0.8763681564229906,0.8763681564229906,0.008113606694581055,1477664.1617836696,1.2155101965740465,0.6507936507936508,0.14285714285714285,0.29365079365079366,0.11895927466685725,0.7899180100055587,-0.08068113347027372,-0.12233221899987157,-0.22746913229811605,0.5957011988634434,-0.04460434307747785,0.15128655305716787,-0.2848920662786504,0.03945169625296541,-0.3806994606961922,1.4591176636679812,1.2897311131395177,0.06596869468795721,0.0590725440424793,-0.6854430409353371,0.6854430409353371,0.008113606694581055,0.9206349206349206,0.015873015873015872,1796115.855760092,14.401137590182076,0.6825396825396826,0.15873015873015872,0.31746031746031744,0.11550785646033129,-0.15485771324483544,0.002310351256337384,-0.1336468810387701,-0.2515059823227338,0.0,-0.2420910815871201,-0.4440000057220459,-0.04460434307747785,-0.2565849404886392,-0.2515059823227338,-0.2007076119995882,1.8818694485640377,0.08277905204314141,-0.41529412366939644,0.41529412366939644,0.008113606694581055,842388.1952440455,-0.09702033413969613,0.16944522990709518,-0.04533230836855162,0.005078958165905423,0.09652907310987979,0.16507537087402535,0.037632220483948986,1.0,4.0,1.0,0.0,1.0,63.0,126.0,0.6475922781632955,1.5352112034183563,3.2052311409917866,3.2253518457921126,3.2253518457921126,0.9961685823754789,0.3074900931398067,0.48304854589883356,1,1,1,1,1,1
historical_mega100_examples,2023-04-30,RGTI,0.4699999988079071,-0.9700063195189815,-0.9323740990350325,2.0426003155620145,2.8049900856440337,-0.8939051880315375,-0.75,-0.7761904665942632,0.4209092822850843,0.13772894047688233,-0.6280952125774207,0.22988777071255395,-0.38095237554606376,-0.9412658374682885,0.3779830247293964,-0.6331987459622151,-0.9486899556072927,0.9486899556072927,-0.17785766679246995,1.4638223261250731,0.7128499641062456,0.030780361601168593,-0.6384615261173808,0.21460234191997976,-0.4392307699361496,-0.39195570503152255,-0.033775288397479675,-0.3552811843091789,-0.5899777256736076,-0.7761904665942632,-0.3552811843091789,0.07133065534859728,-0.21548689729155546,-0.3982074418648668,-0.03969272394441392,-0.4947365149747466,-0.3982074418648668,-0.2931437038175139,1.2258243901206032,0.9503510522306707,1.1081550834459344,-0.6260383470038138,-0.7568990610003855,0.05497022211116301,-0.7793427354198652,0.7793427354198652,0.04910710781375616,1156583.3146646146,1.134063645151017,0.5793650793650794,0.16666666666666666,0.24603174603174602,0.1145575671626446,0.7747451970776585,-0.18201438401600656,-0.2462576929211414,-0.26782153964942,0.4247020714035671,-0.03600001335144043,0.21843101590428532,-0.3733333349227905,-0.1213619875287757,-0.42841172243072745,1.3584035293241588,0.8575975208049814,0.060655293384650054,-0.10251732962626237,-0.6618705009749004,0.6618705009749004,0.04910710781375616,0.873015873015873,0.015873015873015872,1311639.0897493986,14.086788889015706,0.6190476190476191,0.1746031746031746,0.23809523809523808,0.12098713122300837,-0.14102955100783465,-0.1749198501216066,-0.3003792278918136,-0.34993083635210664,0.16666666666666666,-0.19574601063026287,-0.4392307699361496,0.07133065534859728,-0.35500979451801207,-0.34993083635210664,-0.13268130629084485,1.1649634990011355,0.0534433973381619,-0.34993083635210664,0.34993083635210664,0.04910710781375616,447409.14090545406,-0.04471545860440196,0.08373859736193646,0.014680474647019048,0.005078958165905423,0.09652907310987979,0.16507537087402535,0.037632220483948986,1.0,4.0,1.0,0.0,1.0,63.0,126.0,0.6468243392883508,0.9978723678129087,1.499999904886205,4.297872374153828,4.297872374153828,0.9980842911877394,0.3074900931398067,0.48304854589883356,1,1,1,1,1,1
historical_mega100_examples,2023-04-30,SMCI,10.54300022125244,1.4666433438205424,1.5042755643044914,1.00243979466974,1.008440582080043,0.9520459501154701,0.9144725403445624,0.5150165330725516,-0.23085086044582726,-0.3465580937944863,0.0393734281726954,0.41825141772708485,0.296594283668838,0.3499411621985262,-0.05739168717277132,0.7929275517605977,-0.09017950029870248,0.09017950029870248,0.04960471147617107,1.541105680758005,-0.04320437770425045,0.39464907150642614,0.16845843927806525,0.17643827815615287,-0.09010304185439189,0.1464144213152465,0.13928681087952466,0.2841656726267243,0.3225468816591137,0.16845843927806525,0.5150165330725516,-0.11900124628157038,0.11467935756316394,0.45762484589978025,0.35448640951432875,0.36109577278990046,0.45762484589978025,0.7071827057086795,0.6495127227311259,1.0515784393301435,0.9963003933078249,0.19721337579617826,0.18462892559695354,0.032245624389186385,-0.09017950029870248,0.09017950029870248,0.577821006952745,129073722.92708972,1.1711775540870486,0.46825396825396826,0.1349206349206349,0.0873015873015873,0.05364089407992402,1.1344398340248962,-0.024828630957609565,0.07188574019814564,0.03519243988038245,1.0551003406047996,0.08757781031430367,0.19939313097529066,0.07614578903189817,0.04960872526257343,0.0021771488236730363,0.647109781115457,1.0554833124563863,0.033304408503626017,-0.013226637624595639,-0.09017950029870248,0.09017950029870248,0.4616665026085893,0.12698412698412698,0.9841269841269841,151168247.11465836,18.8339040004151,0.5396825396825397,0.1111111111111111,0.09523809523809523,0.05386320059086654,-0.004976830303312196,-0.0981145040464999,-0.01538981327303116,-0.010511451386730375,0.5,0.08650712732912963,-0.11900124628157038,0.35448640951432875,-0.015590409552635798,-0.010511451386730375,-0.0036902028443587254,0.6830135752946697,0.035046295964033976,-0.09017950029870248,0.09017950029870248,0.13025301711450732,163587593.77620333,0.011580943892239404,0.05310227531069298,0.0741284194728955,0.005078958165905423,0.09652907310987979,0.16507537087402535,0.037632220483948986,2.0,7.0,2.0,1.0,1.0,63.0,126.0,0.7482367488557508,1.1241582080800994,1.3641277353686347,2.1325998040548937,2.1325998040548937,0.9923371647509579,0.3074900931398067,0.48304854589883356,1,1,1,1,1,1
historical_mega100_examples,2023-05-31,CVNA,2.5840001106262207,-0.6986255279597353,-0.5611412864123844,1.7821690444780567,1.977773939013719,-0.6083661577440616,-0.04508498705746633,0.6757457963265296,-0.40534254539413017,1.049992677232492,0.2217898029521539,0.14976019057169343,-0.3852140208673457,0.4848438540696469,-0.3041958028026823,0.3866123362801704,-0.7633266112601524,0.7633266112601524,0.16667087271847958,0.7507790681631118,-0.12368355995055624,0.20191180767465555,1.7257384735590215,0.7510867472720365,1.1455695044534036,0.39840466588702195,0.2897879457613559,0.2704032509323995,0.8906291736059835,0.2704032509323995,1.7257384735590215,-0.07374630386718695,0.1115221589488109,0.3715499935238473,0.03927813331408081,0.1843017040548669,0.3715499935238473,0.2872835395460881,1.7478640304866782,0.973797739884359,0.7399440290921424,1.1534975273690478,3.0091050454426123,0.07669791308170316,-0.10588234711780409,0.10588234711780409,2.4731183459006467,208718622.1836084,0.7275021391607348,0.7063492063492064,0.2777777777777778,0.2777777777777778,0.1393112315503045,0.7703167874455626,0.4614142136799758,0.1902093908769351,0.3608022169462497,1.104386891658761,-0.29111335513032843,0.6347908243002944,0.3197140876525595,0.3094049041915654,0.34776051304149447,1.2933215530235438,1.3160424323974047,0.06357977314002589,0.5178982186151446,-0.05830898318471267,0.05830898318471267,0.8916544686595209,0.015873015873015872,0.8571428571428571,151843244.12125632,18.838359264576283,0.7142857142857143,0.2698412698412698,0.2698412698412698,0.11675167028811356,0.29398416967965546,0.677232635875753,0.5062503525543246,0.8616715340929977,0.5,0.21607424866593683,-0.3852140208673457,1.1455695044534036,0.7828336902005386,0.8616715340929977,0.15926430186988338,1.7020660425130936,0.08872939257919009,-0.05830898318471267,0.05830898318471267,0.8274399207114922,266412152.40292323,0.08818332812539453,0.11943276890294269,0.0616269903151514,0.07883784389245907,0.18724828946898042,0.19090194225688273,0.13748424154735095,1.0,3.0,1.0,1.0,0.0,63.0,126.0,0.7715930902111323,1.006191870480404,2.5565012333363044,2.8970585385864407,2.8970585385864407,1.0,0.30704201164262224,0.3836152959911762,1,1,1,1,1,1
historical_mega100_examples,2023-05-31,RGTI,0.9390000104904176,-1.0329185334898008,-0.8954342919424498,1.975830882845606,2.2197330105496325,-0.7640703502536641,-0.5528571175555781,-0.2776922731286662,0.4799969961822923,0.5657581800064213,-0.42307690191550995,0.6750769159027333,-0.4392307699361496,-0.4685942153855489,0.5296922871158896,-0.19406383271719874,-0.8974890801165565,0.8974890801165565,-0.0697716914834331,1.6591962268507068,1.1301685891748003,1.6669711034419943,0.28806590687775513,0.3049137624638366,0.07133065534859728,0.31767282727116375,0.338001709366343,0.20230472305362612,0.07089278560090502,-0.2776922731286662,0.28806590687775513,-0.03969272394441392,-0.09345139720692941,0.2520000139872234,-0.03600001335144043,0.06475172451824296,0.2520000139872234,0.16258590119625002,1.4309326433500658,1.497875357462084,1.0831746590125706,2.353869796032411,5.700603790735471,0.0607163114638438,-0.3244604171553318,0.3244604171553318,1.5040000279744468,1248921.645078678,0.7373755807481832,0.626984126984127,0.19047619047619047,0.23015873015873015,0.1204506280504982,1.9775666547681154,0.5394405612179248,0.03648384027997009,0.649567862556037,1.4276735590030674,-0.34993083635210664,0.5122742170258132,0.29875521921937387,0.16155671830346896,0.43165825150081494,1.5499499780306638,1.3828567212120317,0.06334340175685677,0.5873375888681092,-0.12242993975697558,0.12242993975697558,1.5040000279744468,0.031746031746031744,0.30158730158730157,920924.3233488665,13.733134229809899,0.6825396825396826,0.19047619047619047,0.2222222222222222,0.1210793188578212,0.6637136927998444,1.0389552896826628,0.4655647918473873,0.9978723678129087,0.3333333333333333,0.034058113262899224,-0.4392307699361496,0.9978723678129087,0.9190345239204496,0.9978723678129087,0.5346898935500111,2.1433587446621445,0.09133094808816586,-0.12242993975697558,0.12242993975697558,1.5040000279744468,1759814.1778257631,0.21995583634245053,0.14513920590726725,0.01932263268202905,0.07883784389245907,0.18724828946898042,0.19090194225688273,0.13748424154735095,1.0,4.0,1.0,0.0,1.0,63.0,126.0,0.6472168905950095,0.25133113864674983,1.6517571690295028,0.9169328351510737,1.6517571690295028,0.9980879541108987,0.30704201164262224,0.3836152959911762,1,1,1,1,1,1
historical_mega100_examples,2023-11-30,CVNA,6.263999938964844,2.7278361248390786,3.062256624039426,1.2187758100951354,1.2384189260826426,2.3248408312329865,3.512968218528834,1.4241484794080725,-1.7425380087900115,-1.215815161405152,2.8970585385864407,-3.2750128455578285,1.006191870480404,1.3036359906371817,-1.8021027863794605,0.9894375227770221,-0.4393125691492844,0.4393125691492844,0.03381177175938066,0.36525691583912084,-0.46746811643867336,-0.6687408354302624,0.20833331800292054,0.8936891869042716,0.772762259516415,-0.20475926303472725,-0.34164230324505607,-0.3183895293819391,0.4380307560096847,-0.3183895293819391,1.4241484794080725,0.09575627362588146,-0.16552533174097517,-0.377954306971388,-0.16623632940499067,-0.408121509792551,-0.377954306971388,-0.45974042140817,1.4393515978765,0.69140416872636,0.571162538158925,0.20862674205957155,0.40200698236789445,0.055920730656365464,-0.4393125691492844,0.4393125691492844,1.119079752706063,613964388.1671154,0.5137602636695648,0.5555555555555556,0.1984126984126984,0.1746031746031746,0.10090161296516058,0.5431043032673977,0.07733618411275212,-0.1335878954673656,-0.07479071733431053,0.6544995406204732,-0.3568365704798949,0.5326309024454542,-0.25393044220229255,-0.04112313559597447,-0.0628483880431594,0.8221037119462461,1.210520863211757,0.037548731162119806,0.05699152985883349,-0.4393125691492844,0.4393125691492844,0.20507887536148073,0.8571428571428571,0.31746031746031744,315430505.9484603,19.569448952446187,0.4126984126984127,0.09523809523809523,0.19047619047619047,0.0759118861368435,0.009985907340265054,0.11025619587892477,0.16077592184072761,0.1599999682108566,0.6666666666666666,0.25193957865811195,-0.3568365704798949,1.006191870480404,0.0518116366105601,0.1599999682108566,-0.015960797267744686,0.9951736950347595,0.04368314928054921,-0.0834065206957022,0.0834065206957022,0.20507887536148073,270999144.63171506,-0.013014853455670772,0.0778256799562225,-0.004386801854302069,0.1081883316002965,0.03016720282116303,0.12051248877089082,0.3344204992003472,1.0,3.0,1.0,1.0,0.0,63.0,126.0,0.8839574010704572,0.6902938059887826,0.37484044529161364,1.4243295048323152,1.4243295048323152,0.9961904761904762,0.30061204844130013,0.4138569035551418,1,1,1,1,1,1
historical_mega100_examples,2023-11-30,SMCI,27.347000122070312,1.6963897456063661,2.0308102448067133,0.9528208383757752,0.978714965835223,1.7913647355045543,1.5938536989636587,0.22112076638024503,-0.3931012741980239,-0.12394921335533926,0.228309839602161,-0.2341626570185259,0.11297158863954393,0.1006082776093542,-0.22697358379660992,0.3227803115882299,-0.22593333430512075,0.22593333430512075,0.02483391435883453,1.170189862556358,-0.3847254866509974,-0.3883265760385719,0.09717155302490577,0.20097049995931474,0.3250552231969108,-0.016275497354357626,0.10265620166280554,-0.17198050781777885,0.04877060386245732,-0.17198050781777885,0.22112076638024503,-0.16710572972673288,0.014767612814604814,-0.005852817416364897,-0.003126310054129222,-0.03602002023752793,-0.005852817416364897,-0.009313952843472837,0.6850503529543905,1.0089341305535362,0.9172937764091672,1.1144824729456841,1.4146970906528793,0.031993867529621266,-0.22593333430512075,0.22593333430512075,0.2657131807177884,865082532.5397916,0.963841992761918,0.4365079365079365,0.10317460317460317,0.09523809523809523,0.06168381963511414,1.1711716879131595,0.20345155565525908,-0.0029909097398630458,0.008905168717751932,0.9461611710778375,-0.1267230788898901,0.18396827326466544,-0.0027350580015645942,0.009158666647942182,0.30664462457337893,0.6283924252919658,1.0999029498522315,0.030443512766954263,0.1381063866876211,-0.11871998965405817,0.11871998965405817,0.18109185950763163,0.5714285714285714,0.7777777777777778,833802872.0666795,20.541507569155428,0.3968253968253968,0.09523809523809523,0.09523809523809523,0.0570401170146695,0.024619803928542572,0.1749137173371822,0.20541986374890323,0.14198018737368212,0.5,0.04717531342323078,-0.16710572972673288,0.3250552231969108,0.033791855773385615,0.14198018737368212,-0.007840193012489727,0.6911706822434311,0.029742545213326695,-0.10219957504822219,0.10219957504822219,0.11211874552153156,903925196.0199447,-0.04917041058296634,0.06169128812893813,-0.03893868111833865,0.1081883316002965,0.03016720282116303,0.12051248877089082,0.3344204992003472,2.0,7.0,2.0,1.0,1.0,63.0,126.0,0.9630308414495042,0.03945589893611978,0.936629184142733,2.1671481012580536,2.1671481012580536,0.9980952380952381,0.30061204844130013,0.4138569035551418,1,1,1,1,1,1
historical_mega100_examples,2023-11-30,SOUN,2.140000104904175,0.3374546201253603,0.6718751193257075,1.118539357774126,1.1330245840307844,-0.28428090365266034,-0.19548870832615917,-0.2983606103734596,0.21681562109308672,-0.23130971595710992,-0.17377048513960425,0.022976882402104826,0.4918033645474069,-0.41887309914435045,0.1475670076359602,-0.29979743632642575,-0.5456475397936298,0.5456475397936298,-0.14606084295194366,0.6138784134338815,-0.3236358097559118,-0.4256272027654493,-0.5296703263305695,0.22410173134557,-0.48791212614658375,-0.02260785684071054,0.31417455851161546,-0.0815449892803729,-0.303191975328134,-0.5296703263305695,-0.0815449892803729,0.08154509160594658,-0.06567252688630665,-0.15079360273749942,-0.20238095012832025,-0.18096080555866245,-0.15079360273749942,-0.2038915483055138,0.9952073440968264,0.8240688251059308,0.7431391158114541,1.4835011185682325,2.3425739262234035,0.04750934268428819,-0.5456475397936298,0.5456475397936298,0.38961049215169385,37116605.910358824,0.45076186788353767,0.6349206349206349,0.18253968253968253,0.18253968253968253,0.0910755939001518,0.6980271948439833,0.24693368127853133,0.048758055798040933,0.13095872486405957,0.9122107100016833,-0.20895520352109842,0.3716953256335724,0.0646766741580711,0.14269694818337464,0.04683509488821658,0.7395775057411811,1.1089025023344483,0.03712642808983338,0.33252426297826565,-0.15079360273749942,0.15079360273749942,0.38961049215169385,0.9841269841269841,0.31746031746031744,16730750.609650498,16.63275899781463,0.5555555555555556,0.15873015873015872,0.12698412698412698,0.07491692529982388,0.1263158376197071,0.4081115317867714,0.42178249880804375,0.3459119874085004,0.5,0.003335360627641911,-0.48791212614658375,0.4918033645474069,0.23772365580820387,0.3459119874085004,0.05004911329112671,0.8201193467866655,0.0432636092871823,-0.0695651524909715,0.0695651524909715,0.38961049215169385,18623287.30812527,-0.025500864669054768,0.08357811025973821,-0.03690365473144552,0.1081883316002965,0.03016720282116303,0.12051248877089082,0.3344204992003472,1.0,4.0,1.0,0.0,1.0,63.0,126.0,0.6516078792664737,-0.009345896432088385,-0.2242991190433934,2.4672895853087815,2.4672895853087815,1.0,0.30061204844130013,0.4138569035551418,1,1,1,1,1,1
historical_mega100_examples,2023-12-31,MSTR,63.1619987487793,2.9129827054834028,3.461538502993326,1.1115549914909575,1.0594313588563264,1.1607142169701699,1.094022428973032,0.8445767676897085,-0.07795573840318593,-0.4021267506538977,-0.041294359000638936,0.9653226413073015,0.278780370830634,0.7316210731889607,0.0794515146169541,1.4223491329753095,-0.05828152922320562,0.05828152922320562,0.0836982877997956,1.2845071654223281,3.035204081632653,6.763846777940507,0.44245001703581077,0.21325644418754738,-0.1834977660045366,0.4787774040949546,0.23089413997398245,0.7666210292865225,0.6845492713373472,0.44245001703581077,0.8445767676897085,-0.08181129896460193,0.26607237490916735,0.9240282823066626,0.2897222445266565,0.778094110809846,0.9240282823066626,1.5049868672111066,0.5937900534470038,1.1549275089172382,1.033997849360952,1.1361242403781229,1.7076434204326096,0.02739595201140398,-0.05828152922320562,0.05828152922320562,1.0287797489845096,367588367.40197074,1.3111399825256425,0.3492063492063492,0.11904761904761904,0.047619047619047616,0.0497496500604255,2.146705571011739,-0.01610875314287763,0.2265091133338184,0.23411148651366132,1.4551100937898647,0.17692909622246855,0.20578616130427685,0.49181600183441354,0.20547831274167883,0.6153453381897402,0.6139776382361267,1.1169534923414248,0.03002302812573504,0.2078142495844051,-0.05828152922320562,0.05828152922320562,1.0287797489845096,0.031746031746031744,0.9682539682539683,481959805.6120494,19.993371279766155,0.42857142857142855,0.14285714285714285,0.047619047619047616,0.050801860189586864,0.13029673242901008,0.2589701642172557,0.3901365661734306,0.267549597186969,0.6666666666666666,0.12461204063293159,-0.1834977660045366,0.2897222445266565,0.21168003628597298,0.267549597186969,0.07485726552333682,0.6857844672473817,0.03196139756920311,-0.05828152922320562,0.05828152922320562,0.267549597186969,684181620.891571,0.041869744005262666,0.05249427034847561,-0.011035486023830532,0.05586956090099604,0.14593417149681653,0.11295569450074772,0.5485557975099233,1.0,4.0,1.0,0.0,1.0,63.0,126.0,0.9123724694583509,-0.206469089397887,0.6193913841906094,1.6987112033980414,1.6987112033980414,0.9961904761904762,0.26598929902121515,0.373204070066402,1,1,1,1,1,1
historical_mega100_examples,2023-12-31,SMCI,28.426000595092773,1.9138072308718193,2.4623630283817426,0.9644602377826333,0.9961126293024081,1.667855589628069,0.26930118392734115,0.14046144293664198,-0.1070892895893587,-0.27977169735374185,0.1001806108076615,-0.06356768404520041,0.3250552231969108,0.02750574843589426,-0.1038485161741809,0.20535349182784285,-0.19539183817364436,0.19539183817364436,-0.024295847767047074,0.9690553697332812,-0.3738768223742933,-0.350952620327604,-0.13931025441709988,0.14116156968538565,-0.16710572972673288,0.04809530216076352,0.10608481509893586,0.03337215334728327,0.011507780622275124,-0.13931025441709988,0.14046144293664198,-0.003126310054129222,0.011856616433476352,0.036612926762461084,-0.1267230788898901,-0.10932124473435545,0.036612926762461084,0.05719799813269326,0.6839983176638514,0.8739537378348441,0.9358334925601586,-0.4846830080564194,-0.4643507129022283,0.03155697322300445,-0.19539183817364436,0.19539183817364436,0.2276929005506385,892913937.5310928,0.9952322710620656,0.4126984126984127,0.1111111111111111,0.07936507936507936,0.05825958552721206,0.6167492978385639,0.0009943939946598368,0.06651593534878031,0.03875395395879866,0.8749569282176206,0.14198018737368212,0.1811360306117115,0.1870380422337492,0.03357055077785431,-0.22245486119664015,0.6401085345246349,0.9338773882135485,0.030972155283643527,0.03765184170962965,-0.11772559565939833,0.11772559565939833,0.20133546643829847,0.12698412698412698,0.6666666666666666,888656765.9120408,20.60522162996381,0.3968253968253968,0.12698412698412698,0.07936507936507936,0.057168031059457614,-0.0028169037832745936,0.013106396829142275,0.06600372783178643,0.03945589893611978,0.5,0.03492269847266009,-0.16710572972673288,0.3250552231969108,-0.01641366196487626,0.03945589893611978,0.0016614667747087974,0.597782886395068,0.029633268785886374,-0.11772559565939833,0.11772559565939833,0.12169527489017784,893161895.5619448,-0.052232872177817136,0.0520926575610299,-0.02300034867626921,0.05586956090099604,0.14593417149681653,0.11295569450074772,0.5485557975099233,2.0,7.0,2.0,1.0,1.0,63.0,126.0,0.9589446528396072,0.8631181814686584,2.0469287869736665,2.5531906085123732,2.5531906085123732,1.0,0.26598929902121515,0.373204070066402,1,1,1,1,1,1
historical_mega100_examples,2023-12-31,SOUN,2.119999885559082,-0.3508157362646347,0.19774006124528865,1.1860005599390437,1.2505944745916484,-0.2318840967810123,-0.304918059441583,-0.5340659787496219,0.37533578097384024,0.4439372040615307,-0.55824177885614,0.6129680950838694,-0.48791212614658375,-0.6470216732503696,0.5887922949773513,-0.5906113356186047,-0.5498938708303831,0.5498938708303831,-0.0640373971734941,0.5105091735037404,-0.3085193166076651,-0.2706771260629698,-0.09012877468809122,0.23897815272491194,0.08154509160594658,0.027978412675763842,0.4780305131716216,-0.15873019777578168,-0.2609749837378316,-0.5340659787496219,-0.09012877468809122,-0.20238095012832025,0.057665855902649055,0.05472631622772939,-0.20895520352109842,-0.09120785526908715,0.05472631622772939,0.07681369945919019,0.9042596146419077,0.8343329237245777,0.7878878415219367,0.011721652967008112,0.0022662071802772576,0.04308361398261926,-0.5320088769601243,0.5320088769601243,0.3766233364111007,27645996.578431036,0.5717265937918178,0.5952380952380952,0.1349206349206349,0.1746031746031746,0.0825876931511583,0.8500018131908849,0.07253270252490263,0.14618643328035952,0.06042411075519927,0.7994607243972478,0.3459119874085004,0.2865269511301779,0.3333332333674741,0.06972110826477818,0.2571203380265925,0.712455155955671,1.058948850020232,0.03554146395568998,-0.024036269120967346,-0.0782609002125968,0.0782609002125968,0.3766233364111007,0.3333333333333333,0.6349206349206349,15805951.455766626,16.575897164756114,0.5238095238095238,0.12698412698412698,0.1111111111111111,0.0693833330781454,-0.020332767627839643,-0.04129264217371653,-0.01238763633359938,-0.009345896432088385,0.3333333333333333,-0.08018951620227398,-0.48791212614658375,0.3459119874085004,-0.06521545733308443,-0.009345896432088385,-0.013035430427313255,0.7544535680902428,0.03664684688967406,-0.0782609002125968,0.0782609002125968,0.07614205825909193,19191161.37782619,-0.014869951695753891,0.0623315485891628,-0.007490696485181081,0.05586956090099604,0.14593417149681653,0.11295569450074772,0.5485557975099233,1.0,4.0,1.0,0.0,1.0,63.0,126.0,0.64893943485178,-0.2169811055515094,2.5000002249232,1.778301973791049,2.5000002249232,0.9980952380952381,0.26598929902121515,0.373204070066402,1,1,1,1,1,1
historical_mega100_examples,2024-01-31,MSTR,50.12099838256836,0.5660024082952189,0.9910617611799208,0.8017825865942535,0.8003551477313818,0.5263108737687008,0.4637286821403168,0.1446286755164603,0.38214723936656503,0.25723971854211625,-0.033091202090539173,0.21689331247700494,-0.1834977660045366,0.05354312487170332,0.039173434870005464,0.2332427070524714,-0.2684667761941063,0.2684667761941063,0.08613699695717703,1.343442563843705,0.5242118947026324,0.8043652576251297,0.40186839405857655,0.19485493497711917,-0.08181129896460193,0.0803937103116319,-0.24577627422881776,0.5267759148830253,0.35775766148602073,0.1446286755164603,0.5267759148830253,0.2897222445266565,0.07259925479712748,0.18380211038646577,0.17692909622246855,-0.007586656972364159,0.18380211038646577,0.27854547714477806,0.6200780180617778,1.2035005645725132,1.0641627352718876,-0.4070046782146921,-0.5294398823209117,0.029744191317144952,-0.2684667761941063,0.2684667761941063,0.6098994416228043,438226208.24172,1.491844390231385,0.42063492063492064,0.1111111111111111,0.07936507936507936,0.05155793637417366,1.1549827614513217,-0.21018524697090069,-0.005941802728989143,-0.08697903033417642,1.2374603395802302,0.267549597186969,0.22730686531923025,0.0058397860891170605,-0.10764228564407208,-0.1368892433211667,0.6598639197825924,1.1309365801697853,0.03238553336899723,-0.20397798302697978,-0.2684667761941063,0.2684667761941063,0.18380211038646577,0.31746031746031744,0.9841269841269841,653765310.4177808,20.29825899397588,0.5079365079365079,0.12698412698412698,0.09523809523809523,0.05305636703623982,-0.0977133956569991,-0.22125110373137302,-0.27667021545256565,-0.206469089397887,0.5,0.04373713059484476,-0.206469089397887,0.2897222445266565,-0.22466103704531537,-0.206469089397887,-0.04418099271585618,0.7462642448163546,0.03905408656013326,-0.2684667761941063,0.2684667761941063,0.11332986653093213,793521866.1697024,0.038609270925866745,0.06686819408158963,0.007736787928596334,0.018191947647428375,0.19138876735882993,0.09108555064475699,0.425059352884702,1.0,4.0,1.0,0.0,1.0,63.0,126.0,0.934351145038168,1.0407414034594473,2.400889829673202,1.1249177348608361,2.400889829673202,0.9980952380952381,0.2524802357756834,0.33713939742261145,1,1,1,1,1,1
historical_mega100_examples,2024-01-31,SOUN,1.659999966621399,-0.5908885193841362,-0.16582916649943424,1.0784510657292714,1.1326071094014063,-0.37593988230906417,-0.6351648577945894,-0.2875536390657757,0.11342427314414139,-0.05371621046371655,-0.31759652985328146,0.3616216441761124,0.08154509160594658,-0.3786391897105327,0.33157875338860665,-0.35806104021431995,-0.6475583963531171,0.6475583963531171,-0.04482859166646247,0.6905407026824713,2.091135346756152,2.2272229337844354,-0.34126984952949224,0.08532920393543245,-0.20238095012832025,-0.15729625783646006,0.11946641490151011,-0.1741293659216343,-0.26765095150563406,-0.34126984952949224,-0.1741293659216343,-0.20895520352109842,0.02495997923172877,0.04402511432283096,0.3459119874085004,-0.14736365303599896,0.04402511432283096,0.058628941890728085,0.8030855266846637,0.8559666784970501,0.9350323506457693,0.23024785478180543,-0.036692684851123536,0.038765784181860635,-0.37121215884131464,0.37121215884131464,0.07792208294861269,20271918.08277028,0.8520468865991934,0.5476190476190477,0.1349206349206349,0.1349206349206349,0.07453803365359166,1.131402836891531,-0.19999996890192384,-0.09188231560483207,-0.18988825742011373,0.7806676283887501,-0.009345896432088385,0.22393246506773065,-0.2242991190433934,-0.1255819368267459,0.14667012448132777,0.7509109477855568,0.9154407095175762,0.037287838220489165,-0.14079927035938722,-0.27826086911452064,0.27826086911452064,0.07792208294861269,0.6666666666666666,0.9682539682539683,17272624.687818307,16.664633476077523,0.5079365079365079,0.14285714285714285,0.1111111111111111,0.06778243691202451,-0.1552879473651364,-0.1544943899863126,-0.31564815853230443,-0.2169811055515094,0.3333333333333333,-0.035034346103094915,-0.2169811055515094,0.3459119874085004,-0.23517305319893778,-0.2169811055515094,-0.11619860262022819,0.6874144508253257,0.03465907332090142,-0.2095237895204357,0.2095237895204357,0.0,14637687.320945945,-0.10221742754591179,0.06669535725870669,-0.080841654551016,0.018191947647428375,0.19138876735882993,0.09108555064475699,0.425059352884702,1.0,4.0,1.0,0.0,1.0,63.0,126.0,0.6478053435114504,3.4698796539110095,2.5481927619995823,1.5542167809484018,3.4698796539110095,1.0,0.2524802357756834,0.33713939742261145,1,1,1,1,1,1
historical_mega100_examples,2024-02-29,ASTS,3.1700000762939453,-1.0135316494633393,-0.5077639676819916,0.7820868779079474,0.8495147002724315,-0.41512914544799995,-0.26107223671752855,-0.19132652688850615,0.14903049398645352,0.02553708374961261,0.23724484955058123,-0.5836365735450373,-0.03061227592911464,-0.3573503859210426,-0.1550651971059499,-0.18756445030325944,-0.5458452625169583,0.5458452625169583,-0.035197378906190124,1.133027224411584,0.25024845955078523,-0.18282725977442438,-0.16578944313889354,0.07970032743157936,-0.12894737254879818,-0.21462723849376109,-0.46770776835219485,-0.04229603290205264,-0.13313733430981745,-0.19132652688850615,-0.04229603290205264,0.4652567941012793,-0.16210668334000167,-0.34639172399445606,0.2432990367790897,-0.4782699820474432,-0.34639172399445606,-0.311671225557977,1.0200575139860677,1.0963447625129052,1.0895474265201288,-0.45244036910219954,-0.39520413207842986,0.04585888601380044,-0.5015723255115296,0.5015723255115296,0.21689061538717813,10878086.282326683,1.3347116659923497,0.5317460317460317,0.15079365079365079,0.14285714285714285,0.07123666486608192,0.961716513628989,0.047169840320284706,-0.31661157392333494,-0.19945450156842304,0.6666924059203162,-0.524046470033158,0.3394053175422428,-0.4742951963521247,-0.20876562948632438,-0.27743598907410716,1.1114010392660403,1.0062386783974024,0.048836667675890934,-0.007985235797551171,-0.5015723255115296,0.5015723255115296,0.21689061538717813,0.6825396825396826,0.23809523809523808,14519108.664692773,16.49097624762228,0.5238095238095238,0.15873015873015872,0.12698412698412698,0.07374116185636752,0.011003053537110619,0.07292372752977316,0.09346905371291434,0.10452968735098844,0.5,0.02157989995338111,-0.524046470033158,0.4652567941012793,0.051695958569826006,0.10452968735098844,0.007708826886281939,1.1183347129205599,0.05069621661925715,-0.09943179162757931,0.09943179162757931,0.21689061538717813,10640450.594835054,-0.018575840812449007,0.0700090085474831,-0.002517304026984246,0.05283372878116244,0.13187825805298714,0.16602385903253647,0.5057676817813477,1.0,4.0,1.0,0.0,1.0,63.0,126.0,0.6477099236641222,-0.08517349351050196,-0.3028391214644105,1.610409911473755,1.610409911473755,1.0,0.2083601026080266,0.3025948851636654,1,1,1,1,1,1
historical_mega100_examples,2024-03-31,ASTS,2.900000095367432,-0.8218890274239198,-0.4291338309210503,0.9329557060803928,0.9154689547783574,-0.38297867807342345,-0.2602040717026831,-0.23684207059009532,-0.16521975365912933,0.11297504506144362,0.5868421803881265,-1.1059134914221933,-0.12894737254879818,-0.4809301621346831,-0.28222924044397146,-0.23254457043329735,-0.5766423159500778,0.5766423159500778,-0.013878924658702108,1.6011408003642313,0.5935875909490684,-0.23359800913248452,-0.1238670255286517,0.13991263574161716,0.4652567941012793,-0.2724535630216056,-0.4788575287358008,-0.40206182424922465,-0.2542569734559906,-0.40206182424922465,-0.1238670255286517,0.2432990367790897,-0.23347149157769886,-0.5190713110340668,-0.524046470033158,-0.6047253760660598,-0.5190713110340668,-0.5040639504190892,1.018480328948513,0.4859593119205636,1.011087501792427,1.1124536301006889,0.9325285745460714,0.0462392247116252,-0.5440251518100281,0.5440251518100281,0.11324379045450739,11512068.984167349,1.2696183842694602,0.5476190476190477,0.14285714285714285,0.15079365079365079,0.07244221178202506,1.6138243748397456,-0.029171982591947643,-0.03609141239100855,-0.055405328095572304,0.5748448663732144,0.10452968735098844,0.3418057803085834,0.010453035193242144,-0.050706713747954546,0.2831941970513123,1.0297727314212812,0.48063032235990333,0.04364558423543666,-0.11032358610105952,-0.5307443081034773,0.5307443081034773,0.11324379045450739,0.9841269841269841,0.5555555555555556,14615934.423277114,16.497622958808893,0.4603174603174603,0.07936507936507936,0.14285714285714285,0.0720059728618968,-0.051667725616100224,-0.10373183583344336,-0.1720885229209948,-0.08517349351050196,0.5,0.012486363689816557,-0.524046470033158,0.4652567941012793,-0.09792294141274183,-0.08517349351050196,-0.024226071386277304,0.49493999986044857,0.027064835923557098,-0.09657318974939744,0.09657318974939744,0.050724675865189583,10489627.702331543,0.0045029812480279485,0.06283252490646062,0.023288683326567527,0.012749447902239863,0.08565406503199302,0.24408809154458777,0.3927551965028695,1.0,4.0,1.0,0.0,1.0,63.0,126.0,0.6459923664122138,-0.23793104638951257,1.8534480504842277,3.003448025820237,3.003448025820237,1.0,0.1672906454347164,0.2080866691396111,1,1,1,1,1,1
historical_mega100_examples,2024-04-30,ASTS,2.2100000381469727,-0.9089133368690937,-0.583804131457271,1.0234992053473557,1.1286091070088775,-0.4848484713756541,-0.4184210352950477,-0.3323262609209757,-0.301172916317492,-0.2120036191608673,-0.13293053318030368,-0.09703457961744122,0.4652567941012793,-0.547091540106622,0.10236114812323083,-0.31525890060251427,-0.6773722527131165,0.6773722527131165,-0.12403989051622388,1.311781334164311,-0.5665950902443271,-0.6662630992033869,-0.544329880081843,0.15470500078961869,0.2432990367790897,-0.36464126973438105,0.17658308916195298,-0.6334991772384677,-0.5033851060804287,-0.6334991772384677,-0.3323262609209757,-0.524046470033158,-0.12442835900166815,-0.2299651127977449,0.10452968735098844,-0.24958634179307904,-0.2299651127977449,-0.23973371396830348,1.054137600194135,1.0522432228551994,0.9099877324664253,-0.6253073102202599,-0.7144583339740544,0.046030804298058864,-0.6525157245671672,0.6525157245671672,0.09950251175753522,11948825.178146172,0.7965735430839714,0.5079365079365079,0.1349206349206349,0.1349206349206349,0.07215684564618544,0.6045454238820268,0.15858523143361591,-0.22026165432529,-0.16957876331242971,0.42181170925781747,-0.08517349351050196,0.3535199460451756,-0.3028391214644105,-0.26053346331561134,-0.3917576152467829,0.9592522845082601,1.15632682212452,0.041576760370236186,-0.2351903957732454,-0.37215907666986137,0.37215907666986137,0.09950251175753522,0.8571428571428571,0.31746031746031744,9518118.007846862,16.068707804036052,0.4603174603174603,0.07936507936507936,0.14285714285714285,0.06455114099604649,-0.06520971182258073,-0.20940169706480916,-0.214505124934079,-0.23793104638951257,0.5,-0.005677581950302509,-0.524046470033158,0.4652567941012793,-0.19419341250779365,-0.23793104638951257,0.015508343850500372,1.1092091457611222,0.04283428322255232,-0.05150209849286713,0.05150209849286713,0.09950251175753522,6721282.309292612,0.01890272384704028,0.050258581666237284,-0.004504500150622537,-0.04373763388171892,0.01962122899533414,0.21476527918564625,0.32510920541182275,1.0,4.0,1.0,0.0,1.0,63.0,126.0,0.6452290076335878,2.7443436541605877,4.253393419129498,8.357466039917096,8.357466039917096,1.0,0.2397386972516033,0.2986116797612236,1,1,1,1,1,1
historical_mega100_examples,2024-05-31,ASTS,8.274999618530273,0.22291688164160584,0.5267526756546657,1.9487960285977788,2.354948610012456,1.1109692493561485,1.4999999279702165,0.7061855219061453,1.1770897214718825,-0.3338804919543674,-0.34639172399445606,1.956801635468211,0.2432990367790897,0.5425788623826451,0.9042243895676096,0.40621500227148455,-0.08259432388300636,0.08259432388300636,-0.08011710347707324,2.248786134602399,7.214467408585056,20.44312714084856,0.37230502995177783,0.7937303678584027,-0.524046470033158,1.6074899164184195,0.4189780016285233,1.8832752433780278,0.9872552650786502,0.37230502995177783,1.8832752433780278,0.10452968735098844,0.16749365460344467,1.610409911473755,-0.08517349351050196,1.5823782735791538,1.610409911473755,0.7347412676383988,1.7384525878100934,1.9900451842635092,1.2607795351510174,9.37807980717729,37.859097268376416,0.05732797099600144,-0.08259432388300636,0.08259432388300636,3.1169152526329533,28701468.984102823,1.4966771525461606,0.5,0.14285714285714285,0.14285714285714285,0.0828346127921351,3.2276202407765373,0.289564752786855,0.5143974428184355,1.6846833916290467,3.274227738047379,-0.23793104638951257,1.1916386382756194,1.8534480504842277,0.9427125218172336,1.2164438407092302,2.1918054455412928,1.578424402348139,0.06714390287003241,1.6986300915008035,-0.08259432388300636,0.08259432388300636,3.1169152526329533,0.031746031746031744,0.6666666666666666,42956832.87301896,17.575706306031325,0.49206349206349204,0.14285714285714285,0.15873015873015872,0.09206646046368606,1.3309858028183839,2.1885026316672445,0.7932547948935932,2.7443436541605877,0.5,0.3741702280595822,-0.524046470033158,2.7443436541605877,2.6828255611173017,2.7443436541605877,0.9599714857704287,3.459599200441912,0.12692116182199134,-0.08259432388300636,0.08259432388300636,2.6941962425444967,111116310.76617354,0.4001691424506475,0.13793699400722062,0.15653385139997256,0.061518093043285926,0.028031637894601058,0.16360665952350018,0.3038357940130598,1.0,4.0,1.0,0.0,1.0,63.0,126.0,0.652908585251387,0.4030211712250573,1.4990938076742495,2.5093658313286005,2.5093658313286005,1.0,0.22371008978088916,0.2582940039032075,1,1,1,1,1,1
historical_mega100_examples,2024-06-30,ASTS,11.609999656677246,1.1643377448156214,1.4702127931559459,1.7047403087599926,1.9114063079088326,2.055263105885143,1.3938144092719953,0.9253730104009805,1.7370873609724247,2.1199231985274714,-0.5190713110340668,3.522519336854304,-0.524046470033158,0.7520333574455076,2.0780750154192567,0.5272350127983859,-0.011914922835979058,0.011914922835979058,0.4266306027211768,2.5443700138566614,2.5215493452410818,13.098339774033958,3.045296208928452,1.1297573593344103,0.10452968735098844,1.6199394528608009,0.5188293852674982,2.662460371373405,2.211043196900946,0.9253730104009805,3.045296208928452,-0.08517349351050196,1.099762618885404,3.003448025820237,-0.23793104638951257,2.9226805044266744,3.003448025820237,1.3506051929131657,1.7551433192750463,0.570235511799997,1.2670073096589805,-0.09438928564516447,0.2705910051280822,0.05798115617716811,-0.011914922835979058,0.011914922835979058,4.776119259583389,43622509.39864734,1.6649451252400824,0.47619047619047616,0.14285714285714285,0.15079365079365079,0.08822621951891235,2.0873082155965235,0.0706794010470273,1.7153874375680584,0.9300461669436053,2.2478974827009943,2.7443436541605877,1.189913145513786,4.253393419129498,1.7712783840918238,0.3570809392915033,2.2237794150206094,0.450064895011125,0.07231672811889957,1.257806851114359,-0.011914922835979058,0.011914922835979058,4.776119259583389,0.12698412698412698,0.9682539682539683,72629084.37401757,18.10087602455273,0.49206349206349204,0.20634920634920634,0.15873015873015872,0.10444646617592791,0.36449107572894457,0.9939034612785658,0.40268088616535985,0.4030211712250573,0.5,0.4007905838005768,-0.524046470033158,2.7443436541605877,0.33831978436538424,0.4030211712250573,0.15865370451283844,1.0008450489491516,0.04566864663628579,-0.011914922835979058,0.011914922835979058,0.4030211712250573,120164955.80494745,0.05296569317934052,0.09392765844409748,0.044064745980262554,0.06470138685967308,0.0807675213935628,0.17333965295547293,0.30587504834032453,1.0,4.0,1.0,0.0,1.0,63.0,126.0,0.6628083491461101,0.7812231625073405,1.5012921424873258,1.2523686814659514,1.5012921424873258,1.0,0.25800776798133895,0.29196120286682836,1,1,1,1,1,1
historical_mega100_examples,2024-07-31,OKLO,9.100000381469728,-0.3553115564438707,-0.11907062452281658,1.1478272207664684,1.3132531390498412,-0.11821699122397811,-0.13825757387611592,-0.18165463353220113,-0.021497702660874363,0.03691779968242881,0.23561150292470123,-0.5733116096890285,-0.043165426904336224,-0.3146922135739496,-0.15604547323212614,-0.14398929818436243,-0.5008227860682983,0.5008227860682983,-0.04158058768505002,3.1208991228070175,4.920137314592914,2.9209063113954095,-0.14473683384977232,0.029545011048420576,0.0733082432145491,-0.13968325548943616,-0.3568975788565475,-0.2031523361930755,-0.17651460119168297,-0.2031523361930755,-0.14473683384977232,0.20315233619307604,-0.16947467226966495,-0.33770010676432727,-0.2671033578914884,-0.4489339138106627,-0.33770010676432727,-0.2022933590149788,1.2615842692670978,0.6399987447434499,1.3232238102942275,3.2676845496568143,3.5851156795172967,0.042095632024770104,-0.5008227860682983,0.5008227860682983,0.2709498010336979,25145197.243036922,1.6491769122963402,0.42857142857142855,0.14285714285714285,0.1349206349206349,0.07850587622072325,3.3272823244610823,0.03455842733189862,-0.055223002430976775,0.027853748831109915,0.7266480892607099,-0.15888773349395235,0.1722190740492894,-0.09632565469222931,-0.07131910320413903,0.9267600289502715,1.6693583437868678,0.4836662851472888,0.06573888510093752,-0.02418554897905878,-0.5008227860682983,0.5008227860682983,0.2709498010336979,0.8888888888888888,0.746031746031746,41468878.74835408,17.540453818314266,0.6825396825396826,0.23809523809523808,0.23809523809523808,0.12254838702973336,0.05466490064925211,0.02259104517406607,0.09212167311243821,0.07438017645563999,0.5,-0.01971929373775198,-0.2671033578914884,0.20315233619307604,0.09116126156210513,0.07438017645563999,0.07267051945580905,0.807412348719025,0.037815885674521876,-0.015151449471463962,0.015151449471463962,0.22641513314038808,32088971.107837137,0.02987781992165872,0.08466248254678756,0.02569887870816978,-0.016781085106465143,0.11123380704633545,0.13303758004174848,0.2362409319210541,1.0,4.0,1.0,0.0,1.0,63.0,126.0,0.6466793168880456,-0.34395609451310327,-0.1109890314882288,1.4681316640610045,1.4681316640610045,1.0,0.21801873383295206,0.31773274833222176,1,1,1,1,1,1
historical_mega100_examples,2024-08-31,APP,92.87000274658205,0.880071639225134,1.1487737187313107,0.9913503861859078,1.0388725270333006,1.4778549594678236,1.2579625658842168,0.5550904361734477,-0.23909209200180426,-0.21342616127012093,0.36436707453862094,-0.22457818253584194,0.1590756832855964,0.46703201465981437,-0.41530154417066867,1.036509840320934,0.0,-0.0,0.035881789032322864,1.2366878408464226,-0.31983372921615205,-0.22475403984561582,0.34166427490332674,0.13125959950458382,0.019503011417418392,0.16217957918089443,0.05727174512049338,0.3159983441716434,0.40425101841613925,0.3159983441716434,0.5550904361734477,0.15459832378190508,0.009564781253025512,0.139788892002779,0.021354906628406,0.08139887616438846,0.139788892002779,0.2550399250009682,0.5355380282753276,1.360635489208266,1.0234677804602426,0.6363441551483981,0.9710413643392433,0.024653043744251486,0.0,-0.0,0.5470598806443923,311588027.45963806,0.9680952609437568,0.30158730158730157,0.047619047619047616,0.03968253968253968,0.04577650483177857,0.8813820168519872,0.12316617529247531,-0.004155937898881024,0.13224204225304081,0.9547855796260357,-0.07354004634476652,0.10770011051732756,0.11595771910993724,0.021561471911739405,-0.2432985944803211,0.5481059171510041,1.3294365637933445,0.025263105345585096,0.14017961641491206,0.0,-0.0,0.38322912706044243,0.0,0.30158730158730157,301646892.75048876,19.524767665269394,0.30158730158730157,0.047619047619047616,0.047619047619047616,0.048563058756412515,0.14384367827342248,0.1868642187791929,0.2807018867995598,0.20453961847683066,0.8333333333333334,0.080921916207565,-0.07354004634476652,0.20453961847683066,0.19350112758076077,0.20453961847683066,0.11641720005223744,0.7286720470920305,0.032459868559957604,0.0,-0.0,0.38322912706044243,324321222.52982,0.03747398027935933,0.040578228495459674,0.02580247815176362,0.011038490896069897,0.05839001583839054,0.0880584215136333,0.26870207950617675,2.0,7.0,2.0,1.0,1.0,63.0,126.0,0.8092030360531309,0.40572842888779315,0.8239473929151209,2.6260362877225565,2.6260362877225565,0.9943181818181818,0.3263959353833352,0.5255017904806476,1,1,1,1,1,1
historical_mega100_examples,2024-08-31,IONQ,7.420000076293945,-0.8370557824864006,-0.5683537029802238,0.8617932461465546,0.9120512435883642,-0.3932951468502546,-0.2775073275985349,-0.2837837526846255,0.151619999557996,0.026526520081449734,-0.2133204740718866,0.12374997389952314,-0.03571427585140985,-0.3718421741982588,0.19421325251226207,-0.41158323991337864,-0.6229674816446773,0.6229674816446773,-0.05476255994304646,0.7970880609529718,-0.052638474892724996,-0.1374941205406367,-0.2572572326031758,0.08097392496059802,-0.14414410544296985,-0.05603968322723363,0.07399904591565298,-0.13216375312662954,-0.22440157947147696,-0.2837837526846255,-0.13216375312662954,-0.04678369161184903,-0.03975323260800756,-0.08957050017236345,-0.13742324676622486,-0.147960516010754,-0.08957050017236345,-0.12457448788902988,0.6894929753319167,1.135264332242804,1.0428120549547164,-0.31487184346425356,-0.37623911512732966,0.0351632359825647,-0.3192660242226284,0.3192660242226284,0.12937593339782616,43828905.16335888,0.7971416455078326,0.5317460317460317,0.1111111111111111,0.15079365079365079,0.05853368828091733,0.5243941870971446,-0.05652728368045634,-0.03309764088761735,-0.011009510604979456,0.804320735040881,0.1593171230861823,0.11144008810607565,0.05547650851296737,-0.10698593939368106,-0.5779289008230692,0.7190115864827176,1.0886567017026882,0.03695391814866857,-0.06879511519625836,-0.17829454089557306,0.17829454089557306,0.12937593339782616,0.5238095238095238,0.30158730158730157,34937845.58272664,17.36908122890843,0.5873015873015873,0.12698412698412698,0.1746031746031746,0.0594112518015982,-0.0013458894518236786,-0.07657313122732234,-0.11442954210835429,-0.08957050017236345,0.16666666666666666,-0.049053116126439124,-0.14414410544296985,0.1593171230861823,-0.10060899106843335,-0.08957050017236345,0.028270509135336797,0.7827567822262925,0.03863690395634357,-0.04504503288181905,0.04504503288181905,0.12937593339782616,30515640.503134046,0.009523806805204371,0.051925298401458986,0.015325655498394264,0.011038490896069897,0.05839001583839054,0.0880584215136333,0.26870207950617675,1.0,4.0,1.0,0.0,1.0,63.0,126.0,0.6402277039848198,0.17789753116599916,1.0256064121872894,3.9191374157277084,3.9191374157277084,1.0,0.3263959353833352,0.5255017904806476,1,1,1,1,1,1
historical_mega100_examples,2024-08-31,LEU,39.59999847412109,-0.4343152434753076,-0.16561316396913084,1.2788849773690638,1.3296489198382448,-0.20831671108122274,-0.2114695836009649,-0.029173876310291114,-0.04839429996231004,-0.017298561972994397,0.21671978313741125,-0.41881533780460467,0.018141648618787976,-0.11723229782392441,-0.1729216783569023,-0.04973065477833449,-0.34000002543131524,0.34000002543131524,-0.01402674991722419,1.5301701363204059,-0.4459078080903104,-0.5578873769510602,-0.04647243828328551,0.024522756221775376,0.03371060840427509,-0.07524389069154902,-0.16356277255214613,-0.07756817627260115,-0.05107149695539259,-0.07756817627260115,-0.029173876310291114,0.1560680343655083,-0.06664201369032907,-0.20209555466719342,-0.1386258496886329,-0.26048557050558396,-0.20209555466719342,-0.30094893740821266,0.5866376873646336,1.426849210475817,1.1447060723018196,0.002837684449489286,-0.09104206861399256,0.027656152987324805,-0.22307244407056714,0.22307244407056714,0.09999995761447456,10198129.068937756,1.0532514475856714,0.38095238095238093,0.07936507936507936,0.06349206349206349,0.04979056105850456,0.5691432252523083,-0.04702358677332508,-0.08222570401906426,-0.04309923043674713,0.7611845909760508,0.021988271969800577,0.10419794728456892,-0.07368424621938974,-0.11167775918399647,-0.511878453038674,0.6715277229673926,1.2464764929626457,0.0314134255427914,-0.08728932045926552,-0.18985274941099706,0.18985274941099706,0.09999995761447456,0.5238095238095238,0.2857142857142857,10741194.204524206,16.18959692619069,0.4126984126984127,0.06349206349206349,0.12698412698412698,0.05222180733873033,-0.00490013743263118,-0.07687209261592609,-0.11183899452883098,-0.09361410577128182,0.6666666666666666,-0.00038856535025712696,-0.1386258496886329,0.1560680343655083,-0.10465259666735172,-0.09361410577128182,0.024049624565766647,0.8370435210515866,0.03671191249709212,-0.06382980642169589,0.06382980642169589,0.09999995761447456,9337924.35569763,0.015618960197124832,0.0447330519613255,0.015280462408135076,0.011038490896069897,0.05839001583839054,0.0880584215136333,0.26870207950617675,1.0,3.0,1.0,0.0,1.0,63.0,126.0,0.6224857685009487,0.3851010249398368,1.6214646858240265,1.2979798865262389,1.6214646858240265,0.9867424242424242,0.3263959353833352,0.5255017904806476,1,1,1,1,1,1
historical_mega100_examples,2024-08-31,MSTR,132.4199981689453,2.435043180263057,2.7037452597692337,0.9758322010702227,1.0233455022600892,1.6574351455556138,1.64200639337224,0.2946306616279426,-0.051285401701788746,-0.5177732726233375,0.49044826386589047,-0.6218299474743109,0.6664971974930498,0.2065722401143093,-0.426012345236363,0.2603622733823878,-0.31001064050801563,0.31001064050801563,-0.03747234101029129,0.8991644770935805,-0.6477836959465559,-0.6940584669674328,-0.2231426109953949,0.28528648992072114,-0.3751877181316916,-0.07740337301478717,-0.05872289882929682,0.24334525992615386,0.10494443685290052,-0.2231426109953949,0.2946306616279426,0.4314057583902531,-0.062189353774498635,-0.1313816836084204,-0.09643227265457022,-0.18977169944681094,-0.1313816836084204,-0.15616176587783331,1.131618101963742,0.7640866894924913,0.7434644819408998,0.03570480488452343,-0.1504916369826258,0.052794784001393674,-0.31001064050801563,0.31001064050801563,0.28779400049310944,2522668095.415036,0.7160353911668206,0.626984126984127,0.20634920634920634,0.16666666666666666,0.08335048641396443,0.3294745212844566,-0.16123639174812054,-0.039965626875330895,-0.0841666319027643,0.7896174261813406,0.17202426863922748,0.39459943940934733,-0.038679348427513305,-0.13053910487658194,-0.5266127401415571,0.8413178659314177,1.0277379862152323,0.03962009524166468,-0.1770304795207971,-0.26437013597444114,0.26437013597444114,0.06203633766537631,0.4603174603174603,0.2698412698412698,1806319636.4845638,21.314557262706515,0.5079365079365079,0.12698412698412698,0.12698412698412698,0.07127816655573566,-0.08591703915277094,-0.16259790157181653,-0.20791837209464237,-0.1797775205724853,0.5,0.10308828552729721,-0.3751877181316916,0.6664971974930498,-0.1908160114685552,-0.1797775205724853,-0.02067295879065123,0.864654329299252,0.04171547261834464,-0.1172588292914647,0.1172588292914647,0.06203633766537631,1462417045.7771664,-0.03922336741438859,0.06909831953311206,-0.03198922519490777,0.011038490896069897,0.05839001583839054,0.0880584215136333,0.26870207950617675,1.0,4.0,1.0,0.0,1.0,63.0,126.0,0.9869070208728653,0.27322163143674727,0.8463978506332537,1.926068619381474,1.926068619381474,0.9886363636363636,0.3263959353833352,0.5255017904806476,1,1,1,1,1,1
historical_mega100_examples,2024-08-31,OKLO,5.96999979019165,-0.692447254406462,-0.4237451749002853,1.116207786748533,1.1984862374750183,-0.4231884473279707,-0.4631295097453595,-0.43890981225971604,-0.1265923791783985,-0.038323134298279604,-0.05357148779193821,-0.35357846542403737,0.0733082432145491,-0.5269682337733493,0.03175985904374046,-0.3392379355394656,-0.6725178310421782,0.6725178310421782,-0.0905843454863201,2.7582496996846086,0.05997626716392612,-0.3715930204219109,-0.47723294655799564,0.06491757938622095,0.20315233619307604,-0.37797599587628194,0.03233466540385321,-0.5655021914381145,-0.4938816500852754,-0.5655021914381145,-0.43890981225971604,-0.2671033578914884,-0.10045342503356458,-0.4071499532159756,-0.15888773349395235,-0.4655399690543661,-0.4071499532159756,-0.519237648088137,1.2938111168544564,0.4875674874494455,0.6060623936001979,-0.6579468495968315,-0.7755981153254085,0.04803160488336432,-0.6725178310421782,0.6725178310421782,0.0,27706450.88846305,0.9290078520533416,0.5158730158730159,0.15079365079365079,0.18253968253968253,0.08850286755969289,0.9609885296543528,0.08554362523444137,-0.10460869595879607,-0.25142945976438,0.43290664167743514,0.07438017645563999,0.2180814793581158,-0.29515943306034076,-0.16036513774355343,-0.3490373537291265,0.7841302623473572,0.804483981514088,0.04098746118164532,-0.2323552720887293,-0.41527916083385696,0.41527916083385696,0.0,0.8571428571428571,0.0,25739510.427912455,17.06353777890753,0.5873015873015873,0.12698412698412698,0.2222222222222222,0.08407065241890412,-0.22272374786441174,-0.2632528890867518,-0.545252157695906,-0.34395609451310327,0.5,-0.06985107167254649,-0.34395609451310327,0.20315233619307604,-0.35499458540917317,-0.34395609451310327,-0.16251668892425153,0.6308202354788882,0.03596479010741243,-0.27106225933258865,0.27106225933258865,0.0,15901059.956259955,-0.11894926032500408,0.0755563508293401,-0.08603798143818608,0.011038490896069897,0.05839001583839054,0.0880584215136333,0.26870207950617675,1.0,4.0,1.0,0.0,1.0,63.0,126.0,0.6488614800759014,0.35510895090470074,2.7621440324626274,2.9430488681427,2.9430488681427,0.9962121212121212,0.3263959353833352,0.5255017904806476,1,1,1,1,1,1
historical_mega100_examples,2024-08-31,QBTS,1.0099999904632568,-0.3980124075012974,-0.12931032799512066,0.9021988304149274,0.9411873320545656,0.23170731618672447,0.1952662204336284,-0.4540540662449235,0.19128033409009726,-0.05084788995618039,-0.2702702667871647,0.018418394658287318,0.10270266787164717,-0.5421124877585568,0.20220219411604612,-0.4885448089459308,-0.5702127525740583,0.5702127525740583,-0.15801148879372418,2.0298161360237685,0.17872054518404767,-0.11814243083732578,-0.5049019562011039,0.12767129082296946,-0.32843135765358733,-0.16057879411709763,0.18493034600161995,-0.26277373215482625,-0.4072432515336179,-0.5049019562011039,-0.26277373215482625,-0.014598526172921567,-0.1061714270436821,-0.2518518721288774,-0.15555558106536194,-0.3102418879672679,-0.2518518721288774,-0.3052582337963505,0.9294010660446409,0.8832894871414089,0.8877171907574181,0.0128665099591736,0.022995165399317452,0.044260472697260675,-0.5702127525740583,0.5702127525740583,0.26249996926635544,5640767.529583214,0.7700316705512746,0.5634920634920635,0.15873015873015872,0.1746031746031746,0.09663130504193998,0.42862876954579304,0.06974331483221208,-0.13032565904414506,-0.02304077601684007,0.7157005081620037,-0.1228070065365382,0.15157813614415683,-0.11403508496746784,-0.14111633103547383,-0.6811502012203038,0.8250453034360982,0.9950122587890504,0.041217335775969186,0.0017962404785283326,-0.24060153543352603,0.24060153543352603,0.26249996926635544,0.5396825396825397,0.25396825396825395,4343569.643996349,15.28420729685199,0.5873015873015873,0.15873015873015872,0.1746031746031746,0.08577726070508636,0.05350994354618899,0.010610076704524962,0.01218129211617499,0.009999990463256836,0.3333333333333333,-0.08478163551558417,-0.32843135765358733,0.10270266787164717,-0.001038500432813061,0.009999990463256836,0.07338326219179048,0.8209301909752496,0.03866431133726992,-0.05607482153980292,0.05607482153980292,0.26249996926635544,2882645.473315886,0.0060762775334239905,0.07871288717179546,0.019584078957994855,0.011038490896069897,0.05839001583839054,0.0880584215136333,0.26870207950617675,1.0,4.0,1.0,0.0,1.0,63.0,126.0,0.644876660341556,-0.026732683434181337,0.04950490375089078,1.990099019249822,1.990099019249822,0.990530303030303,0.3263959353833352,0.5255017904806476,1,1,1,1,1,1
historical_mega100_examples,2024-08-31,RGTI,0.9160000085830688,-0.7598131723679641,-0.49111109286178734,1.2636148683712631,1.370699073278489,-0.1358490018583155,-0.26129032134017394,-0.5127659516455416,0.22839097434652988,0.11145877890816125,-0.4414893856492179,0.31387038582201465,-0.186170225919993,-0.6008243731591749,0.38514695181833836,-0.5417626946377766,-0.5855203652615721,0.5855203652615721,-0.13448922728844426,1.6358194802500965,-0.5805816898860141,-0.6341074351319768,-0.40130717273738037,0.11420641757266568,-0.1633986958659308,-0.133215981064279,0.24051193030634666,-0.28437497729901173,-0.39948270056064455,-0.5127659516455416,-0.28437497729901173,-0.17968751891749024,-0.06476793205307207,-0.12761899982720326,0.01904771528006588,-0.1860090156655938,-0.12761899982720326,-0.13888584502671025,0.9464770400781799,1.0306337589152457,0.9708391199961861,-0.12478172636745477,-0.22165051608909958,0.0469213811052154,-0.5855203652615721,0.5855203652615721,0.17737790739276882,6710800.228295581,0.7382021642016323,0.5952380952380952,0.18253968253968253,0.23809523809523808,0.09066863330924027,0.294884638013007,-0.02008925510655868,-0.1071474711266599,-0.053758099333114595,0.6594328672864641,-0.037383251496717174,0.08418567956488014,-0.14392526758863344,-0.18212944936269893,-0.7878300199451603,0.9188769366860952,1.0615906772682322,0.04807299724637119,-0.12749079657976337,-0.28437497729901173,0.28437497729901173,0.17737790739276882,0.5238095238095238,0.2698412698412698,4953927.252052606,15.415691406095036,0.6666666666666666,0.2222222222222222,0.23809523809523808,0.08311383076285545,-0.005500858141221365,-0.10951065610024191,-0.11346268326664348,-0.11067957861482502,0.16666666666666666,-0.10971192592248173,-0.186170225919993,0.01904771528006588,-0.12171806951089492,-0.11067957861482502,0.050639452519733785,0.9754711895427502,0.05398726011425553,-0.0517598456103987,0.0517598456103987,0.17737790739276882,2921830.6490523475,0.015521069253929376,0.06862133398205592,0.014846007378983783,0.011038490896069897,0.05839001583839054,0.0880584215136333,0.26870207950617675,1.0,4.0,1.0,0.0,1.0,63.0,126.0,0.648292220113852,-0.14519652288889917,0.4410480786937474,2.3296942398878704,2.3296942398878704,0.9924242424242424,0.3263959353833352,0.5255017904806476,1,1,1,1,1,1
historical_mega100_examples,2024-08-31,RKLB,6.269999980926514,-0.2750412177337134,-0.006339138227536623,1.3462536235923357,1.4481519982190048,0.4315068075578905,0.29278352664246565,0.36750271074382224,0.300050479902332,0.15804468031310304,-0.04689207214811342,0.48167471405300044,-0.10359866972313914,0.27944428923018894,0.06727993116106479,0.6201149551613473,-0.12795550333411299,0.12795550333411299,0.08641848839959554,1.3683356449208157,0.2641649752877926,0.8138019630470454,0.5255473910569253,0.15009666806310024,-0.0851581828908281,0.3116194385197497,-0.08628882359625212,0.6675531906461543,0.5202010974823006,0.36750271074382224,0.6675531906461543,0.1622340150646302,0.12445667715226794,0.434782641904887,0.098398241747498,0.3763926260664965,0.434782641904887,0.6061908213439847,0.5926364260126608,1.6702343770394552,1.210248350412468,0.599643186229341,0.9140769437489773,0.02690149305510092,-0.12795550333411299,0.12795550333411299,0.7762039749983334,45299504.52230431,1.3183036646302986,0.3253968253968254,0.07142857142857142,0.047619047619047616,0.05124213947107765,1.0078850714803347,-0.044039413005479644,0.11298531155494262,0.15412225516655842,1.9823202365093073,0.09166657560401847,0.1260272930265302,0.30624994412064765,0.12012679013367977,-0.13475385382165495,0.7172372569761633,1.3800757311259448,0.03256544201259081,0.2569417962938072,-0.12795550333411299,0.12795550333411299,0.4649531947586687,0.14285714285714285,0.9682539682539683,59718502.81769056,17.90515247703426,0.38095238095238093,0.12698412698412698,0.06349206349206349,0.05825173800305245,0.10280537838766679,0.20129868000984996,0.19858218521661034,0.19656493412184983,0.6666666666666666,0.06001781898733821,-0.10359866972313914,0.19656493412184983,0.18552644322577994,0.19656493412184983,0.05934530199506205,0.9898417318121456,0.046899076777967945,-0.12795550333411299,0.12795550333411299,0.36899565182807703,110885801.34690376,-0.05129369549850138,0.09166096549844678,-0.0031796472254066455,0.011038490896069897,0.05839001583839054,0.0880584215136333,0.26870207950617675,1.0,4.0,1.0,0.0,1.0,63.0,126.0,0.6271347248576851,0.5518340624936546,0.7065390497312258,3.3508773157307665,3.3508773157307665,0.9981060606060606,0.3263959353833352,0.5255017904806476,1,1,1,1,1,1
historical_mega100_examples,2024-09-30,ALAB,52.38999938964844,,,1.2287561708126413,1.286460158278845,,,-0.29384017164543175,0.10558480515138202,-0.08806169162440824,-0.18439147687961377,0.050198795386922845,0.14247202246922952,-0.3963665657408175,0.15964749015274082,-0.37312411458888767,-0.38868143226085583,0.38868143226085583,-0.10106576458120986,1.3612707048440933,-0.2146378839363049,-0.3200277322336661,-0.38190186326984,0.09695529753804398,-0.23855593099448646,-0.02735799977284592,0.15988271963082534,-0.18825536649404973,-0.28799913380310715,-0.38190186326984,-0.18825536649404973,-0.06244193580456836,-0.101680715842828,-0.13419268149269092,-0.27549163165342705,-0.15432547811278796,-0.13419268149269092,-0.16012532664831503,0.7875132165316845,1.0309098127257095,1.0641698525897296,-0.7268250289687138,-0.6676350183659435,0.03665268839954535,-0.38868143226085583,0.38868143226085583,0.44047294276160387,130330724.98368157,0.9692814243849946,0.4523809523809524,0.12698412698412698,0.1111111111111111,0.07071956761174825,0.7467611314658587,0.2247949679752197,0.027906317784291534,0.1858145771915607,0.6569714884711777,-0.01779194289648811,0.19751021411756225,0.1950273541811527,0.0990992052086288,-0.4314253557359916,0.8380478235489864,0.9687455533690609,0.039644977589474245,0.19444213608358796,-0.13404959686531503,0.13404959686531503,0.44047294276160387,0.9841269841269841,0.5873015873015873,126327150.75331189,18.654385542468873,0.5079365079365079,0.15873015873015872,0.12698412698412698,0.0699772481582333,0.17337015135024836,0.1930657039783903,0.2668879633064396,0.2166743548258354,0.3333333333333333,-0.039189177342317506,-0.27549163165342705,0.2166743548258354,0.1904583218995568,0.2166743548258354,0.14576270329546936,0.8118551025737,0.03823025442141138,-0.04310503397902399,0.04310503397902399,0.3775966624056002,167719738.1653922,0.037343570616029664,0.045560767057791454,-0.007501987529135445,0.02621603292627861,0.020132796620097038,0.10252639409538578,0.37163995750766454,1.0,4.0,1.0,0.0,1.0,63.0,126.0,0.7089184060721063,0.3391869532255054,0.9707959763863028,1.5281541991087049,1.5281541991087049,0.9848484848484849,0.26661266826915847,0.387121409345855,1,1,1,1,1,1
historical_mega100_examples,2024-09-30,APP,130.5500030517578,1.8953772107306077,2.2670171682382723,1.2799982027281769,1.4869285436626305,2.2760353337664,1.1860348356205335,0.8860156132547337,-0.2837819648359088,-0.03607932848339224,0.2022536803396171,0.36647981085000003,0.019503011417418392,0.7834892191593479,-0.3172821220651165,1.5393271500029615,-0.0012241118039235666,0.0012241118039235666,0.09930129294925694,0.7338701484270793,-0.6461985049987944,-0.44497974555865283,0.8499362847713414,0.1544832879666538,0.15459832378190508,0.4891807946864932,0.03591575945765768,0.6022336484188249,0.7793951821483001,0.6022336484188249,0.8860156132547337,0.021354906628406,0.14020925329164502,0.5687334911896171,-0.07354004634476652,0.5486006945695201,0.5687334911896171,0.8906592899062705,0.5755862964237518,1.1331613719369011,1.1093964086318395,-0.16734328618823113,0.1704892141094907,0.02624580699844987,-0.0012241118039235666,0.0012241118039235666,0.9543412737661912,365858561.9278378,1.051366292610858,0.31746031746031744,0.07142857142857142,0.03968253968253968,0.04694089031990019,0.7064193568298254,-0.0012241118039235666,0.285829186111082,0.4012668022833863,1.3450757346479925,0.20453961847683066,0.1716089929147323,0.6932555854145368,0.35557297494081763,0.02217677110499805,0.6385533701102117,1.0214215253629402,0.028632164329285954,0.4282917233336099,-0.0012241118039235666,0.0012241118039235666,0.9444445075745094,0.047619047619047616,0.6190476190476191,384651359.87401086,19.767847925816973,0.3333333333333333,0.1111111111111111,0.06349206349206349,0.049180374549048146,0.25621252187109356,0.43604448106553817,0.6220613693024071,0.40572842888779315,0.8333333333333334,0.12203070714126446,-0.07354004634476652,0.40572842888779315,0.37951239596151454,0.40572842888779315,0.1747767382170713,0.6522321573236185,0.02944281583831352,-0.0012241118039235666,0.0012241118039235666,0.5436916580685245,613385402.8297061,0.02857638991347944,0.04477210956907298,0.010104915683162075,0.02621603292627861,0.020132796620097038,0.10252639409538578,0.37163995750766454,2.0,7.0,2.0,1.0,1.0,63.0,126.0,0.850853889943074,0.29751049735703283,1.5794714065727917,1.4805053925880038,1.5794714065727917,0.9867424242424242,0.26661266826915847,0.387121409345855,1,1,1,1,1,1
historical_mega100_examples,2024-09-30,BE,10.5600004196167,-0.575259849111001,-0.2036198916033365,1.0205770531945744,1.1232501452165866,-0.28648646732940586,0.20410488807539617,-0.06049816417690357,-0.29244297448220224,0.009285254117301966,0.08896797334191753,-0.22622282488739198,-0.009786446522881298,-0.16302455827228934,-0.07675668736857089,-0.08332928143797584,-0.3788235047284294,0.3788235047284294,-0.0029025875470480855,0.7085480953721409,-0.6255167810641455,-0.6769164196854577,-0.0512129100596016,0.17158527190186204,0.46630723513195615,-0.1669230225806665,-0.028900470557293167,-0.3529411386591058,-0.15488407096520365,-0.3529411386591058,-0.0512129100596016,-0.25,-0.08798361554534773,-0.13725485154547445,0.10620916789576906,-0.1573876481655715,-0.13725485154547445,-0.19729479570149025,0.726013270880464,0.8599750607803934,0.9582250403149589,0.5546319272125724,0.3784142748987076,0.03612322400815003,-0.3788235047284294,0.3788235047284294,0.1330472924243873,77529758.640751,0.8046147237447169,0.5634920634920635,0.10317460317460317,0.11904761904761904,0.06389150250520122,0.6364757440732348,-0.06509095052328673,-0.11566676795850261,-0.08089190885850339,0.6392188717762703,-0.12038405605858238,0.2520393240089401,-0.22008859310428663,-0.08517072580581764,0.02995625291114501,0.6956840957586278,0.8974666958168076,0.036174716333533016,-0.10165707279742375,-0.3089004840209306,0.3089004840209306,0.08307696611453319,0.8253968253968254,0.23809523809523808,62381585.330722444,17.948780698937977,0.5714285714285714,0.1111111111111111,0.1111111111111111,0.062076783668766324,-0.026638359121100685,-0.10810349765982874,-0.18154797632493272,-0.11335007935275065,0.3333333333333333,0.013165970182251815,-0.25,0.46630723513195615,-0.13956611227902926,-0.11335007935275065,0.011978958243189508,0.6243533067527992,0.030269858691880785,-0.11335007935275065,0.11335007935275065,0.08307696611453319,51916525.96073605,0.009270802644223641,0.055438316606984825,0.00782595442019307,0.02621603292627861,0.020132796620097038,0.10252639409538578,0.37163995750766454,1.0,3.0,1.0,0.0,1.0,63.0,126.0,0.6436432637571158,-0.09090909090909072,1.5994317871377337,1.1032195266975968,1.5994317871377337,0.9886363636363636,0.26661266826915847,0.387121409345855,1,1,1,1,1,1
historical_mega100_examples,2024-09-30,IONQ,8.739999771118164,-0.7842743860090416,-0.4126344285013771,1.0060616607697797,1.0818422483444683,-0.2945924512561984,-0.15637065050624366,-0.1251251279918788,0.19751778813954735,0.14734730064038848,-0.29629625917183644,0.5395394327529696,-0.14414410544296985,-0.22765152208726458,0.3683683015730119,-0.16829005507853706,-0.45375001430511475,0.45375001430511475,-0.014332360675724631,0.9908693809903385,0.4843047993097087,0.845351809255509,0.022222172648509675,0.10266578580800534,-0.04678369161184903,0.12665159449006724,0.19639921867564292,0.07239266014766854,-0.010170098398566862,-0.1251251279918788,0.07239266014766854,-0.13742324676622486,0.005420417819686829,0.24324317358113312,0.1593171230861823,0.22311037696103608,0.24324317358113312,0.2785448619821282,0.7435087470467926,1.3412677871713719,1.1745173239075382,5.899384551552451,7.126768029838468,0.036621527034903095,-0.09989704049619352,0.09989704049619352,0.33028912370759533,41279490.01316759,1.0430524926121754,0.5396825396825397,0.12698412698412698,0.15079365079365079,0.059243562757179895,2.5285566751214894,0.07839750039937954,0.018976274883959032,0.1605672327858194,1.3463855322228246,-0.08957050017236345,0.1454772402468164,0.07239266014766854,0.06709265002191711,1.211585636175558,0.8732639038832456,1.141973608962247,0.043830182947243654,0.11941111157831386,-0.09989704049619352,0.09989704049619352,0.33028912370759533,0.015873015873015872,0.6190476190476191,43056674.95199385,17.578027851193713,0.6666666666666666,0.1746031746031746,0.20634920634920634,0.0660961308997166,0.15435410115115422,0.15671230586032858,0.17838911235336707,0.17789753116599916,0.3333333333333333,-0.013451148290204292,-0.14414410544296985,0.17789753116599916,0.15168149823972055,0.17789753116599916,0.1377245114992054,0.9972443318940107,0.044845315349553196,-0.09989704049619352,0.09989704049619352,0.32024168009181775,59014645.836707525,0.06429611940434388,0.07671624593749227,0.03505444289913462,0.02621603292627861,0.020132796620097038,0.10252639409538578,0.37163995750766454,1.0,4.0,1.0,0.0,1.0,63.0,126.0,0.6426944971537002,0.7196796483494996,3.176201482363463,3.7791763789050723,3.7791763789050723,0.9962121212121212,0.26661266826915847,0.387121409345855,1,1,1,1,1,1
historical_mega100_examples,2024-09-30,OKLO,8.09000015258789,-0.5899974594965594,-0.2183575019888948,1.2502036467122037,1.358255738396495,-0.23390153114392231,-0.23966166432834213,-0.29159368664266383,0.09497009158396585,-0.1196144438266481,-0.2583187206267059,0.21345448184738203,0.20315233619307604,-0.3941200807380496,0.24672944786333995,-0.21325469385874066,-0.5562259815835702,0.5562259815835702,-0.1416690757298018,2.659020360919661,0.3519633935658588,0.2913085850560151,-0.4112081304693119,0.10752786949190912,-0.2671033578914884,-0.02627491422849826,0.41092237714298474,-0.19662359505869798,-0.29980847072355793,-0.4112081304693119,-0.19662359505869798,-0.15888773349395235,-0.0855444767613518,-0.044864238779323884,0.07438017645563999,-0.06499703539942092,-0.044864238779323884,-0.04995973456973402,1.3673494419579562,0.8398109286744199,0.656750879884557,-0.07385491299897651,0.25502749723149987,0.0531618131941465,-0.5562259815835702,0.5562259815835702,0.44722717920546473,30926382.955025114,0.7786681436933381,0.5793650793650794,0.16666666666666666,0.1984126984126984,0.09859433403560132,0.797032632781425,0.29082032457664475,-0.12009782204044395,0.09999185967796986,0.6900881798193952,-0.34395609451310327,0.2773657572241348,-0.1109890314882288,-0.05166101657940969,-0.4270874554808073,0.8980079491155458,1.278735901841564,0.038959983825251676,0.12409812926118158,-0.12445883625721221,0.12445883625721221,0.44722717920546473,0.7619047619047619,0.30158730158730157,24081389.2067387,16.996949909576404,0.49206349206349204,0.09523809523809523,0.15873015873015872,0.0777112741071996,0.18349833347541722,0.24629521268491983,0.30924349978843446,0.35510895090470074,0.5,-0.022884287057521213,-0.34395609451310327,0.35510895090470074,0.32889291797842213,0.35510895090470074,0.17835555628528676,1.148315004673161,0.042806918652263604,-0.0848416274948185,0.0848416274948185,0.44722717920546473,23611701.837305795,0.03851092338431572,0.08042555294753226,-0.03804992676665775,0.02621603292627861,0.020132796620097038,0.10252639409538578,0.37163995750766454,1.0,4.0,1.0,0.0,1.0,63.0,126.0,0.6514231499051233,1.7762668307599454,1.909765200436639,1.6242273352053171,1.909765200436639,0.9924242424242424,0.26661266826915847,0.387121409345855,1,1,1,1,1,1
historical_mega100_examples,2024-09-30,QBTS,0.9829999804496764,-0.352987100341954,0.018652857165710524,0.878736093610744,0.9464616475132128,0.11704543838200476,-0.46864866606417654,-0.5181372554748622,0.24628537628173064,0.23565548688236793,-0.4411764671508279,0.30345716257600397,-0.32843135765358733,-0.620663649570248,0.38041795090003827,-0.6807753230997091,-0.5817021190035443,0.5817021190035443,-0.10350632692696315,0.638086112310333,-0.8522163704191354,-0.8725690291125554,-0.2824817685924943,0.1392258295100938,-0.014598526172921567,-0.09516009049738372,0.16909771296537235,-0.2718518791931316,-0.3574903010868294,-0.5181372554748622,-0.2718518791931316,-0.15555558106536194,-0.07686073479663902,-0.13771930457482395,-0.1228070065365382,-0.157852101194921,-0.13771930457482395,-0.16243524990395303,0.761098761799528,0.8981879459787548,1.1139700758304512,0.09677944709091646,0.06745958933471852,0.038031822903299164,-0.5085000097751617,0.5085000097751617,0.2287499572522944,4204667.837562163,0.8415527054202788,0.5396825396825397,0.1349206349206349,0.1349206349206349,0.08484018811125056,0.5190366088631985,-0.020300758753659,0.011991235873638706,0.027425872747502522,0.5938422392510594,0.009999990463256836,0.12673335938988262,-0.017000019550323597,0.01743998510894773,0.06687965358821346,0.8478412453962827,0.8062945006033188,0.041986152543831125,-0.032432993987460024,-0.260902294187185,0.260902294187185,0.2287499572522944,0.8571428571428571,0.5714285714285714,3538449.594094072,15.079199504013635,0.5873015873015873,0.19047619047619047,0.14285714285714285,0.08285965056118147,0.01284514893875377,-0.02553362832063588,-0.039105182565859924,-0.026732683434181337,0.16666666666666666,-0.1063541940665556,-0.32843135765358733,0.009999990463256836,-0.052948716360459946,-0.026732683434181337,0.030560345402372624,0.6836097335476916,0.03341644702525302,-0.04563106043263032,0.04563106043263032,0.16607353092049282,2008762.9708264552,0.020132817285109406,0.05667780317527225,0.006141230674246101,0.02621603292627861,0.020132796620097038,0.10252639409538578,0.37163995750766454,1.0,4.0,1.0,0.0,1.0,63.0,126.0,0.6401328273244782,0.07833160107962645,2.0722279155539813,7.545269364794562,7.545269364794562,0.9981060606060606,0.26661266826915847,0.387121409345855,1,1,1,1,1,1
historical_mega100_examples,2024-09-30,RGTI,0.7829999923706055,-0.7829181777291626,-0.41127822022149807,1.1217188544417158,1.249164320731126,-0.2050761614222043,-0.5835106412996907,-0.48823528953443707,0.23394960184780356,0.09995404724695234,-0.30065354741140526,0.03242920534359661,-0.1633986958659308,-0.5907616836298228,0.22001094746662841,-0.5784553403625597,-0.6457013670338528,0.6457013670338528,-0.08715319470234217,0.3733871044086602,-0.9126727644560307,-0.9360960547544125,-0.38828124228748473,0.11738685078163673,-0.17968751891749024,-0.19165015224875082,-0.12115797139368933,-0.2542856876866335,-0.3769340731695185,-0.48823528953443707,-0.2542856876866335,0.01904771528006588,-0.10106272915272285,-0.26822434206780865,-0.037383251496717174,-0.2883571386879057,-0.26822434206780865,-0.3038888515546961,0.8440328154433232,0.927923719385232,1.0457408872570921,0.04766783499595584,-0.1044498917879979,0.04328635970090445,-0.4407142816392742,0.4407142816392742,0.13808134560946406,4552536.546459321,0.932008398004874,0.5873015873015873,0.18253968253968253,0.21428571428571427,0.08479431650812905,0.3281583844025256,-0.103906264988473,-0.10412162683847614,-0.09954460573529689,0.6760446789880572,-0.11067957861482502,0.07819158626393208,-0.239805811534043,-0.09025146531592276,-0.014806551391917222,0.8826396252958023,0.887336175425935,0.04815703722840046,-0.12186181496778303,-0.38828124228748473,0.38828124228748473,0.13808134560946406,0.8412698412698413,0.23809523809523808,4243002.293524194,15.260781900409519,0.7301587301587301,0.2222222222222222,0.2222222222222222,0.08590089539764045,-0.05533661554069835,-0.15165461931357427,-0.1853892757959755,-0.14519652288889917,0.16666666666666666,-0.10288297541729942,-0.17968751891749024,0.01904771528006588,-0.17141255581517778,-0.14519652288889917,-0.011737988649426545,0.7831980693893575,0.04075062939392867,-0.14519652288889917,0.14519652288889917,0.13808134560946406,2434288.493905181,-0.009487672100589428,0.07224957892868669,0.01136656420857629,0.02621603292627861,0.020132796620097038,0.10252639409538578,0.37163995750766454,1.0,4.0,1.0,0.0,1.0,63.0,126.0,0.647248576850095,0.6858238382042179,2.895274561985786,18.4891447989428,18.4891447989428,1.0,0.26661266826915847,0.387121409345855,1,1,1,1,1,1
historical_mega100_examples,2024-09-30,RKLB,9.729999542236328,0.8498210671522191,1.2214610246598836,1.3948791369046123,1.5103455638039376,0.7594935213526033,1.1221372870846706,1.3673964053904641,-0.14085182940782515,0.22036943687421306,0.16788322014735546,0.8591999372694985,-0.0851581828908281,1.2648700112950784,-0.3403132479736102,2.0384458627197963,-0.005112494079759333,0.005112494079759333,0.15437179785339028,1.3449909857842368,0.3551273777286912,1.746955883548297,1.5877658422646772,0.1820635098759899,0.1622340150646302,0.7722325150763962,0.0368036792841373,1.226544575982639,1.3939022745459269,1.226544575982639,1.5877658422646772,0.098398241747498,0.17119167182111394,1.027083157416854,0.09166657560401847,1.006950360796757,1.027083157416854,1.3084311473149772,0.6708033950757052,1.2106788241265432,1.1701983503144628,1.49625580625789,2.873774788848554,0.03068518374961902,-0.005112494079759333,0.005112494079759333,1.7563738303390415,57816347.61844703,1.432296163597109,0.38095238095238093,0.1111111111111111,0.047619047619047616,0.0552411020111436,1.9493824344350028,0.12284300925435365,0.25042035912450644,0.5375376621523444,1.6168967576299782,0.19656493412184983,0.21115329843180972,0.8568702227557621,0.24748748335591975,0.8170466609372629,0.7849730263029311,1.0345928310368941,0.036778259801829756,0.2187405622986165,-0.005112494079759333,0.005112494079759333,1.1244540839125134,0.015873015873015872,0.5873015873015873,82810132.88709852,18.232061001807253,0.4444444444444444,0.19047619047619047,0.047619047619047616,0.06342853190848406,0.3772765318415181,0.3817672395215814,0.6794919343185961,0.5518340624936546,0.8333333333333334,0.16925660769013717,-0.0851581828908281,0.5518340624936546,0.525618029567376,0.5518340624936546,0.33424746575678177,0.8121274655703478,0.038855981181094554,-0.005112494079759333,0.005112494079759333,0.6746987328852596,107842209.29530235,0.2027193699402583,0.05953603091232316,0.09547396809419251,0.02621603292627861,0.020132796620097038,0.10252639409538578,0.37163995750766454,1.0,4.0,1.0,0.0,1.0,63.0,126.0,0.6496204933586338,0.09969170736526722,1.8037000996996464,1.6176773393249824,1.8037000996996464,0.990530303030303,0.26661266826915847,0.387121409345855,1,1,1,1,1,1
historical_mega100_examples,2024-09-30,SOUN,4.659999847412109,0.9467679377769971,1.3184078952846616,1.5964321683089815,1.714406652247753,1.1981132542293436,-0.3719676820084844,-0.20882853089220765,0.1316007430520646,0.30788515800687943,-0.32937179334087585,0.5091185759123692,-0.28013584597107,-0.31135492498759343,0.388575313463701,-0.24139601228815724,-0.47699215182752264,0.47699215182752264,0.019465599863816463,0.4678579288898012,-0.6302732870876024,-0.5638161000108647,0.09905662711467178,0.15448204914527447,0.19103784512778121,-0.027566232692346482,0.04118123117340233,-0.07722778784014306,-0.06233323053922631,-0.20882853089220765,0.09905662711467178,-0.21782180227820513,0.018031680807036654,0.17974678257149335,0.28860761801070667,0.1596139859513963,0.17974678257149335,0.18910009971727096,0.8650869122184446,0.5144887364233206,1.098777166396945,0.35722117120990626,0.29338458556812275,0.03883443196712301,-0.24838709826275918,0.24838709826275918,0.312676030987431,115929572.1750757,1.0118500353372426,0.5079365079365079,0.15079365079365079,0.15079365079365079,0.07491403694624946,0.6528005046000812,-0.03709677841115089,-0.010913303607870795,-0.03575569492340447,0.586190073880984,-0.03929278587557794,0.22255045505969165,-0.08447942873973346,-0.027715270181067453,-0.1112604876400698,0.9505377460944652,0.4682375573114669,0.03910988012818349,-0.027389032832955462,-0.24838709826275918,0.24838709826275918,0.1857505771640504,0.873015873015873,0.9682539682539683,117303341.70198175,18.580273810250763,0.4444444444444444,0.1746031746031746,0.15873015873015872,0.07530477628523356,-0.035928583400351655,-0.021483591737708974,-0.10567771440131316,-0.04703477001090095,0.3333333333333333,-0.01743995683287769,-0.28013584597107,0.28860761801070667,-0.07325080293717956,-0.04703477001090095,-0.019669746003836752,0.44507747236361966,0.01959797684614203,-0.0698603523912098,0.0698603523912098,0.07126435622433092,58254226.93807057,-0.04213775163880307,0.04460453621547637,-0.03479704366491121,0.02621603292627861,0.020132796620097038,0.10252639409538578,0.37163995750766454,1.0,4.0,1.0,0.0,1.0,63.0,126.0,0.6991461100569261,0.07939922199819738,0.9978542327178246,3.25751090176663,3.25751090176663,0.9943181818181818,0.26661266826915847,0.387121409345855,1,1,1,1,1,1
historical_mega100_examples,2024-10-31,BE,9.600000381469728,-0.4653816970292586,-0.0769230063850328,0.9941905093449179,1.0352406085846186,-0.1519434063360371,-0.14590742197900308,-0.13746628187236498,-0.07821994680533895,-0.2742983896359129,0.2165318798411502,-0.5075215099359561,0.46630723513195615,-0.28045144487852214,-0.15352334822244096,-0.18964413771302752,-0.43529409520766305,0.43529409520766305,-0.07421402729875792,0.6882501020765751,-0.05146473324672063,-0.32747865965113543,-0.4117646715082779,0.14130624094376712,-0.25,-0.1802648394252213,0.004865035735862833,-0.21568622867770393,-0.25497239401944893,-0.4117646715082779,-0.13746628187236498,0.10620916789576906,-0.07409239115308319,-0.29098963009480594,-0.12038405605858238,-0.31956269523959036,-0.29098963009480594,-0.45736245616048493,0.7248643882701037,0.731092661384974,0.8777285744728045,0.20417121119416892,0.09470110108560825,0.036670265484570634,-0.43529409520766305,0.43529409520766305,0.06194694933404743,75765130.40487653,0.6828364202644592,0.5793650793650794,0.1111111111111111,0.11904761904761904,0.06316745652072468,0.8042118104803726,0.11023610574814802,-0.047754635780735355,-0.0841616814509597,0.6640149415324804,-0.11335007935275065,0.25566661699862553,-0.19395461759340948,-0.026608819159029684,0.26870147705933456,0.6362341862024196,0.8329370635154434,0.03199471762322514,-0.07461552797086313,-0.1986643782727826,0.1986643782727826,0.06194694933404743,0.8571428571428571,0.09523809523809523,51735190.42653583,17.76164879315034,0.47619047619047616,0.12698412698412698,0.07936507936507936,0.05556719715125741,-0.06396251643335382,-0.059304294853550155,-0.17154502455088816,-0.09090909090909072,0.3333333333333333,-0.00035447054878308865,-0.25,0.46630723513195615,-0.08226286009585893,-0.09090909090909072,-0.0491754160055321,0.5299430347635812,0.02539924502825547,-0.11357336573419097,0.11357336573419097,0.06194694933404743,48233420.43922061,-0.01518255780148825,0.05234374678471974,-0.030107068006111626,-0.008646230813231792,0.028573065144784415,0.14298516300615716,0.3884586906442258,1.0,3.0,1.0,0.0,1.0,63.0,126.0,0.6415559772296016,1.8593749658515066,1.3135414793673559,1.4562498944501114,1.8593749658515066,0.9943181818181818,0.25560523362231435,0.37108876754585873,1,1,1,1,1,1
historical_mega100_examples,2024-10-31,IONQ,15.029999732971191,0.17066985683366687,0.5591285474778926,1.1278189134213925,1.2229913643661012,0.4634857899747382,0.5045045122447394,0.7578946663952506,0.38008531716166805,0.08627716630007654,-0.04678369161184903,0.8909555243071762,-0.04678369161184903,0.6149095033890934,0.08627716630007654,0.9213427875633575,-0.1560920727868249,0.1560920727868249,0.12133291970864768,1.4574343903871383,4.331619841758658,8.832423134810835,0.8441718326953271,0.19926189937674343,-0.13742324676622486,0.7291961125593356,-0.03432481557170819,1.1379799835569187,0.9133488275491656,0.7578946663952506,1.1379799835569187,0.1593171230861823,0.30450560059719955,0.8441718326953271,-0.08957050017236345,0.8155987675505427,0.8441718326953271,0.8864238605404162,0.8225979262285513,1.1830817337162824,1.1577153963080846,0.1279166499619131,0.9396553079740484,0.04001180316304201,-0.1560920727868249,0.1560920727868249,1.2876711324606416,77289860.83240774,1.5151827739329509,0.5634920634920635,0.1746031746031746,0.15079365079365079,0.0662660035600158,2.0438707216738257,-0.056195032290631386,0.5045867459430218,0.5259192742182375,2.2952081031066687,0.17789753116599916,0.3168131963198597,1.0256064121872894,0.661996933764623,0.48876492442700115,0.9523342841658958,1.0219106850345865,0.04599913754857777,0.8785012991072707,-0.1560920727868249,0.1560920727868249,1.2876711324606416,0.047619047619047616,0.9841269841269841,117108265.73293929,18.578609421575255,0.5714285714285714,0.25396825396825395,0.15873015873015872,0.07660182199002108,0.30291556952118626,0.9008659680082258,0.7394977588500586,0.7196796483494996,0.5,0.13051947734187394,-0.13742324676622486,0.7196796483494996,0.7283258791627314,0.7196796483494996,0.15172411746905667,0.9732005807138931,0.04884297996967649,-0.1560920727868249,0.1560920727868249,0.6571113824345589,254070238.5911124,-0.04224814916961328,0.10528942629151146,-0.09902889747552779,-0.008646230813231792,0.028573065144784415,0.14298516300615716,0.3884586906442258,1.0,4.0,1.0,0.0,1.0,63.0,126.0,0.6994307400379507,1.4284764237174428,1.779108529598517,1.6274120013347635,1.779108529598517,0.9924242424242424,0.25560523362231435,0.37108876754585873,1,1,1,1,1,1
historical_mega100_examples,2024-10-31,QBTS,1.059999942779541,0.07968526860667091,0.4681439592508967,1.0482894659811273,1.0910548105917228,0.2544377596328862,-0.4803921751955852,-0.22627741672252244,0.1561019396004062,0.011462545655314127,-0.27007299524128703,0.33007293802082804,-0.014598526172921567,-0.3692625797286796,0.28627735950206346,-0.27780874347993967,-0.5489361762568769,0.5489361762568769,-0.046481641640032434,0.9680986186821714,2.2903624891748113,2.4877840502492483,-0.2148148710672083,0.08700551685641603,-0.15555558106536194,0.03117850224056018,0.18637783320915513,-0.07017547712211625,-0.170422588303949,-0.22627741672252244,-0.07017547712211625,-0.1228070065365382,0.05381834836584276,0.059999942779541016,0.009999990463256836,0.0314268776347566,0.059999942779541016,0.07160540012998381,0.814507901688349,1.2145485727764518,1.028749787375943,1.9619125399064519,2.1939238914151473,0.039476934785550546,-0.2535211444965225,0.2535211444965225,0.324999908730389,4529623.324630989,0.903595191185936,0.5634920634920635,0.15079365079365079,0.1349206349206349,0.08653333922585135,1.334794355547005,0.13693527713060205,0.055402705771271155,0.056892677993780616,1.5021660365115554,-0.026732683434181337,0.08662710986780332,0.04950490375089078,0.11415070076675815,0.8232117422136238,0.8379248306779146,1.1806063900867771,0.039774029635789104,0.2071503788157243,-0.12396701705658297,0.12396701705658297,0.324999908730389,0.12698412698412698,0.9365079365079365,4092945.8540202132,15.22477577078731,0.5555555555555556,0.1746031746031746,0.14285714285714285,0.08414619342704469,0.03620184216750255,0.15297039274044777,0.07918206319449426,0.07833160107962645,0.3333333333333333,-0.03856036761101996,-0.15555558106536194,0.07833160107962645,0.08697783189285824,0.07833160107962645,-0.0008954769925818562,0.9892594095107267,0.045794497594186405,-0.12396701705658297,0.12396701705658297,0.18701000543717172,7528069.803324767,-0.07665510364250838,0.1303908588448189,-0.04847400764471843,-0.008646230813231792,0.028573065144784415,0.14298516300615716,0.3884586906442258,1.0,4.0,1.0,0.0,1.0,63.0,126.0,0.6408918406072106,1.8490567395762718,6.924528369788136,4.603773941387713,6.924528369788136,0.9981060606060606,0.25560523362231435,0.37108876754585873,1,1,1,1,1,1
historical_mega100_examples,2024-10-31,RGTI,1.3200000524520874,-0.14317555507086732,0.24528313557335846,1.0977420454748656,1.1108379993622168,0.0645161631452178,-0.13725485154547445,0.03125006402842834,0.20239478433123526,0.22589290015951002,-0.19531250436557468,0.4768659889457948,-0.17968751891749024,-0.11173509897772882,0.2503034205517918,0.033093836161120785,-0.4027149187025024,0.4027149187025024,-0.012634187381628026,0.550548133708779,1.5931379489357687,2.323244974455839,0.25714296418793836,0.12419300336870875,0.01904771528006588,0.3947591418219232,0.14428575716051129,0.2336448483596636,0.17401262552534344,0.03125006402842834,0.25714296418793836,-0.037383251496717174,0.06591944400464511,0.2815534845802201,-0.11067957861482502,0.2529804194354357,0.2815534845802201,0.2733109785988757,0.9442865395321398,1.3322924984202535,1.0909379018436993,1.8280405579288694,3.767578187964844,0.04577669443340853,-0.11999996503194177,0.11999996503194177,0.9186046622439674,4910918.177335745,0.8874466534984039,0.5952380952380952,0.19047619047619047,0.18253968253968253,0.08753435596930692,0.8657230639951682,0.26828127725554296,0.16894274591885594,0.4458465272329557,1.9149958060152181,-0.14519652288889917,0.32519822288829275,0.4410480786937474,0.34745492933694133,0.7739776151528195,1.0301579761764401,1.221235870683988,0.049645712305990956,0.6670961267570403,-0.11999996503194177,0.11999996503194177,0.9186046622439674,0.047619047619047616,0.6031746031746031,4358177.902081088,15.287564845062446,0.6507936507936508,0.23809523809523808,0.12698412698412698,0.09051254284189181,0.37280736693072014,0.7772633913301243,0.5451414372928237,0.6858238382042179,0.3333333333333333,0.038654113594392026,-0.17968751891749024,0.6858238382042179,0.6944700690174497,0.6858238382042179,0.248167976534454,1.25806587297789,0.05613271101833091,-0.11999996503194177,0.11999996503194177,0.7647058917276883,7966085.728957255,0.02009276232968804,0.13365798876829213,-0.044862491999952736,-0.008646230813231792,0.028573065144784415,0.14298516300615716,0.3884586906442258,1.0,4.0,1.0,0.0,1.0,63.0,126.0,0.6484819734345351,1.3106059326668027,10.560605774624191,8.977272388609984,10.560605774624191,1.0,0.25560523362231435,0.37108876754585873,1,1,1,1,1,1
historical_mega100_examples,2024-10-31,RKLB,10.699999809265137,1.1410920802819646,1.5295507709261904,1.4140911938024114,1.4082334996112686,1.206185571064616,1.603406195054236,1.845744637341562,-0.6165780989904448,-0.39723203105433846,0.3936169639384923,0.6483678216795159,0.1622340150646302,1.7027594743354049,-0.8037598517235538,2.6238199414086227,-0.06713168612359,0.06713168612359,0.22925099194684884,1.496945147648947,1.5599427529554766,4.227364153588163,1.4485126062872236,0.3125365408420954,0.098398241747498,0.5554699226474877,0.016784404205043346,1.2291665383511172,1.507807927326634,1.2291665383511172,1.845744637341562,0.09166657560401847,0.32252052843361145,1.0419847856180082,0.19656493412184983,1.0134117204732238,1.0419847856180082,1.2588898949758354,0.7034570506201185,0.896785933143625,1.17661950471343,-0.35891141365986345,-0.2950001979152296,0.0328340471329571,-0.06713168612359,0.06713168612359,1.6952140383260565,76211296.97595003,1.5487176608753388,0.4126984126984127,0.1349206349206349,0.03968253968253968,0.059217356802234486,1.1492659484579637,-0.06201919204383066,0.37140619854828927,0.24618572201264133,1.4673871999951034,0.5518340624936546,0.17739563310826012,0.7065390497312258,0.3781744423546751,-0.05800238069472996,0.8277012864878142,0.7621715682522536,0.03904386851635553,0.296317975423517,-0.06713168612359,0.06713168612359,1.3362445387568669,0.031746031746031744,0.9523809523809523,118029781.58486912,18.58644754537076,0.4603174603174603,0.20634920634920634,0.047619047619047616,0.06968618818486946,0.07844782703792141,0.17882907280903093,0.1580274964239552,0.09969170736526722,1.0,0.20006492273281973,0.09166657560401847,0.5518340624936546,0.10833793817849902,0.09969170736526722,0.018950555751186426,0.6308503875668252,0.028198959028262433,-0.06713168612359,0.06713168612359,0.15675673613677144,126015581.27996808,-0.03516683912922092,0.06344461108492226,-0.03725034331502719,-0.008646230813231792,0.028573065144784415,0.14298516300615716,0.3884586906442258,1.0,4.0,1.0,0.0,1.0,63.0,126.0,0.6915559772296016,1.549532819900028,1.3803738100350245,1.7149532481211947,1.7149532481211947,0.990530303030303,0.25560523362231435,0.37108876754585873,1,1,1,1,1,1
historical_mega100_examples,2024-10-31,SOUN,5.03000020980835,1.7750633874780437,2.1635220781222695,1.2494891416511256,1.3042061611636295,2.03012066924671,-0.14601013177787803,0.18632086823953964,0.087096891023007,-0.19028126035263448,0.20047179890426414,-0.21225960656258724,0.19103784512778121,0.04333570523338248,-0.19810867589786274,0.21722353307677938,-0.4354657355836765,0.4354657355836765,0.005783603441844365,0.505842848448871,0.31119423542545643,0.29573812997555904,-0.003960392113094846,0.14185172148399006,-0.21782180227820513,0.04419676347314638,0.0009276826856121634,0.27341775926254663,0.15192607846299713,-0.003960392113094846,0.27341775926254663,0.28860761801070667,0.02576656999738436,-0.011787807658323102,-0.03929278587557794,-0.04036087280310752,-0.011787807658323102,-0.014673500230420158,0.8577379513189441,1.0526261576938098,0.9365795944097332,1.1487427236367957,1.319351224167845,0.03634775358760841,-0.18870961862101454,0.18870961862101454,0.2930591450285467,114252314.47694643,0.847554291083903,0.42857142857142855,0.15079365079365079,0.12698412698412698,0.07008245622084282,1.328100447903664,0.07028257275080196,0.051591429719527904,0.01731256042775886,1.2586022774460282,-0.04703477001090095,0.18246532681014938,0.028629927841566705,0.08781869573585244,0.6590292045788084,0.8033398625561321,1.12390464620064,0.0325450088759201,0.12259267096646265,-0.1781045255119572,0.1781045255119572,0.1919432369402827,0.047619047619047616,0.9841269841269841,96835039.40120348,18.388519474360834,0.36507936507936506,0.14285714285714285,0.1111111111111111,0.06319068372791917,-0.0049455544092738,0.17554992042326045,0.08794020278500168,0.07939922199819738,0.5,0.04248255449533354,-0.21782180227820513,0.28860761801070667,0.08804545281142917,0.07939922199819738,-0.02970674804466744,0.9028774040050204,0.03787220511004276,-0.1781045255119572,0.1781045255119572,0.08639310701523217,116074877.03413737,-0.07212687580357968,0.08788696210661529,-0.09499816180047405,-0.008646230813231792,0.028573065144784415,0.14298516300615716,0.3884586906442258,1.0,4.0,1.0,0.0,1.0,63.0,126.0,0.6722011385199241,0.8508946384261531,2.944333861835728,1.81312107918767,2.944333861835728,0.9962121212121212,0.25560523362231435,0.37108876754585873,1,1,1,1,1,1
historical_mega100_examples,2024-11-30,QBTS,3.0199999809265137,2.362977253354222,2.682926838132755,1.502339401560194,1.5383228772524682,0.6324324010844824,1.2043795404490605,1.2370369834010337,0.7829629975254799,0.4120858401274923,-0.2518518721288774,2.2419508913786994,-0.15555558106536194,1.1026763521899206,0.7530620358487883,1.009303868116411,0.0,-0.0,0.13347258084694302,2.0138339143731594,12.376287610439315,38.99642446517814,1.649122823528526,0.39166219735193525,-0.1228070065365382,1.588408703762478,0.24060153543352603,2.0199999809265137,1.6353865959520244,1.2370369834010337,2.0199999809265137,0.009999990463256836,0.342145663224964,1.990099019249822,-0.026732683434181337,1.9183196050113538,1.990099019249822,1.3209298826672875,1.2256338477228113,1.8418838447717316,1.2292328970278767,3.1175991377149446,10.731273574180207,0.051068138259706665,0.0,-0.0,2.77499991990626,13053429.02454223,1.6672468486380212,0.6111111111111112,0.20634920634920634,0.15873015873015872,0.09885064719004084,2.9582157151411193,0.12396701705658297,0.572754921265711,1.2430850382292542,3.066629523178635,0.07833160107962645,0.7773257956261078,2.0722279155539813,0.7377010365566943,1.2643999807012345,1.5065894453317348,1.4984010346820071,0.060918940743444144,0.9624782000953509,0.0,-0.0,2.5824436532825366,0.0,0.9206349206349206,21763288.40508811,16.8957351360406,0.6349206349206349,0.25396825396825395,0.14285714285714285,0.11192403367499534,0.8832234909811982,1.5274336761180645,0.8190817568697796,1.8490567395762718,0.5,0.27204884334717894,-0.15555558106536194,1.8490567395762718,1.7955484587692072,1.8490567395762718,0.6489666442441531,2.2574751837260627,0.10381652064488184,0.0,-0.0,2.023022964971264,56108217.01735457,0.34281900739466487,0.14569537000815613,0.057422946973137545,0.0535082808070646,0.07177941423846823,0.1343606312111132,0.31994958477853275,1.0,4.0,1.0,0.0,1.0,63.0,126.0,0.6470588235294117,1.781456844894819,0.966887448588033,0.8145695541998854,1.781456844894819,0.9981060606060606,0.13795670104605667,0.19303100610767446,1,1,1,1,1,1
historical_mega100_examples,2024-11-30,RGTI,3.049999952316284,1.557409016127188,1.8773586009057208,2.5781281512795586,3.5617107257113236,0.6223404042830882,1.3828125160071072,1.9047619912629803,0.05640309323789028,-0.05429488583930331,-0.12761899982720326,2.4573132397150736,0.01904771528006588,1.770401360051867,0.4249322486248901,1.354661345689654,0.0,-0.0,0.1407949149226264,2.716457829799591,62.0788891884605,209.0334139893422,1.850467105423677,0.05535233528178059,-0.037383251496717174,1.8336770417848363,0.28437497729901173,1.9611650845008706,1.9054647270625094,1.850467105423677,1.9611650845008706,-0.11067957861482502,0.36370867905974213,2.3296942398878704,-0.14519652288889917,2.257914825649402,2.3296942398878704,1.3313873836409167,1.4060798274961273,1.8769562157334725,1.2444702274424606,20.2899574127325,48.19270190408329,0.058968151308735985,0.0,-0.0,3.433139315023099,20359508.444600303,1.7566774627426491,0.6587301587301587,0.24603174603174602,0.1984126984126984,0.10043566263605633,4.659337011880042,0.11999996503194177,0.6163861527598709,1.4709961294202536,2.947112662289217,0.6858238382042179,0.5880128151261685,2.895274561985786,0.5972593333229643,1.8206640073366,1.7498244827263612,1.5082371392611365,0.06986330537110079,0.5106196690565801,0.0,-0.0,3.433139315023099,0.0,0.9206349206349206,35765089.637148,17.39248285376293,0.6507936507936508,0.2698412698412698,0.15873015873015872,0.11775749450925722,0.9973804454827973,0.7879234108941029,0.49660148061806675,1.3106059326668027,0.5,0.28703635552510753,-0.14519652288889917,1.3106059326668027,1.257097651859738,1.3106059326668027,0.8557955289770782,2.639150272036305,0.11511776603856257,0.0,-0.0,1.7232142315455241,97195851.89173505,0.6061084522298998,0.13747072546441902,0.25617789372348576,0.0535082808070646,0.07177941423846823,0.1343606312111132,0.31994958477853275,1.0,4.0,1.0,0.0,1.0,63.0,126.0,0.6524667931688806,4.003278841789102,3.3180328794078022,1.773770547675626,4.003278841789102,1.0,0.13795670104605667,0.19303100610767446,1,1,1,1,1,1
historical_mega100_examples,2025-02-28,QBTS,5.480000019073486,1.797720590507495,1.9621621342973175,1.4155735921370276,1.6015195715386312,3.05925920169867,4.480000019073486,4.425742644373663,-0.2559310265505692,0.14902859475356767,1.990099019249822,-1.1755294650499366,-0.026732683434181337,4.355541338298637,-3.6111730901737777,2.2904675837823705,-0.46327130278169326,0.46327130278169326,0.3312906586137454,2.6957859537371465,0.3903358850655181,1.5228611671514405,4.574771239127231,0.20481801161528787,0.07833160107962645,0.2625040998688424,-0.46327130278169326,4.169811617823094,4.39010850044133,4.169811617823094,4.574771239127231,1.8490567395762718,0.23372097224536192,0.8145695541998854,1.781456844894819,0.8160419730040502,0.8145695541998854,0.3539537290348279,1.9322441739451297,0.5857945359860204,1.1910217020108076,-0.3895672603400603,-0.4368398328694837,0.08106576236932968,-0.46327130278169326,0.46327130278169326,5.500593182883102,275337308.9842276,1.9348622609344386,0.6904761904761905,0.29365079365079366,0.21428571428571427,0.14214048375035887,1.3397869163885876,-0.0450538723240258,-0.15357209387269577,-0.1852512556027781,0.9193275430438552,-0.29285710393165876,0.9862244356719867,-0.347619015721776,-0.09384490111520105,-0.14903798683616487,2.3013447447525954,0.4918420336061221,0.10252963536109938,0.08103477045588536,-0.46327130278169326,0.46327130278169326,1.029629600849335,0.5714285714285714,0.9841269841269841,532739768.1808267,20.09354362496851,0.746031746031746,0.3333333333333333,0.30158730158730157,0.17609386925399037,-0.08949932953885464,0.018991702802942934,-0.06841701080176077,-0.07744108311713105,0.5,0.551969052511291,-0.29285710393165876,1.8490567395762718,-0.050406467233518826,-0.07744108311713105,-0.10413600889363273,1.1318980792878786,0.05739636919350028,-0.25845735885248844,0.25845735885248844,0.028142607413610188,394480482.5158755,-0.13153723157411656,0.13727842159840611,-0.07150117500529796,-0.027034615883612223,-0.0014724188041648212,0.07020130607502684,0.16444154378982234,1.0,4.0,1.0,0.0,1.0,63.0,126.0,0.8972485768500948,0.38686129163873884,0.2609488728761713,1.979926983005193,1.979926983005193,1.0,0.17349749903089762,0.24652622172920077,1,1,1,1,1,1
historical_mega100_examples,2025-03-31,LEU,62.209999084472656,0.4353954193498024,0.4979533087654451,1.279989453383957,1.4013839647470365,0.45520465694672874,0.5709596333728999,0.13418415342024326,-0.4505577898546097,-0.5349162548793605,0.21440296195776543,-0.2804591319857105,0.8926162342114305,0.1704358974998369,-0.20024032344818832,0.1142926875441068,-0.4759497972853597,0.4759497972853597,-0.016859840698419726,1.4233683370995613,0.7017878840479084,0.5893742942277429,-0.4007321014591172,0.28759174546399496,-0.12339849590462981,-0.23595401867631305,-0.08409369715493631,-0.31637363643436645,-0.19430719482441347,-0.4007321014591172,0.13418415342024326,-0.268021971314818,0.016558509495050222,-0.06605617002794506,0.23555025217891878,0.015337164857771923,-0.06605617002794506,-0.0633361299661588,1.174039707207516,0.5503462464745178,0.8883397198461276,0.32665764546684706,-0.09036296862878768,0.05100379592216592,-0.4759497972853597,0.4759497972853597,0.13418415342024326,85367404.15037851,0.8010534462695107,0.6031746031746031,0.2222222222222222,0.15873015873015872,0.08692330574960928,1.26007326007326,-0.24024938499213055,-0.12837169487402944,-0.2792845069170662,0.6164462399238047,0.10243013356723951,0.44781754987144057,-0.24410696503438423,-0.24095755997460977,0.2207695181172955,1.0429461045889543,0.6195222775469785,0.043946055085520165,-0.2736132583671329,-0.4759497972853597,0.4759497972853597,0.0,0.5079365079365079,0.0,68383853.29374284,18.040647306391893,0.5873015873015873,0.15873015873015872,0.15873015873015872,0.07616308685065526,-0.23826356318053932,-0.24321447695548448,-0.4864966622945271,-0.3143392837787373,0.5,0.08747281149323395,-0.3143392837787373,0.8926162342114305,-0.2384774868589381,-0.3143392837787373,-0.1677647733051566,0.6461283460736983,0.03618277316046453,-0.29943697132292835,0.29943697132292835,0.0,46030779.91460165,-0.13056239690942129,0.07311640877331854,-0.08857830363649033,-0.07586179691979922,-0.08139333488571698,-0.03625174407959364,0.06255788941564266,1.0,3.0,1.0,0.0,1.0,63.0,126.0,0.6462897475705826,0.11380810055054025,1.0401864657899345,1.944542603626274,1.944542603626274,1.0,0.34972764812746937,0.5302121920211558,1,1,1,1,1,1
historical_mega100_examples,2025-03-31,OKLO,21.6299991607666,0.8314875585933246,0.8940454480089672,1.4096893709208305,1.564965192122088,1.5537188286717951,2.6231155646443045,1.67367104484509,-1.7548096039137464,-1.7106256288851163,1.6242273352053171,-1.6053860904029096,1.7762668307599454,1.7099227889246835,-1.6548298000426824,1.0354874746704736,-0.6102000629572832,0.6102000629572832,0.07966544008691145,1.8095292851508953,-0.35521830612101324,-0.3430698163825283,-0.03695458404002616,1.0006288865704949,0.04808556879244619,-0.25227638372289385,-0.4095223509512774,-0.08113855906865641,0.5185259672454691,-0.08113855906865641,1.67367104484509,-0.09813089564356403,0.041756989514578846,0.018841244802407564,0.9599623884856874,0.10023457968812455,0.018841244802407564,0.012422761864074405,1.616312206362233,0.8125358199188359,0.9383528544527663,-0.24778034768335444,-0.5127130654166658,0.07702351969896018,-0.6102000629572832,0.6102000629572832,1.67367104484509,489488644.85006636,1.2545756832449435,0.753968253968254,0.30952380952380953,0.29365079365079366,0.12718278943218703,0.6757470785433658,-0.21193007520569906,-0.268356188623603,-0.3901235751126272,0.7186469673290743,-0.19754869262506536,0.8355764200569027,-0.48017306312210006,-0.4080409825006678,-0.3993720870658276,1.51667117252685,0.8659171398723937,0.07714998054310483,-0.33656998293103346,-0.6102000629572832,0.6102000629572832,0.018841244802407564,0.5555555555555556,0.9523809523809523,614100551.0534135,20.235669238262606,0.7936507936507936,0.31746031746031744,0.3492063492063492,0.11976536797701545,-0.2828091060076391,-0.2631641923367999,-0.2681780019695571,-0.3522012711544903,0.5,0.35607232143582657,-0.3522012711544903,1.7762668307599454,-0.2763394742346911,-0.3522012711544903,-0.186107798685352,1.3133115638413597,0.06969967495839992,-0.30045281023947645,0.30045281023947645,0.0,349341015.30184066,-0.17772289589426482,0.12591638808596506,-0.12173139239982445,-0.07586179691979922,-0.08139333488571698,-0.03625174407959364,0.06255788941564266,1.0,4.0,1.0,0.0,1.0,63.0,126.0,0.9089933370708987,0.09754973149415425,1.4373556757380217,1.5885346209362692,1.5885346209362692,0.998109640831758,0.34972764812746937,0.5302121920211558,1,1,1,1,1,1
historical_mega100_examples,2025-04-30,LEU,69.29000091552734,0.48734476468781374,0.6140228377117787,1.19492666151667,1.2670755285299333,0.5859465116386691,0.2632634975955237,-0.3325305602052654,0.37276476348733667,0.09395914169457686,-0.20720542349203896,0.049125208986474656,-0.12339849590462981,-0.3182634546382054,0.17445034569970108,-0.30646883498997135,-0.4163086391212809,0.4163086391212809,-0.045392017993369005,1.1845206684256817,-0.5639947818524425,-0.6329185802627537,-0.23857141851068853,0.1938704309364887,-0.268021971314818,-0.10853395400846533,-0.16770098796620747,0.04023420328207128,-0.17695592514462755,-0.3325305602052654,0.04023420328207128,0.23555025217891878,-0.14581368473514222,-0.1580802145055643,0.10243013356723951,-0.06979420616222587,-0.1580802145055643,-0.1570319513392053,1.085038745346315,0.8365924739010965,0.9277783685000656,-0.6931864545083639,-0.6582685876727841,0.047997383686725896,-0.4163086391212809,0.4163086391212809,0.2730112167377394,76891531.90567985,0.7990439498428381,0.5714285714285714,0.1984126984126984,0.18253968253968253,0.0853417988939887,0.43760153238125254,0.05964115816407878,-0.18754642450735182,-0.060229905299825304,0.6701484728496532,-0.3143392837787373,0.22541076046110434,-0.23630554004347237,-0.14165790993241012,-0.5533115533115534,1.0066754769167623,0.9017158648068193,0.04325942173918483,-0.054575681729194025,-0.4163086391212809,0.4163086391212809,0.2730112167377394,0.8412698412698413,0.2698412698412698,61439713.363381036,17.93356699775937,0.6190476190476191,0.12698412698412698,0.20634920634920634,0.08069619313534408,0.044279007941540494,0.02241561636556999,0.125375874485674,0.11380810055054025,0.5,-0.042328544116914425,-0.3143392837787373,0.23555025217891878,0.0998399669592478,0.11380810055054025,0.07993112278024195,0.9077352482478156,0.0443830710056494,-0.0235343600689355,0.0235343600689355,0.2730112167377394,38494367.559778124,0.024287853116286007,0.06277963048739552,-0.007107430502880319,0.013968133591292453,-0.08828600834333844,-0.014267105567060012,0.12667807302396494,1.0,3.0,1.0,0.0,1.0,63.0,126.0,0.6397470315105515,0.8317216985416946,1.6436713848380404,2.10867356112583,2.10867356112583,0.998109640831758,0.4406245009231605,0.6291793283820323,1,1,1,1,1,1
historical_mega100_examples,2025-04-30,OKLO,23.739999771118164,0.6011239769455161,0.7278020499694811,1.2859799178090014,1.4051484713089064,1.608791074279488,1.934486937373423,0.05699023770354539,0.06123869696450668,-0.048494109929017704,0.8526269949457808,-1.2820910799520129,0.04808556879244619,0.0712573432706054,-0.4864543227097776,0.039720839442061645,-0.5721751837623281,0.5721751837623281,0.0002938351288623853,1.0356293802391094,-0.7521574260483844,-0.8585969102961044,0.008496127774527684,0.05498961358361208,-0.09813089564356403,-0.17957721475804733,-0.5650170058059264,0.11822893466805207,0.06123843338204171,0.008496127774527684,0.11822893466805207,0.9599623884856874,-0.2510728512088469,-0.42946408500623223,-0.19754869262506536,-0.3411780766628938,-0.42946408500623223,-0.3406314761691581,1.4347692169666644,0.7535141450094033,0.8787392473317511,-0.3394068637175164,-0.27496618064627887,0.06891683792097121,-0.5721751837623281,0.5721751837623281,0.31888887617323136,473170043.7391811,1.035858028163991,0.7142857142857143,0.2698412698412698,0.2857142857142857,0.11907888299162203,0.48968443032762776,0.03802487919495512,-0.21470412796534788,-0.10622854644783064,0.49358781471257274,-0.3522012711544903,0.46284757838337315,-0.2890086790933565,-0.1515653281367748,-0.3371957631588549,1.2607880218120526,0.8574945836292304,0.06451402151685952,-0.12731419832066604,-0.5721751837623281,0.5721751837623281,0.1989899336300449,0.8888888888888888,0.2698412698412698,490136988.49393755,20.010195480392216,0.7301587301587301,0.23809523809523808,0.3492063492063492,0.1092692063011834,0.002364460533715862,-0.01957121860774269,0.09023034516503053,0.09754973149415425,0.5,0.07628613822486136,-0.3522012711544903,0.9599623884856874,0.08358159790286179,0.09754973149415425,0.05286499555275537,1.081118899808447,0.050792142498837185,-0.03062474508001012,0.03062474508001012,0.1989899336300449,234916125.88886982,0.034152283775390035,0.0754783932393041,-0.016814384944442318,0.013968133591292453,-0.08828600834333844,-0.014267105567060012,0.12667807302396494,1.0,4.0,1.0,0.0,1.0,63.0,126.0,0.8762251308147893,1.2207245884156128,1.3584668162711462,2.2262003823213687,2.2262003823213687,1.0,0.4406245009231605,0.6291793283820323,1,1,1,1,1,1
historical_mega100_examples,2025-04-30,QBTS,6.909999847412109,3.9171174184807205,4.043795491504685,1.4006046083422554,1.4630283181706527,5.909999847412109,6.029501510519978,5.518868132476166,-5.696249065664692,-4.230788698352404,4.603773941387713,-4.4404743149823975,1.8490567395762718,5.533135238043227,-5.355568506070851,2.6215659783710326,-0.38193205198633795,0.38193205198633795,0.18254649549693602,1.4038970421532562,-0.728784317079592,-0.6844948973834271,1.288079434123762,2.9578821397624853,1.781456844894819,0.02593794927024362,0.03628537847132951,-0.1773809331885262,2.2098555444704675,-0.1773809331885262,5.518868132476166,-0.29285710393165876,0.0639078509173725,0.16329962640531503,-0.07744108311713105,0.2515856347486535,0.16329962640531503,0.1088373993950639,2.105179948934734,0.46310084111225064,0.7127181362800376,-0.39545185092509016,-0.45033846443674885,0.09070013686469065,-0.38193205198633795,0.38193205198633795,5.916916675034587,434838349.2301414,1.042322789110923,0.7063492063492064,0.30952380952380953,0.2698412698412698,0.15590961429070935,0.4914918195695819,-0.06171735584846305,0.034873418497781916,-0.023349184156571612,0.5233215661603647,0.38686129163873884,0.9730778996613807,0.2609488728761713,-0.09793275651530631,-0.38836124796065163,1.5003999297388684,0.6497671625551161,0.06292313263751326,-0.21518409030050467,-0.38193205198633795,0.38193205198633795,0.49244053490622997,0.49206349206349204,0.5714285714285714,453241920.9819506,19.931936585006767,0.6349206349206349,0.23809523809523808,0.23809523809523808,0.11885246380494902,-0.06609003190383655,-0.10250683907444358,-0.09312595624944385,-0.09078948235247619,0.5,0.5927145344514272,-0.29285710393165876,1.8490567395762718,-0.10475761594376864,-0.09078948235247619,0.002248151134715437,0.9749106050443201,0.04119683090302401,-0.08233736322990359,0.08233736322990359,0.11093248882556606,219230795.97658885,0.006701611429636545,0.08403969213491741,-0.04452435335026106,0.013968133591292453,-0.08828600834333844,-0.014267105567060012,0.12667807302396494,1.0,4.0,1.0,0.0,1.0,63.0,126.0,0.8642022094761659,1.3632417198709295,1.1186686927070828,1.4876991191968711,1.4876991191968711,0.996219281663516,0.4406245009231605,0.6291793283820323,1,1,1,1,1,1
historical_mega100_examples,2025-05-31,BE,18.46999931335449,-0.027060657485534545,0.13174017516753556,1.0014783981394744,0.9968552626272986,0.5507976112499937,0.9239581853565295,-0.3271402987248351,0.11043119665167322,0.15874768615003954,-0.12495447030393758,-0.10610302505990321,-0.19089258771684192,-0.3486856527943456,0.09608280336099428,-0.4185048996635585,-0.38040927057190077,0.38040927057190077,-0.05557409215139786,1.101793321375026,-0.7214081651460695,-0.7857788967362355,-0.16839261257479554,0.08137399278368747,0.06168396648837238,-0.14136956317901772,-0.07889074690537845,-0.21670910207316185,-0.2374140044575975,-0.3271402987248351,-0.16839261257479554,0.018659903964429958,-0.10756866956569766,-0.2310574953638408,-0.1815154257810323,-0.2541092100156376,-0.2310574953638408,-0.3233778246043403,0.7816880972906826,0.7882278890706321,0.914063415607464,-0.6448619091355704,-0.6419541264367377,0.03687625279811316,-0.38040927057190077,0.38040927057190077,0.13174017516753556,143989164.1117217,0.8842478972260092,0.49206349206349204,0.1349206349206349,0.1349206349206349,0.07002599530835121,0.4832137719243009,0.03555841556600636,-0.06281566613333778,-0.023908209478125775,0.6110804960231151,-0.06815870615402253,0.10733014224858962,-0.060529020513408804,0.029962656625018402,-0.48726106465324504,0.7145124921492209,0.862333920832829,0.035774374057376906,0.06713624185398492,-0.27312084123307967,0.27312084123307967,0.13174017516753556,0.7777777777777778,0.2857142857142857,127322115.58912066,18.662230784408386,0.5079365079365079,0.1111111111111111,0.12698412698412698,0.06832745628342768,0.012239645081233652,0.024909129232536298,0.013288605125882168,0.008187752239572799,0.5,-0.05867251615992027,-0.19089258771684192,0.06168396648837238,-0.08359532186725271,0.008187752239572799,-0.0003518372508704015,0.6161483588390736,0.029309774134150167,-0.08790126847632151,0.08790126847632151,0.13174017516753556,103878871.90290178,-0.032477771070584804,0.055727435931325,-0.036716411852818154,0.09178307410682551,0.023051714651796784,0.021545354069510525,0.1588008326530701,1.0,3.0,1.0,0.0,1.0,63.0,126.0,0.6571022727272728,0.2950731437763998,1.0243638754558098,1.8662696586258893,1.8662696586258893,0.998109640831758,0.32864285373205054,0.4343280913187014,1,1,1,1,1,1
historical_mega100_examples,2025-05-31,ECHO,17.729999542236328,-0.2353633931890351,-0.076562560535965,0.5537753126975302,0.5630425706897405,-0.04368939230270674,-0.2924980079775277,-0.2989324278216767,-0.06006975438928375,0.0731682285895302,0.23487538203535596,-0.6671520454321076,-0.09450380428929417,-0.32047778189118725,-0.1333442355750749,-0.5041441794728747,-0.43227666339675164,0.43227666339675164,-0.010374071444965605,1.7161731275875047,1.412403946710317,0.36957801786122624,-0.22576419923214652,0.06672621320937938,0.20786027546612384,-0.29624985903705914,-0.4293530828328308,-0.3590021822109605,-0.2945662697549279,-0.3590021822109605,-0.22576419923214652,0.1290672347982038,-0.10612576500846138,-0.43227666339675164,-0.18091577654008795,-0.4553283780485484,-0.43227666339675164,-0.5655541629689649,0.5929502709606522,1.6659854642062104,1.2890486704159736,7.648084759576202,5.8207536454982325,0.02357533086277583,-0.43227666339675164,0.43227666339675164,0.0,55658101.34219821,1.228081031575621,0.2222222222222222,0.031746031746031744,0.07142857142857142,0.047633760770887754,3.051299746951921,-0.14917376396456583,-0.07017023700644942,-0.22450445605437563,1.35437239878641,-0.12118844373399795,0.17240725130062598,-0.3068803911212995,-0.024147468731739674,1.2339995508645853,0.76434175840462,1.2924147105078663,0.03080525222839606,-0.06138604780425172,-0.4293530828328308,0.4293530828328308,0.0,0.9841269841269841,0.0,68352658.51186723,18.04019103057282,0.30158730158730157,0.047619047619047616,0.14285714285714285,0.05842114887105186,-0.19316184559062133,-0.13353404660368995,-0.21389854572849204,-0.21129893668705413,0.3333333333333333,-0.045163241831017754,-0.21129893668705413,0.20786027546612384,-0.30308201079387964,-0.21129893668705413,-0.1890408701634474,0.9878465324175805,0.03968989350181522,-0.2688659982582957,0.2688659982582957,0.0,72987347.87790208,-0.1455010091187886,0.10103939514901189,-0.0940214883436048,0.09178307410682551,0.023051714651796784,0.021545354069510525,0.1588008326530701,1.0,3.0,1.0,1.0,0.0,63.0,126.0,0.5581439393939394,0.5623238284328564,0.8381275236331582,2.4850537231166574,2.4850537231166574,1.0,0.32864285373205054,0.4343280913187014,1,1,1,1,1,1
historical_mega100_examples,2025-06-30,BE,23.920000076293945,0.7963653794923131,0.9542484087896985,1.067213571514533,1.1275631238376915,1.2651514323672894,-0.12859747134912292,0.0769923936204382,-0.0811556067579885,-0.06257338795088874,-0.11481311761256618,0.3314967525029595,0.06168396648837238,-0.0048748352400416195,0.13969124126995514,0.09728932703674088,-0.19758468618483882,0.19758468618483882,-0.024826719925555296,1.3388233496969149,0.6865118066022402,1.0519513151423778,0.014419005669549456,0.042518545451180535,0.018659903964429958,0.13720642842828612,0.3404897618373507,-0.004163213137550303,0.029082728717479116,-0.004163213137550303,0.0769923936204382,-0.1815154257810323,0.03092566967455035,0.21668363489039333,-0.06815870615402253,0.03895733489028852,0.21668363489039333,0.30295181437970814,0.7913755389772853,0.8541964119729635,0.9037949953834706,2.432261750819475,3.4450300158972684,0.03736294211714642,-0.19758468618483882,0.19758468618483882,0.46568630659227384,133035846.08857442,0.8487238355999879,0.5,0.14285714285714285,0.12698412698412698,0.06614257787255176,1.4007715721088547,0.27312084123307967,0.14291463412022054,0.21866721210022266,0.775958298987164,0.008187752239572799,0.15867715215439848,0.3056768818097657,0.17976459843042214,0.42062484441125214,0.7152412515965672,0.945121865396629,0.034778118624786226,0.16015605157621482,0.0,-0.0,0.46568630659227384,0.0,0.6031746031746031,112910693.56458452,18.542107750626442,0.49206349206349204,0.12698412698412698,0.1111111111111111,0.05966867391298612,0.1483437323512451,0.17970137735784197,0.43650509635148166,0.2950731437763998,0.6666666666666666,0.022321772422286685,-0.1815154257810323,0.2950731437763998,0.23121503082379213,0.2950731437763998,0.10230414129244769,0.6759901459175672,0.031979658620367404,0.0,-0.0,0.30853387187062586,104972540.09791782,0.07245337061100732,0.04703176672962263,0.05859443128825581,0.06385811295260768,0.1777263000001048,0.08186722886047981,0.1578830292973854,1.0,3.0,1.0,0.0,1.0,63.0,126.0,0.6488636363636364,0.5631270597989677,1.2132106378701675,2.535535093021919,2.535535093021919,1.0,0.2901393751098317,0.44366041636457026,1,1,1,1,1,1
historical_mega100_examples,2025-06-30,ECHO,27.700000762939453,0.397423068039084,0.5553060973364694,0.8427880314353745,0.9436644422271101,0.11603549973918037,0.09529457335576597,0.2096070403654111,-0.3226393436327488,-0.2081608756601323,0.11703058296154567,-0.03415330205629008,0.20786027546612384,0.1277398115049313,-0.12672975946015552,0.20886543313399417,-0.11303230326733771,0.11303230326733771,-0.03770289239394442,1.6881104476230153,0.1400431284730861,0.23452680307565643,0.0014461647052788074,0.16357078785891724,0.1290672347982038,0.14012886220238108,0.14238753205625487,-0.11303230326733771,0.03267363393445074,-0.11303230326733771,0.2096070403654111,-0.18091577654008795,-0.05543880377740429,0.08287728090525559,-0.12118844373399795,-0.09484901909484922,0.08287728090525559,0.06102242646122505,1.0035506460800585,2.0492333610917317,1.3533394023517413,-0.7409246833534379,-0.5952404594442885,0.033172545795261445,-0.11303230326733771,0.11303230326733771,0.732332780452718,69171026.9475846,1.1405977853564733,0.30952380952380953,0.05555555555555555,0.10317460317460317,0.05286636399878288,0.7258988689873697,0.3908248383489977,-0.04168111323995838,0.2733290771127146,1.237520511429805,-0.21129893668705413,0.29776621514919205,0.2322064647241464,-0.0318382191167611,-0.4346246392409836,1.3581446315956902,1.5142050527241822,0.04746129182389098,0.2060095904136976,-0.038528244483833074,0.038528244483833074,0.732332780452718,0.015873015873015872,0.2222222222222222,78896320.14724793,18.18364515795145,0.42857142857142855,0.07936507936507936,0.1746031746031746,0.06522778315975918,0.3067065404254903,0.30444242757788675,0.2734360519196949,0.5623238284328564,0.5,0.06430803028934068,-0.21129893668705413,0.5623238284328564,0.49846571548024876,0.5623238284328564,0.2930028857829634,2.056509463492417,0.07536955728993644,-0.038528244483833074,0.038528244483833074,0.732332780452718,122925120.409248,0.0800483813740589,0.06738008635223135,0.05051581961545182,0.06385811295260768,0.1777263000001048,0.08186722886047981,0.1578830292973854,1.0,3.0,1.0,1.0,0.0,63.0,126.0,0.6138257575757576,0.17653426913225556,1.2306858921894972,1.7566786464683273,1.7566786464683273,0.998109640831758,0.2901393751098317,0.44366041636457026,1,1,1,1,1,1
historical_mega100_examples,2025-06-30,RGTI,11.859999656677246,9.926228256022682,10.084111285320068,1.4027920552322986,1.5120381409777086,14.146870718057086,2.8885245383923097,-0.2228047523727804,0.6246959584247119,0.12333623209731714,-0.48099607093686936,0.9784707606374999,-0.13695937884930398,-0.3046719812332602,0.720279442073411,-0.12191472874028134,-0.40700001716613765,0.40700001716613765,-0.02446894132187205,0.6801960378675858,0.3809789069274634,1.0679809601343195,-0.09946852027546327,0.33086211675037003,-0.3576309803236062,0.15035060240798526,0.4397998557619641,0.4018912060519315,0.02653931113456261,-0.2228047523727804,0.4018912060519315,-0.06382978243712933,0.120789368698756,0.4974746897006306,0.11994946971132814,0.31974838970052577,0.4974746897006306,0.4232232999193026,1.827545815628464,0.44040129758996716,0.6431809123331762,-0.10817471281418911,-0.12658563999150896,0.07257208450342127,-0.40700001716613765,0.40700001716613765,0.9603304599626254,979339805.5278951,0.5488089521384865,0.6349206349206349,0.2222222222222222,0.23809523809523808,0.11878362162604293,0.7033544078107592,-0.01761804139484313,0.12726129596241442,0.07364320841253869,0.8624640663337321,0.3652761908591553,0.24392833667856195,0.3370912975981062,0.0008472864531581248,0.24666935669917445,1.1754425850265942,0.6847238298667568,0.05158673055850996,-0.11143305025187789,-0.16420014042333864,0.16420014042333864,0.5813332875569661,0.36507936507936506,0.9206349206349206,537470452.4592732,20.10238434614684,0.5238095238095238,0.2222222222222222,0.1746031746031746,0.08998634742486694,-0.007835835623235865,-0.1837705412831706,-0.02564950655877557,-0.02064409637387188,0.3333333333333333,-0.01563976290223799,-0.3576309803236062,0.3652761908591553,-0.08450220932647956,-0.02064409637387188,0.02978203507202104,0.8048535486078905,0.039055714227964194,-0.05271571700919209,0.05271571700919209,0.09916586641400338,564743247.1910158,0.04521016378303799,0.0784449644840164,0.047148139893835816,0.06385811295260768,0.1777263000001048,0.08186722886047981,0.1578830292973854,1.0,4.0,1.0,0.0,1.0,63.0,126.0,0.8871212121212122,0.22259699997853022,0.36846543103386575,1.5118045343918207,1.5118045343918207,0.994328922495274,0.2901393751098317,0.44366041636457026,1,1,1,1,1,1
historical_mega100_examples,2025-06-30,SNDK,45.34999847412109,,,1.0682478332412064,1.076476054833329,,,,,,,,,,,,,,,,0.435885303302735,0.36772517284181316,,,,,0.09878168898100903,-0.03201707681652466,-0.03201707681652466,-0.03201707681652466,-0.03201707681652466,0.01622203118427601,0.001021749482432055,-0.047469063374452,-0.32556185257913917,-0.2251953633745568,-0.047469063374452,-0.05505728877815245,0.9373243136661821,0.4733263994541654,0.9198265876894441,-0.4482144155938613,-0.33607120396317725,0.037000430980768016,-0.19620701974636667,0.19620701974636667,0.5310599996355301,160957213.72174406,0.7648339616000753,0.43617021276595747,0.10638297872340426,0.0425531914893617,0.07268257144295795,0.7335799066889066,0.2746059056698843,0.1638392217303366,0.16597158463743833,0.7014224600219461,0.17377757428502028,0.24263319767105104,0.41233253229840305,0.13894231334635432,-0.16142700551753353,0.8621758249979145,0.5145822112439001,0.03451438579189853,0.19011876905399716,-0.057368574126283045,0.057368574126283045,0.5310599996355301,0.9682539682539683,0.746031746031746,123105543.41891152,18.628552630099076,0.38095238095238093,0.09523809523809523,0.047619047619047616,0.06735996059742984,0.08783429485727123,0.23125787139291254,0.45809128460992987,0.20323693623018224,0.75,0.01691867228008484,-0.32556185257913917,0.20323693623018224,0.13937882327757456,0.20323693623018224,0.04918560286264673,0.4436603425084607,0.02127650753450839,-0.04405565373290732,0.04405565373290732,0.2148405103048936,162187689.59946406,-0.020476078470773373,0.05002363682398475,-0.033172755933933984,0.06385811295260768,0.1777263000001048,0.08186722886047981,0.1578830292973854,1.0,3.0,1.0,1.0,0.0,63.0,94.0,0.6546401515151515,-0.053583249987592674,0.15700116838250966,1.474090423889848,1.474090423889848,0.9924385633270322,0.2901393751098317,0.44366041636457026,1,1,1,1,1,1
historical_mega100_examples,2025-06-30,UUUU,5.75,-0.20903813584963948,-0.05115510655225408,1.3943282214715786,1.491686982262849,0.04735887790918447,-0.20798900568552758,0.12085767480078347,0.27477343192671766,-0.03799513959138778,-0.27290449593294164,0.8144594478356688,0.035087685053246886,0.03899044594030365,0.4206972771019437,0.17108207523246136,-0.2112482811949945,0.2112482811949945,0.004901643182891657,1.2301613983645303,-0.20890843957433358,0.21951111238264165,0.08286253520939568,0.17066939232271644,-0.22410547458453434,0.23554943999680433,0.34022252303929157,0.3956311067275011,0.19978377224589342,0.08286253520939568,0.3956311067275011,-0.0946601643977164,0.15254935647375634,0.5415549519027272,0.21179623533869574,0.36382865190262237,0.5415549519027272,0.6826928486757873,0.7064309609090582,1.038031554635757,1.1229164728228982,0.04512289900126443,0.22892777777849282,0.031636785662171575,-0.02542374456658214,0.02542374456658214,0.6715116001032961,42771234.714140214,1.1639224208303953,0.3492063492063492,0.1111111111111111,0.0873015873015873,0.06022448187242759,0.9265615546387724,0.07732854210827733,0.14259125994152555,0.14273222020245524,1.2709876887278337,0.0818583821062846,0.1656181816413353,0.2721238991734154,0.18416576245809502,0.11082937093400291,0.7932629629168902,0.9244067388434074,0.03489927599195348,0.18927974027151362,-0.02542374456658214,0.02542374456658214,0.6715116001032961,0.031746031746031744,0.8888888888888888,49782399.05038712,17.723172066887088,0.4126984126984127,0.12698412698412698,0.09523809523809523,0.06670336110940371,0.08069164342610802,0.10739300381931716,0.23983324901338188,0.17586915275980974,0.6666666666666666,0.030974302712631036,-0.22410547458453434,0.21179623533869574,0.11201103980720206,0.17586915275980974,0.032038052384107285,0.7332976285952614,0.03426266664532033,-0.02542374456658214,0.02542374456658214,0.18069817969613622,66241592.671467006,0.012323931764099738,0.06732919349433472,0.01018972170654675,0.06385811295260768,0.1777263000001048,0.08186722886047981,0.1578830292973854,1.0,3.0,1.0,0.0,1.0,63.0,126.0,0.6109848484848485,0.5808695917544158,1.0104348555855127,1.6695652837338657,1.6695652837338657,0.996219281663516,0.2901393751098317,0.44366041636457026,1,1,1,1,1,1
recent_month_non_top10_control,2025-07-31,A,113.89603424072266,-0.38798970245776543,-0.18180188406241915,0.976905074024529,0.9937313484646475,-0.11358059482079974,-0.14175817517110123,-0.23906943975507633,0.2246755163663291,0.14038447652564434,-0.28835408684546615,0.35760853794169223,-0.15575516972250358,-0.32369331728125306,0.3083238908513024,-0.6713820422588153,-0.24445469141568332,0.24445469141568332,-0.027334791206022002,1.4877517761742425,0.6110039939402285,0.7225731912543871,-0.09868496322943199,0.1134988019769957,-0.08552203749645837,0.008700343089568241,0.21297353075880765,-0.014393923388747232,-0.11738277545775185,-0.23906943975507633,-0.014393923388747232,-0.0782305599936618,0.03847204335658061,0.06925445109622608,0.04014862688733656,-0.12039919846038916,0.06925445109622608,0.20779963105754304,0.35608554400821457,0.9934974635566388,0.9359412237667895,0.45999750374438353,0.42339894373666387,0.016211403588539428,-0.23906943975507633,0.23906943975507633,0.15874481028193888,240429996.5239086,0.9527080760300359,0.1111111111111111,0.015873015873015872,0.03968253968253968,0.027916989459128252,0.9349024936061381,-0.05455425418700455,0.027643231204302676,-0.014772594520169102,1.0233395392977627,0.05441394442927616,0.08059423691529347,0.027982370457950045,0.011231559828379645,-0.1928583750215629,0.3332751398247113,1.061495570798996,0.015421918503447702,5.9238663465910335e-05,-0.0753805560866585,0.0753805560866585,0.09323236559524828,0.23809523809523808,0.9365079365079365,229059599.4082012,19.24949279144704,0.09523809523809523,0.015873015873015872,0.015873015873015872,0.02516050926896658,-0.0289169531413509,-0.0037857973330130967,-0.07085830824189934,-0.025067549714199555,0.3333333333333333,-0.041668790935035095,-0.15575516972250358,0.05441394442927616,-0.049304582258079654,-0.025067549714199555,-0.030181726236692796,0.3537700847813471,0.016693791967389245,-0.0753805560866585,0.0753805560866585,0.024723231503137377,211996362.97905332,-0.022444393850023725,0.0315490057494572,-0.03100843171598877,0.0242370325438801,0.18965364955661523,0.08462387752617673,0.20618781839534628,1.0,3.0,1.0,1.0,0.0,63.0,126.0,0.47405303030303036,0.09450402553330428,0.1201789373015425,0.2773617264762136,0.2773617264762136,0.8922495274102079,0.2990784613801435,0.4979279774899724,0,0,0,0,0,0
recent_month_non_top10_control,2025-07-31,ABBV,183.3325042724609,-0.1497447919347652,0.05644302646058108,0.8076393096277174,0.8159470477906052,-0.04728986721711648,0.0930163059843312,0.04629968449588562,-0.12794109483677651,-0.1257882381291462,0.07070723255953681,-0.09350295796554242,0.1366503791187308,-0.03832419303029111,-0.06909540990189122,0.1627371501604973,-0.11190573495880984,0.11190573495880984,-0.009188218541323012,1.1820953465607862,0.23179020795886052,0.20371065662042387,-0.07948855363326057,0.0732532586211146,0.0023442441023278082,0.0018622710047588864,0.0518002933749554,-0.0816414103408909,-0.038276759826088615,-0.0816414103408909,0.04629968449588562,-0.06021840721003224,0.010620641327649505,-0.022795725406005607,-0.046079041209399874,-0.21244937496262084,-0.022795725406005607,-0.09108380173069963,0.28450593149888137,0.732080427378152,0.8796723521704896,0.5962576743899053,0.6395357124576762,0.012887205267947873,-0.11190573495880984,0.11190573495880984,0.12043120110128802,1283634217.13298,0.892188159181051,0.07936507936507936,0.0,0.023809523809523808,0.026241148507129036,1.016654576774635,0.06649445243314556,0.01429163371112585,0.01199382178751307,0.8523531585575211,-0.002632793476667783,0.07017905460122248,0.02440801367118861,0.017254764403255685,0.09156982366075339,0.25027200196807714,0.8322194343971691,0.011581292592336393,0.02780774640962158,-0.0393884292591401,0.0393884292591401,0.07446228277467126,0.9682539682539683,0.8412698412698413,1145243249.245683,20.858882897018656,0.031746031746031744,0.0,0.015873015873015872,0.02335130529166261,0.007361326855763739,0.028428120234875065,0.13017106116767815,0.0271121879394014,0.5,0.009529428210726684,-0.06021840721003224,0.1366503791187308,0.0028751553955213005,0.0271121879394014,-0.000990297568284615,0.20828122392332032,0.010804482986677487,-0.02229451357258505,0.02229451357258505,0.022558819426719445,1023040481.1552502,-0.00039662564779474607,0.023719128972030684,-0.003427017998496873,0.0242370325438801,0.18965364955661523,0.08462387752617673,0.20618781839534628,1.0,3.0,1.0,1.0,0.0,63.0,126.0,0.47897727272727275,0.1131097533316816,0.22494966449516474,0.16184457621254467,0.22494966449516474,0.8582230623818525,0.2990784613801435,0.4979279774899724,0,0,0,0,0,0
recent_month_non_top10_control,2025-07-31,ABNB,132.41000366210938,-0.2574202203841932,-0.05123240198884693,1.1593368375663644,1.1622878336088514,-0.017657020124418166,0.007609770733826959,0.009453423118653603,0.09895110288908149,-0.05597168971488098,-0.07051917457592782,0.15655924717031866,0.05870242475969767,-0.07517045440752312,0.07658664947573723,0.020687885651994396,-0.17971747513262581,0.17971747513262581,-0.00854743483431597,1.1767745042395474,-0.4854795466008335,-0.44121016943907043,-0.046518266596227376,0.07844873323888546,-0.13977098520335818,0.026918936674810823,0.17611856981932728,0.10840452600773509,0.02377989417672044,-0.046518266596227376,0.10840452600773509,0.020592659495444643,0.036676080908713216,0.08604007259439084,0.05807088203236255,-0.1036135769622244,0.08604007259439084,0.31095252898994463,0.4569545326031061,0.4710288344257708,0.6055272405747688,0.05744837556943727,0.05800776149449094,0.01821643220268425,-0.17971747513262581,0.17971747513262581,0.2528148415505669,697614705.6822944,0.9110939979960835,0.14285714285714285,0.023809523809523808,0.05555555555555555,0.030178287237267648,0.6123593434888607,-0.009568742391364626,0.02288615461829835,-0.018917718392436833,0.7355101710839026,0.025891444479772208,0.07396311413752259,0.0264341369155765,0.02203077166362366,-0.320123002811994,0.27669841719529203,0.7778821543662816,0.013100208715632899,0.045375344045346155,-0.0685846915365459,0.0685846915365459,0.08827160068048134,0.047619047619047616,0.9365079365079365,635592571.2609427,20.270068306373755,0.07936507936507936,0.015873015873015872,0.0,0.023145251376290473,-0.027395862423638895,0.03276447050837761,0.002457717020672827,0.0005289959661174404,0.8333333333333334,0.004002570255006055,-0.13977098520335818,0.05870242475969767,-0.02370803657776266,0.0005289959661174404,-0.039309847683458576,0.21523876087761395,0.009431474424297486,-0.0685846915365459,0.0685846915365459,0.0,461383868.61012775,-0.04449540911136318,0.023421838049970042,-0.03697613403496791,0.0242370325438801,0.18965364955661523,0.08462387752617673,0.20618781839534628,1.0,3.0,1.0,1.0,0.0,63.0,126.0,0.7231060606060606,-0.014198359873246358,-0.08299981262147615,-0.04433201861062863,-0.014198359873246358,0.14177693761814744,0.2990784613801435,0.4979279774899724,0,0,0,0,0,0
recent_month_non_top10_control,2025-07-31,ABT,123.33917999267578,0.007850065822256447,0.21403788421760273,1.0787380100258375,1.091173283546551,0.1291510479542548,0.13174674370086903,-0.004583715191583404,-0.03541928481518619,-0.07270332836800375,0.026777571191882954,-0.057320979290544694,0.0787930069265248,-0.08920759271776013,-0.025959692907078336,-0.018772704216402893,-0.09182986279290106,0.09182986279290106,-0.0060918000729178745,1.3109291541866113,-0.2100816638270372,-0.23420846193338385,-0.07728704355958715,0.036355649712833386,-0.03883766673550071,-0.030964407149832285,-0.018789931756038825,-0.040003000006769596,-0.04062458625264672,-0.07728704355958715,-0.004583715191583404,-0.009757622968507906,-0.006885178272819981,-0.03054340809866174,0.02164438147036485,-0.22019705765527697,-0.03054340809866174,-0.12315590041111545,0.24416914786194327,1.3724980360800336,1.0157141054232226,0.16920882828669326,0.08966075226062586,0.010204107147788183,-0.09182986279290106,0.09182986279290106,0.047133096291759324,877459422.1182324,0.9797016729150712,0.047619047619047616,0.0,0.015873015873015872,0.021045942325565413,0.7518943877655637,-0.06701586360229828,-0.021979392261039177,-0.04035821187427624,1.128272841285404,0.018191329268119505,0.05145779691616437,-0.05108214806987643,-0.039183827237654456,-0.2449090384924989,0.24800604759254427,1.351264129100726,0.009069843843844197,-0.05951407562441047,-0.08200725907756634,0.08200725907756634,0.047133096291759324,0.4126984126984127,0.15873015873015872,859648463.7643238,20.57203410174396,0.047619047619047616,0.0,0.015873015873015872,0.0190725130088955,-0.03312977352529156,-0.05788047330098256,-0.20301824772326268,-0.06803581541770742,0.5,0.0003329354238821858,-0.06803581541770742,0.0787930069265248,-0.09227284796158752,-0.06803581541770742,-0.019073362650737002,0.3351216759118525,0.01043411551042852,-0.057152230282288996,0.057152230282288996,0.047133096291759324,955792969.4121951,0.00076936292129548,0.026153207173261882,-0.007378316338193636,0.0242370325438801,0.18965364955661523,0.08462387752617673,0.20618781839534628,1.0,3.0,1.0,1.0,0.0,63.0,126.0,0.3715909090909091,0.051271740192089466,0.0614154260158144,-0.016010020342919207,0.0614154260158144,0.44045368620037806,0.2990784613801435,0.4979279774899724,0,0,0,0,0,0
recent_month_non_top10_control,2025-07-31,ACGL,86.05999755859375,-0.2612736929040017,-0.05508587450865543,0.8976587692406854,0.9154096649122521,-0.08173831609389703,-0.06811046041641211,-0.07531967507484916,-0.029899733476529633,0.0015923493454541582,-0.025679589529227775,-0.025268830530695063,-0.0017190935128340579,-0.15994355260102588,0.02437125501492632,-0.2712562857721282,-0.21205059252732894,0.21205059252732894,-0.005386342811868117,1.1154594951328163,-0.012387943813086721,-0.0627052177079418,-0.073727325729395,0.01774016590899571,0.03519531282076538,-0.060175652731721985,-0.04147983186132154,-0.10521940855137879,-0.08475546978520765,-0.10521940855137879,-0.073727325729395,-0.05718444564928982,-0.019757550410590463,-0.05094842005992284,0.04808117110364307,-0.24060206961653807,-0.05094842005992284,-0.20996275577895285,0.27766978693397826,0.9108530698795145,0.8738961569913279,0.46515524373003814,0.3848572484581989,0.012552319380490716,-0.11223441931919409,0.11223441931919409,0.012589713162945548,173812613.47593883,1.0511896263317602,0.07142857142857142,0.007936507936507936,0.007936507936507936,0.022825208903985587,1.1365577931968183,-0.04646078818958521,-0.0371716504635865,-0.04973910893666511,0.8620579666220848,-0.04198230035073236,0.04629398026336478,-0.09448656639760689,-0.03656399327485438,0.1037352581548534,0.24265455971420444,1.0422898219571337,0.011733501153630121,-0.033576778695669884,-0.106055878679705,0.106055878679705,0.005256359596238269,0.6507936507936508,0.015873015873015872,182710016.2115188,19.02341084858914,0.06349206349206349,0.0,0.0,0.02059228096633013,-0.03218916839559749,-0.042463375441134654,-0.21669261251965255,-0.05480511066350491,0.3333333333333333,-0.012069077708658782,-0.05718444564928982,0.04808117110364307,-0.07904214320738501,-0.05480511066350491,-0.024456625578577973,0.2529163778416048,0.01241924740344041,-0.050005507919444914,0.050005507919444914,0.005256359596238269,256692237.10145497,-0.016119845567518554,0.022650305484805622,-0.0066485352744311,0.0242370325438801,0.18965364955661523,0.08462387752617673,0.20618781839534628,1.0,3.0,1.0,1.0,0.0,63.0,126.0,0.27339015151515156,0.06356032275017065,0.05426453556613553,0.0029049501172688785,0.06356032275017065,0.45179584120982985,0.2990784613801435,0.4979279774899724,0,0,0,0,0,0
recent_month_non_top10_control,2025-07-31,ACN,261.7071228027344,-0.3834421299671319,-0.17725431157178562,0.8402013729977118,0.8598530799843257,-0.21433393061021733,-0.22990018430772885,-0.29921561942579544,0.16374249373598804,0.07329583253839056,-0.21903263270304607,0.11636126629208476,-0.09468764515200079,-0.38383949695197217,0.19654425301483414,-0.9997173965847769,-0.32261905937338686,0.32261905937338686,-0.05326208418656808,1.2024888244533043,0.6912195294034642,0.5175797094187076,-0.22591978688740488,0.08202081224113066,-0.1046198376074371,-0.11186215716956849,0.07564464958219552,-0.1354731256898074,-0.22020284400100257,-0.29921561942579544,-0.1354731256898074,-0.03655490090364011,-0.024315784605328572,-0.1026713664109613,0.059067481776387876,-0.29232501596757654,-0.1026713664109613,-0.39270082039072707,0.29930020268525126,0.7348151598167164,0.8735354260675082,0.5283409844427442,0.3726170913359721,0.013131517796836325,-0.32261905937338686,0.32261905937338686,0.0,1056511618.6278328,0.9320264681684267,0.07142857142857142,0.007936507936507936,0.031746031746031744,0.02136044227487436,1.1038598214765412,-0.09422400999160496,-0.06663243067797886,-0.10600078950226,0.6712937187339635,-0.056593748054850734,0.06258672658042637,-0.15271817043807479,-0.0706092377238956,0.2041846679393149,0.2614493300747525,0.8411967481670614,0.011966367258913554,-0.05803433335581076,-0.16946921921601998,0.16946921921601998,0.0,0.8253968253968254,0.0,984696792.4886068,20.707844327879435,0.047619047619047616,0.0,0.015873015873015872,0.016942474267586206,-0.07367174864132753,-0.06759466460382557,-0.46328674473728504,-0.10189080492633085,0.16666666666666666,-0.05587990914464528,-0.1046198376074371,0.059067481776387876,-0.12612783747021095,-0.10189080492633085,-0.0607783416990586,0.2199303262693385,0.012192310669625667,-0.11924717347534464,0.11924717347534464,0.0,992294520.4329717,-0.04599990993554248,0.018510983091449877,-0.032379601168327166,0.0242370325438801,0.18965364955661523,0.08462387752617673,0.20618781839534628,1.0,3.0,1.0,1.0,0.0,63.0,126.0,0.5178030303030303,-0.026694108028819885,-0.07675026140970131,-0.06364654259943214,-0.026694108028819885,0.11342155009451796,0.2990784613801435,0.4979279774899724,0,0,0,0,0,0
recent_month_non_top10_control,2025-07-31,ADBE,357.69000244140625,-0.5577875888814833,-0.351599770486137,0.8874777785861455,0.9140362768399988,-0.25181975299579173,-0.1956238006367873,-0.1823294263114048,0.11495530585111635,-0.002069505573354835,-0.14280489079318648,0.09669574353639498,0.002537399292692477,-0.26695330383758153,0.1362202790546133,-0.5313880583604897,-0.3901798484604895,0.3901798484604895,-0.041158268601192316,1.3204606361235955,0.3653305097564665,0.3023762842279154,-0.18439893188475964,0.0669748854491678,-0.12547883775456425,-0.06963351174123755,0.04231119638708125,-0.06737412046028846,-0.14470082621881764,-0.18439893188475964,-0.06737412046028846,-0.02229287883654929,-0.011590276624212192,-0.046109147256791494,0.10696566263908114,-0.23576279681340673,-0.046109147256791494,-0.1879684843324784,0.34311916393821906,0.6001052343096684,0.7149193896084508,-0.028500699601765156,-0.10180008595552281,0.013356361167432189,-0.2292990589925431,0.2292990589925431,0.052029418945312544,1470033346.6577196,0.9385013289902483,0.10317460317460317,0.007936507936507936,0.015873015873015872,0.023274330480477345,1.1010694099947138,-0.06938766508894334,-0.07097692874677675,-0.0793813144109553,0.576653787106461,-0.06796114506241846,0.08062275371668715,-0.13828325038640477,-0.07033812230754355,0.011157663612125557,0.24530254324567355,0.839402655785201,0.01052906200079792,-0.04021462579629198,-0.14973374377450255,0.14973374377450255,0.0,0.7936507936507936,0.0,1379628249.4982522,21.0450799161283,0.07936507936507936,0.0,0.015873015873015872,0.01839612452702232,-0.04380733258189862,-0.054049166930968284,-0.36642530397777556,-0.07544975721929081,0.3333333333333333,-0.030279926156841535,-0.12547883775456425,0.10696566263908114,-0.09968678976317091,-0.07544975721929081,-0.031846812191286045,0.2059076062712825,0.010176065251649824,-0.06422663358147229,0.06422663358147229,0.0,1254430088.5928202,-0.02883176138226695,0.016528675758483404,-0.024091451352963977,0.0242370325438801,0.18965364955661523,0.08462387752617673,0.20618781839534628,2.0,8.0,2.0,1.0,1.0,63.0,126.0,0.6090909090909091,-0.0027677324711841145,-0.013810848521592312,-0.04858957411218001,-0.0027677324711841145,0.18714555765595464,0.2990784613801435,0.4979279774899724,0,0,0,0,0,0
recent_month_non_top10_control,2025-07-31,ADI,221.6545867919922,-0.2186814469391436,-0.01249362854379732,0.8528979428015374,0.863272952424946,0.020098454019094047,0.06671615572118506,0.06958572642320959,0.049335104429534926,-0.08447520699389499,-0.07608628664241124,0.2337547041142498,0.08575200987888398,-0.015038151102967134,0.08808269104862898,0.14553668841368037,-0.08568046062048462,0.08568046062048462,0.016267011562382194,1.587133437939529,0.20935815554649628,0.40003574208817416,-0.014889480570685398,0.06766980194169556,-0.11958872132307286,0.04853829329015147,0.1113990013715942,0.11892083085274452,0.05787235890175624,-0.014889480570685398,0.11892083085274452,-0.033470366846244715,0.06992744548886254,0.15766841747183857,0.09778353277242857,-0.03198523208477666,0.15766841747183857,0.5583627225609334,0.4781318523987287,0.43830280225734103,0.5905825568679364,0.6386289010955288,0.5464466052072119,0.0179396487249902,-0.08568046062048462,0.08568046062048462,0.3709158892969533,858721184.9468534,0.9692004462167925,0.15873015873015872,0.031746031746031744,0.023809523809523808,0.029017887178857817,0.9897010397810466,-0.08568046062048462,0.0511110432962707,-0.02579145963966878,0.7445280346273907,0.11741154560355782,0.09786472596758372,0.05455072235249525,0.03268134769993458,-0.1794138890169502,0.28237633190964395,0.7421533148249627,0.012437874086245,-0.00925181883292614,-0.08568046062048462,0.08568046062048462,0.16471951479705238,0.30158730158730157,0.9841269841269841,832272955.6263031,20.5396710178495,0.09523809523809523,0.015873015873015872,0.0,0.02071499401212395,-0.05148698732805568,-0.03580330261794662,-0.2684386129265016,-0.05625574883165263,0.5,0.01527204187565003,-0.11958872132307286,0.11741154560355782,-0.08049278137553273,-0.05625574883165263,-0.05378902394277685,0.20956653075485615,0.00999878324247606,-0.08568046062048462,0.08568046062048462,0.0,785049744.8600405,-0.030664149524601947,0.022913855572542635,-0.019151453993770384,0.0242370325438801,0.18965364955661523,0.08462387752617673,0.20618781839534628,1.0,3.0,1.0,1.0,0.0,63.0,126.0,0.7820075757575758,0.11877308519583907,0.09812447788863743,0.046413914571136416,0.11877308519583907,0.6824196597353497,0.2990784613801435,0.4979279774899724,0,0,0,0,0,0
recent_month_non_top10_control,2025-07-31,ADM,52.52543640136719,-0.29749144974830344,-0.09130363135295716,1.0612886741108027,1.0776502951767528,0.011969098007903911,0.09558291421820919,0.08039923499993007,0.05970763469055451,0.07927300320622832,-0.05750211815632267,0.20381688003832887,-0.06835811067517827,-0.004224642526246658,0.06591552688207614,0.257158585854292,-0.10535133854610723,0.10535133854610723,0.03799099741149714,1.057522666629132,-0.0871556481714717,0.04640695580165355,0.1596722382061584,0.04129571067885363,0.0171609951977445,0.0935350020025758,0.02924195430895138,0.14010686969048458,0.1267261142988577,0.08039923499993007,0.1596722382061584,-0.0054155214588090805,0.05662026855660374,0.1463147618820062,0.021273864372953977,-0.04333888767460903,0.1463147618820062,0.5835646445367207,0.31264456807008917,0.7035821195037409,0.8019518343804639,-0.050609698008954984,-0.025426931753378512,0.014119391114583739,-0.036286039901114786,0.036286039901114786,0.3097997539683355,195383971.2501314,0.8948276007867515,0.10317460317460317,0.007936507936507936,0.015873015873015872,0.02566684788357848,0.8782266415022288,-0.010805997370321951,0.07949468525405501,0.039209111277167086,0.8745683945991045,0.09343268714228992,0.05232416337171135,0.12243620626268092,0.06942027153043395,-0.09044652839573775,0.2507258848728958,0.8773371284165501,0.012368200584555003,0.03237931531243432,-0.036286039901114786,0.036286039901114786,0.15325663341913032,0.09523809523809523,0.6031746031746031,174834970.2259427,18.97935306539717,0.047619047619047616,0.0,0.0,0.02262188790228632,-0.0010264176579967144,0.03404109741473471,0.12058490949360025,0.026525198543490003,0.6666666666666666,0.014103185520415173,-0.06835811067517827,0.09343268714228992,0.0022881659996099035,0.026525198543490003,-0.008727185062087917,0.21997112785408496,0.011746735612950662,-0.036286039901114786,0.036286039901114786,0.011953553945697415,157585404.53473046,-0.01376149171057306,0.021120054304822982,-0.010194020468955123,0.0242370325438801,0.18965364955661523,0.08462387752617673,0.20618781839534628,1.0,3.0,1.0,1.0,0.0,63.0,126.0,0.33522727272727276,0.16606428479505175,0.11207992198255412,0.12678597521952573,0.16606428479505175,0.7863894139886578,0.2990784613801435,0.4979279774899724,0,0,0,0,0,0
recent_month_non_top10_control,2025-07-31,ADP,301.131591796875,-0.003260484070045422,0.20292733432530086,1.0539041877835644,1.0613329733660786,0.08672423921439831,0.06823302910687867,0.031991864948778925,-0.013936525339582895,-0.03984819079124058,-0.002667235052089101,0.037419026248559195,0.040163730142287024,-0.0526320125773978,0.002759926247691169,0.14664589683249288,-0.04823470449544709,0.04823470449544709,-0.0011682309512177635,1.1222566952814208,-0.39245960502693,-0.3713464880774049,-0.007856325842461653,0.020221768198134808,-0.02545211880289766,0.017243018004248212,0.0033539053989147805,0.01805533960919603,0.014063626238504434,-0.007856325842461653,0.031991864948778925,-0.01613570687127619,0.00520774644090638,0.034751791196470094,0.08293404294676932,-0.15490185836014514,0.034751791196470094,0.217576518417399,0.218157245717702,0.6067442389133143,0.7321423505310064,-0.15911538142963633,-0.15611613469630625,0.009340712974092894,-0.04823470449544709,0.04823470449544709,0.12388501098260263,521029228.9392623,0.9127919391271335,0.031746031746031744,0.007936507936507936,0.007936507936507936,0.01832075601399043,0.738613765339283,0.003382668007773537,-0.029617244780373086,-0.0040874373175854295,0.8294247416355123,-0.047888292283781775,0.04790587844709026,-0.04449232348370047,-0.019648168250197218,-0.17351424694708273,0.15972215866512868,0.8287244119579429,0.0070486530962781705,-0.0015331461118388567,-0.04823470449544709,0.04823470449544709,0.04136872696095639,0.5873015873015873,0.9841269841269841,475591280.2253844,19.980069390454297,0.015873015873015872,0.0,0.0,0.015258753681445199,0.012660129676998366,0.014082699241783514,0.026946383278546183,0.0035667755921489075,0.5,0.00619807178720827,-0.047888292283781775,0.08293404294676932,-0.020670256951731192,0.0035667755921489075,0.013748611358070706,0.132365652016412,0.0069821487919546794,-0.004631210450591561,0.004631210450591561,0.03796361592228359,431416423.1035505,0.011193294537454657,0.015684270342606582,0.001877451584116896,0.0242370325438801,0.18965364955661523,0.08462387752617673,0.20618781839534628,1.0,3.0,1.0,1.0,0.0,63.0,126.0,0.3118371212121212,-0.017608953856506404,-0.04677070538779915,-0.15459767843461547,-0.017608953856506404,0.1342155009451796,0.2990784613801435,0.4979279774899724,0,0,0,0,0,0
recent_month_top_future_return,2025-07-31,BE,37.38999938964844,1.5552597070839227,1.761447525479269,1.2079827013690023,1.3202249431505462,2.894791448323271,0.683475953665768,0.5856657977364352,0.3161653151753061,-0.02904636904848301,-0.22307040907127884,1.2640092743820621,0.018659903964429958,0.5010419202102585,0.45527306757434793,0.7363794762625873,-0.006113757277153797,0.006113757277153797,0.04028991702790652,1.5515036471839263,0.9787149966892368,3.0384363401163617,0.5566194286879522,0.19147467413012548,-0.1815154257810323,0.7104847555527103,0.30256549952193224,0.9018311129117413,0.6813721131120429,0.5566194286879522,0.9018311129117413,-0.06815870615402253,0.21485408150750152,1.0409388653107832,0.008187752239572799,0.8512852157541679,1.0409388653107832,1.2156161597041482,0.7953315058547222,1.4061936604978402,1.076664943599188,0.6233254185905917,1.53746388865844,0.0367348722806521,-0.006113757277153797,0.006113757277153797,1.2910539270111894,160648301.16926527,1.1424358758647748,0.4603174603174603,0.1349206349206349,0.11904761904761904,0.06334797276566714,1.8124826765362856,-0.006113757277153797,0.2628724446397783,0.5598794923734731,1.3198503119548257,0.2950731437763998,0.27382682129667746,1.0243638754558098,0.29779603285600453,0.670845094555719,0.8563055508937317,1.306064313561719,0.036764200067241924,0.417753974527602,-0.006113757277153797,0.006113757277153797,1.2910539270111894,0.015873015873015872,0.9523809523809523,183530382.65249768,19.02789079024002,0.3968253968253968,0.15873015873015872,0.09523809523809523,0.0533675965947794,0.4167887486319719,0.5948644569969237,0.5035157669579942,0.5631270597989677,0.6666666666666666,0.1058956213073859,-0.1815154257810323,0.5631270597989677,0.5388900272550876,0.5631270597989677,0.3159932301743831,1.1183901215271113,0.045696131080199306,-0.006113757277153797,0.006113757277153797,0.6573581682080316,333749690.02376735,0.18656975480137694,0.05250067744290604,0.04511404192046986,0.0242370325438801,0.18965364955661523,0.08462387752617673,0.20618781839534628,1.0,3.0,1.0,0.0,1.0,63.0,126.0,0.7074810606060606,0.415886587079368,1.261834743924541,2.5346350847681043,2.5346350847681043,0.998109640831758,0.2990784613801435,0.4979279774899724,1,1,1,1,1,1
recent_month_top_future_return,2025-07-31,CIEN,92.83999633789062,0.554145768696598,0.7603335870919443,0.7717159732294196,0.8131408939885857,0.4618170176586671,0.09468221920121023,0.065411946157522,0.47091100385144813,0.10135940854853542,-0.22928615868125113,0.6116564873813597,-0.0868716978178391,-0.019211931368654733,0.31695838254258657,0.12023034201068791,-0.05438993634840772,0.05438993634840772,0.005360301901017106,0.9972073425659785,0.13875790684301315,0.5741851419924238,0.16677135470605742,0.24785724548639393,-0.24054291143717865,0.2650069163163207,0.2775966121162198,0.5363229500089701,0.25616875029084984,0.065411946157522,0.5363229500089701,0.11136858055513166,0.07114045846665618,0.38237032870010856,0.19207851687123045,0.19271667914349333,0.38237032870010856,0.9638620001578257,0.544055228186136,0.4817284994270267,0.729165878548933,0.08634593230566678,0.2400879147457482,0.02337099674406243,-0.0030069415854017123,0.0030069415854017123,0.7353270343530958,168657947.14665186,0.9959684757035353,0.21428571428571427,0.06349206349206349,0.05555555555555555,0.04104216232217718,0.8032639485123615,0.02933268466553063,0.05922139225801226,0.15076448335816095,0.7915976917659157,0.01586315652247494,0.16249192946113983,0.15963026691255555,0.10595748439495156,-0.027054912300814027,0.39670650843948413,0.6606569418548276,0.01618755679188379,0.13272477901699964,-0.0011834385579682083,0.0011834385579682083,0.29973394849843626,0.015873015873015872,0.9841269841269841,167977998.53493828,18.939343573642983,0.07936507936507936,0.047619047619047616,0.015873015873015872,0.02972754489323075,0.12280188023801175,0.12734236317897718,0.5399816553892909,0.14152212280463772,0.6666666666666666,0.02223629458307617,-0.24054291143717865,0.19207851687123045,0.11728509026075762,0.14152212280463772,0.09647927198540573,0.26208690867953593,0.014343046959059339,-0.0011834385579682083,0.0011834385579682083,0.1940835541850885,164387528.73208183,0.049324066568683156,0.02636641043289107,0.017960104561906443,0.0242370325438801,0.18965364955661523,0.08462387752617673,0.20618781839534628,1.0,3.0,1.0,1.0,0.0,63.0,126.0,0.6335227272727273,0.012171530885243254,0.569043557894813,1.0456700308101325,1.0456700308101325,0.9867674858223062,0.2990784613801435,0.4979279774899724,1,1,1,1,1,1
recent_month_top_future_return,2025-07-31,ECHO,32.59000015258789,0.4168201634977602,0.6230079818931065,1.0021449806640481,1.064069069109501,0.3004788845617934,0.4231441351735499,0.17823573146682548,0.09580649878296366,-0.13468784064754247,-0.1872740540040323,0.6370071863982962,0.1290672347982038,0.09361185394064875,0.27149740092743846,0.17518873461273674,-0.007007908116239192,0.007007908116239192,0.006511738135297707,1.8235037228335589,1.8937245313773432,3.1951283291597994,0.04354789081928301,0.11579244372068873,-0.18091577654008795,0.3327717098726797,0.2731714107520258,0.27404223024978913,0.16527528417863255,0.04354789081928301,0.27404223024978913,-0.12118844373399795,0.14720692095701948,0.44973313239426393,-0.21129893668705413,0.2600794828376487,0.44973313239426393,0.3392683066795554,1.0173926529055894,0.5544865678568129,1.302935735244134,0.2915499618056818,0.5195527903608406,0.03387643300925335,-0.007007908116239192,0.007007908116239192,1.0381488817437865,75230651.0845805,1.1965637172228676,0.3333333333333333,0.07142857142857142,0.10317460317460317,0.05455984613071423,0.8539235767339134,0.03152033636759388,0.36026338266934843,0.29799267024186826,0.8852061091016246,0.5623238284328564,0.29500763478214187,0.8381275236331582,0.3838945909939364,-0.37012222885831036,1.3255972442455242,0.4255670888886301,0.04459482960270513,0.15073927127957787,-0.007007908116239192,0.007007908116239192,1.0381488817437865,0.015873015873015872,0.5714285714285714,90018267.5108622,18.31552319115021,0.4126984126984127,0.1111111111111111,0.12698412698412698,0.06062317451153813,0.12144708353090428,0.14374630747986505,0.3129315828006661,0.17653426913225556,0.5,0.059087029233695965,-0.21129893668705413,0.5623238284328564,0.15229723658837546,0.17653426913225556,0.07382328391722259,0.5641305602723581,0.023350993139786107,-0.007007908116239192,0.007007908116239192,0.1589615640095532,80042930.13878778,0.09044065490311581,0.04184017898392938,0.055649132667934476,0.0242370325438801,0.18965364955661523,0.08462387752617673,0.20618781839534628,1.0,3.0,1.0,1.0,0.0,63.0,126.0,0.6248106060606061,0.895980381289466,1.3430500231000462,1.2973305429897888,1.3430500231000462,0.994328922495274,0.2990784613801435,0.4979279774899724,1,1,1,1,1,1
recent_month_top_future_return,2025-07-31,INTC,19.799999237060547,-0.5579899391544836,-0.3518021207591373,0.9537838362310072,0.9828617742831453,-0.07992570558160039,-0.012468828404636478,0.019042662175677183,-0.14718004503456694,-0.1846558261448079,0.034482762005694445,-0.04940819179253919,0.22130721407735177,-0.06558121535049954,-0.03396809196252193,0.02838825873244754,-0.3518021207591373,0.3518021207591373,-0.003410738603265684,1.0442053580361796,0.32750782241757737,0.3076941976225964,-0.16561316396913073,0.09760820829163684,-0.04298358522713841,-0.07929676482440873,0.09738973648278815,-0.12813738285888976,-0.09156929488411443,-0.16561316396913073,0.019042662175677183,-0.11492729230391929,0.03274684522988114,-0.014925429786844746,-0.02736324049606631,-0.20457907934345998,-0.014925429786844746,-0.033124528089379005,0.670793596576305,0.7150594937777522,0.6717199358108789,0.17590632717010113,0.039417177559323946,0.028646336653477152,-0.277108445480886,0.277108445480886,0.09211252915597656,2125255251.5827057,0.8154611729971759,0.31746031746031744,0.0873015873015873,0.07936507936507936,0.045009749012868756,1.045508411674059,-0.15511541313450394,0.06246526055400903,-0.08185413059435664,0.7709023483932909,0.14578007635248613,0.14056001109048358,0.012787724284207602,0.053853208012563325,-0.03564587067163738,0.45058543163458414,1.0645202794443718,0.020872905284101424,-0.009556315729099985,-0.1687657644528504,0.1687657644528504,0.012787724284207602,0.23809523809523808,0.6666666666666666,1733063140.3740413,21.273156281738622,0.2222222222222222,0.047619047619047616,0.031746031746031744,0.032604581775789516,-0.11205456540786485,-0.09508168384677396,-0.24198827040854895,-0.11607144757801224,0.3333333333333333,0.010956954137450273,-0.11607144757801224,0.22130721407735177,-0.14030848012189234,-0.11607144757801224,-0.11632788368817515,0.4796573295972104,0.020841528968441592,-0.1687657644528504,0.1687657644528504,0.0,1855377216.2492752,-0.09028259720820075,0.03993507913446661,-0.028745257638582156,0.0242370325438801,0.18965364955661523,0.08462387752617673,0.20618781839534628,1.0,3.0,1.0,1.0,0.0,63.0,126.0,0.9335227272727273,0.22979804645106938,0.694444471202984,1.0196971322915869,1.0196971322915869,0.9848771266540642,0.2990784613801435,0.4979279774899724,1,1,1,1,1,1
recent_month_top_future_return,2025-07-31,MU,108.96510314941406,-0.2077321721642832,-0.0015443537689369125,0.8266014437244211,0.7856038798287379,0.09911762141411296,0.29972631830689744,0.1988707227149662,0.05838244221082589,-0.03060231897563015,-0.15552182612997822,0.5751804506043756,0.02619459610281316,0.11424684518878947,0.2207879017594312,0.314238468842659,-0.14594069789574282,0.14594069789574282,0.04674496788653171,1.1180716847861167,0.47751942687557203,1.0975731971923746,0.16826840373933605,0.04520932648727334,-0.07077712243556633,0.1059604035672912,0.13254801494236934,0.2572531649257921,0.2081307637933648,0.16826840373933605,0.2572531649257921,-0.11439754371142075,0.14026582729667436,0.4196586244743974,0.22755035158788584,0.23000497491778216,0.4196586244743974,1.1079378064526384,0.6328656177819588,0.5833770715599523,0.5985070474259438,0.28178440944398386,0.13611050466204366,0.027870157761059246,-0.14594069789574282,0.14594069789574282,0.6879283411228041,2213326537.349689,1.0797533284176664,0.3333333333333333,0.07142857142857142,0.05555555555555555,0.0409495449605775,1.252379649753839,-0.10950884878040557,0.07521930358229034,-0.035062289587974416,0.8744300445668358,0.30478519297311424,0.1817308341809049,0.15649726517369467,-0.011590757398715623,0.15690623919601188,0.3787745323160761,0.9747204716618418,0.019015287460481273,-0.09701817550898584,-0.14594069789574282,0.14594069789574282,0.40468999306913567,0.4126984126984127,0.9841269841269841,2389846695.578475,21.594495057141522,0.2222222222222222,0.031746031746031744,0.0,0.030092544979742602,-0.08020073857008247,-0.1017028589705471,-0.30782643920269737,-0.11364930304085319,0.5,0.04328436191266216,-0.11439754371142075,0.30478519297311424,-0.1378863355847333,-0.11364930304085319,-0.059768179502044605,0.36919929079261926,0.018308866060730296,-0.12358475798191748,0.12358475798191748,0.0,2548422187.127504,-0.022699861297481028,0.03528235986153581,-0.022656096865253827,0.0242370325438801,0.18965364955661523,0.08462387752617673,0.20618781839534628,2.0,7.0,2.0,1.0,1.0,63.0,126.0,0.93125,0.0904343383973727,0.5330768755731756,1.0515864630520322,1.0515864630520322,0.9886578449905482,0.2990784613801435,0.4979279774899724,1,1,1,1,1,1
recent_month_top_future_return,2025-07-31,QBTS,17.190000534057617,15.983812715662271,16.190000534057617,1.4131383873066234,1.3533535985704908,15.216982511321508,1.0464287279414553,1.8939394559705511,-0.6320972520542751,0.2429219444357873,0.16329962640531503,1.324399492791556,-0.07744108311713105,1.8093155784443744,-0.40624033677368,1.2651576131969249,-0.15320191230969027,0.15320191230969027,0.2399584248741793,1.428506160782867,0.8645051614969572,3.6383278479940007,2.1368614004063384,0.4517035534819166,0.38686129163873884,0.38551939055349393,0.22873013967664768,1.261842203916276,1.7642143534310553,1.261842203916276,2.1368614004063384,-0.09078948235247619,0.2785856119303174,1.4876991191968711,1.3632417198709295,1.298045469640256,1.4876991191968711,0.9913419195388982,1.4969988215023726,0.64978825472432,1.0024672108920265,-0.013897973809368636,0.15786160924398995,0.059963260315396325,-0.15320191230969027,0.15320191230969027,2.712743004139935,767952561.4781762,1.4098047930076067,0.6190476190476191,0.23015873015873015,0.18253968253968253,0.10611577499045624,0.9287068269412486,0.07789054360591519,0.025983389312645766,0.026771345455091522,1.2192906448779193,-0.10349048305443953,0.5671363518451588,0.05266384656273693,0.09874365218703152,-0.21669971888364925,1.5006922333001342,0.6481890356754094,0.05700338799327939,0.23919481998321968,-0.15320191230969027,0.15320191230969027,1.4949203000240079,0.09523809523809523,0.9206349206349206,1082663201.9744017,20.802689771349463,0.6031746031746031,0.2222222222222222,0.12698412698412698,0.09337908617596347,0.03570857957645868,0.24288900975736993,0.17906298113918426,0.17418033681248568,0.5,0.2754270499663512,-0.10349048305443953,1.3632417198709295,0.14994330426860558,0.17418033681248568,-0.014758530250545188,0.9727322515483905,0.04735252513483511,-0.15320191230969027,0.15320191230969027,0.16070223139821604,803427169.2162787,-0.06611612090196706,0.09263275002620563,-0.03578638748366769,0.0242370325438801,0.18965364955661523,0.08462387752617673,0.20618781839534628,1.0,4.0,1.0,0.0,1.0,63.0,126.0,0.9550189393939393,-0.0913322047540358,0.43746354373381635,1.1559046086046387,1.1559046086046387,0.9905482041587902,0.2990784613801435,0.4979279774899724,1,1,1,1,1,1
recent_month_top_future_return,2025-07-31,RGTI,14.5,12.871482475551623,13.07767029394697,1.5514505584399565,1.6852177565654276,9.984848048349841,-0.04980342185339037,0.10098708549744528,0.7298209776743261,0.6129608973179297,-0.32649963294038853,0.9612234420812332,-0.3576309803236062,0.016363207971268556,0.5337367236433994,0.08241843731370824,-0.275,0.275,0.08835282471809247,0.8375744612335281,2.6939384215976547,5.038569087285838,0.713947982815375,0.39200680255050296,-0.06382978243712933,0.29538308195897867,0.20362899353667996,0.8308080631717714,0.5485810438281972,0.10098708549744528,0.8308080631717714,0.11994946971132814,0.17500247389302492,0.6347238091408447,0.3652761908591553,0.44507015958422946,0.6347238091408447,0.5074534106935473,1.2252972610128416,1.0706228759955292,1.0208152536320243,0.053201177674093714,0.2876406001982019,0.05445555618316289,-0.15501164749796092,0.15501164749796092,0.9333333333333333,649261266.1080655,1.0598455317093722,0.5952380952380952,0.18253968253968253,0.20634920634920634,0.09664354938360903,1.1669933049393542,0.009188492925377711,0.13837303592266315,0.11107706082543345,1.2316430936256204,-0.02064409637387188,0.25218908576261406,0.19735758968456696,0.2789329152159501,-0.004691609989205925,1.2508021342754485,1.0487920044163637,0.05274548044530091,0.37526633285807653,-0.15501164749796092,0.15501164749796092,0.5864332008032149,0.14285714285714285,0.9841269841269841,688116651.7966028,20.349468935008485,0.5396825396825397,0.1746031746031746,0.19047619047619047,0.08431633769935946,0.06711804942841781,0.3133191785495908,0.1696841688336624,0.22259699997853022,0.5,0.04428630023573438,-0.3576309803236062,0.3652761908591553,0.19835996743465012,0.22259699997853022,-0.011588270894096642,1.3118312775350132,0.04995627293441064,-0.15501164749796092,0.15501164749796092,0.1904761606482357,699300336.2026533,-0.0639726225841345,0.09186698650491647,-0.022252186473618485,0.0242370325438801,0.18965364955661523,0.08462387752617673,0.20618781839534628,1.0,4.0,1.0,0.0,1.0,63.0,126.0,0.9148674242424242,0.11931031325767782,1.0544828217605065,2.0531034798457704,2.0531034798457704,0.996219281663516,0.2990784613801435,0.4979279774899724,1,1,1,1,1,1
recent_month_top_future_return,2025-07-31,SNDK,42.91999816894531,,,1.0372120726437877,1.0244226647005505,,,,,,,,,,,,,,,0.9216294540822894,-0.20365186684466652,0.06444284544333789,-0.08388474777318555,0.010340742931958132,0.01622203118427601,0.02778634847228134,0.3355972881353385,-0.09850876667257447,-0.09119675722288001,-0.09850876667257447,-0.08388474777318555,-0.32556185257913917,0.0884140082524385,0.3366551651546479,0.17377757428502028,0.14700151559803265,0.3366551651546479,0.7251739369632142,0.8602937449643814,0.4756160762506622,0.5396303033485744,-0.3906280893692744,-0.42328021679201744,0.03348654184673749,-0.23927685994556924,0.23927685994556924,0.44902082892905604,147398406.7526176,0.7596695675259881,0.3793103448275862,0.08620689655172414,0.04310344827586207,0.06629869048499643,0.49240437231223955,-0.0379096844868797,0.0634416096950916,0.006779063618462811,0.706480888045001,0.20323693623018224,0.21247883581135096,0.1387635906818554,-0.0036233915954702045,-0.4657241366026542,0.46424057456401024,0.8813739208108144,0.022252968385128444,-0.0860414499067681,-0.09527825861316275,0.09527825861316275,0.3169683328625925,0.38095238095238093,0.9841269841269841,111974083.9117807,18.533778017769553,0.2857142857142857,0.06349206349206349,0.015873015873015872,0.04680048775572565,-0.035361143389031846,-0.079862162818511,-0.13095610829096624,-0.053583249987592674,0.6,0.0028182878265493373,-0.32556185257913917,0.20323693623018224,-0.07782028253147277,-0.053583249987592674,-0.012141132832464652,0.409169535402947,0.019110117373327965,-0.08583604959545121,0.08583604959545121,0.037717541962591694,87530944.38612802,0.012670135899367052,0.043053527909481304,0.0046345866950192605,0.0242370325438801,0.18965364955661523,0.08462387752617673,0.20618781839534628,1.0,3.0,1.0,1.0,0.0,63.0,116.0,0.6429924242424242,0.22250707034437145,1.6141659304502092,3.6442220488089294,3.6442220488089294,1.0,0.2990784613801435,0.4979279774899724,1,1,1,1,1,1
recent_month_top_future_return,2025-07-31,UUUU,9.09000015258789,0.39135173541413426,0.5975395538094805,1.5757420690291408,1.6568209076682687,0.5099668075395718,0.7719298147771181,0.7118644539626291,0.7251328935188335,0.4944463239694392,-0.14877588895782523,1.159837878105138,-0.22410547458453434,0.6272405764364524,0.2991975351846836,0.9379548149793469,-0.09462149530624109,0.09462149530624109,0.15880205851296703,1.457004606883638,1.3383864758806943,3.702640157579803,1.2063107779320683,0.3704751844861666,-0.0946601643977164,0.6840506409913332,0.08949402598436607,1.4369973474814626,1.1183908597920533,0.7118644539626291,1.4369973474814626,0.21179623533869574,0.29509885028476135,1.0110619891473127,0.0818583821062846,0.8214083395906975,1.0110619891473127,1.241177859254481,0.7589538883899262,1.22625853188839,1.0733179023905934,0.7394310702671505,1.749813685938177,0.033765707054226976,-0.09462149530624109,0.09462149530624109,1.6424418608680682,58449429.627782576,1.343786400614668,0.3968253968253968,0.14285714285714285,0.0873015873015873,0.06426021612585346,1.4076694381154549,-0.06919775073965895,0.37322981461234717,0.3904610633845875,1.8311134433252885,0.17586915275980974,0.2792377139642563,0.8588957874800112,0.4598878073621695,0.4117779532713368,0.8145987954978601,1.1424933182956822,0.03481964786252709,0.6727753049138334,-0.09462149530624109,0.09462149530624109,1.0896552533041253,0.047619047619047616,0.7936507936507936,78543548.65749829,18.179163801630136,0.4126984126984127,0.15873015873015872,0.09523809523809523,0.06543272943382579,0.23343436785666283,0.6708683321395152,0.6241388401171097,0.5808695917544158,0.6666666666666666,0.12193795382949252,-0.22410547458453434,0.5808695917544158,0.5566325592105357,0.5808695917544158,0.10880704768346283,0.930673680948016,0.04502220876830541,-0.09462149530624109,0.09462149530624109,0.6261180508876507,122505967.19889641,-0.042452310683164685,0.07606473171851479,-0.04756914273652613,0.0242370325438801,0.18965364955661523,0.08462387752617673,0.20618781839534628,1.0,3.0,1.0,0.0,1.0,63.0,126.0,0.6288825757575758,0.2717271975320714,0.6886688805059742,1.2563256198673125,1.2563256198673125,0.9924385633270322,0.2990784613801435,0.4979279774899724,1,1,1,1,1,1
recent_month_top_future_return,2025-07-31,WDC,78.47733306884766,0.34938054121137063,0.5555683596067169,,,0.5970122454340747,0.7491336533276742,0.6014257513790568,0.3485278987008471,0.009786717926640431,-0.10906216500513499,0.9065228726742472,-0.006074132439440216,0.5168018738528801,0.1960349562900554,1.1008621809275658,0.0,-0.0,0.08319357797900606,1.3366745413253613,0.5096630202439332,1.7135599607095493,0.6112124693056973,0.1984578307739066,-0.17371755516359366,0.5357939631558517,0.1944080897356686,0.949953650079904,0.7208639569215527,0.6014257513790568,0.949953650079904,0.08483798380691132,0.19768244159457193,0.7974607076691123,0.17533050432511832,0.607807058112497,0.7974607076691123,2.5294598011775347,0.5463224750552397,0.7476983447605219,0.577075245049791,2.953098248386672,3.861217884700954,0.021861064332078316,0.0,-0.0,1.5814220936079058,399258570.3124496,1.0015980383284133,0.21428571428571427,0.07142857142857142,0.03968253968253968,0.036754475112070875,2.0327724061645083,0.0,0.17856744462417118,0.28654823185887324,1.2122553332466814,0.2436320871309594,0.16073529732749897,0.5293236251884952,0.15948024033448704,0.921533533031563,0.31526917616871075,1.2956687211491966,0.015036624081783693,0.1362133120664324,0.0,-0.0,0.7937799690131098,0.0,0.9841269841269841,399896600.8107564,19.806716576183433,0.12698412698412698,0.047619047619047616,0.0,0.026996733726950658,0.19002502159239598,0.1303992217371499,0.5623801352707509,0.22972351792291068,0.6666666666666666,0.09228873426381097,-0.17371755516359366,0.2436320871309594,0.20548648537903058,0.22972351792291068,0.1573336367445839,0.40848441030427424,0.01772867862352958,0.0,-0.0,0.22914741676559358,510699445.93226117,0.1230519687466447,0.028910912599343235,0.09736714185974238,0.0242370325438801,0.18965364955661523,0.08462387752617673,0.20618781839534628,1.0,3.0,1.0,1.0,0.0,63.0,126.0,0.7673295454545456,0.02096813190434821,0.5275098697952136,0.9111050058325825,0.9111050058325825,0.9829867674858223,0.2990784613801435,0.4979279774899724,1,1,1,1,1,0
recent_month_non_top10_control,2025-08-31,A,124.65966796875,-0.3184029301674043,-0.11400318558614986,1.0432364031225152,1.0613565617795526,-0.08367461274838861,-0.16715843866061864,-0.013507063980915168,0.18381036502513814,0.09225688242201757,-0.12321936380188481,0.24835020644537953,-0.08552203749645837,-0.13890257391390293,0.1386379066244099,-0.03747122080181989,-0.17305261828166285,0.17305261828166285,0.001371164879991893,0.9704528305086183,-0.6252945136317738,-0.578407300379377,0.0787498184411024,0.09190540682468433,-0.0782305599936618,0.10251485641756863,0.11477679715723332,0.17030330104422298,0.0785153518348034,-0.013507063980915168,0.17030330104422298,0.04014862688733656,0.01420967987613242,0.12513084264349472,0.05441394442927616,0.0250930891111385,0.12513084264349472,0.42191217365266326,0.36046500999666287,0.8341414414444005,0.8227714211544033,-0.23864073519982898,-0.16668921979913598,0.016500178725213775,-0.004008071857944606,0.004008071857944606,0.26825085941940685,228449408.02700707,0.8751950247400088,0.11904761904761904,0.023809523809523808,0.031746031746031744,0.027635087147653753,0.76649764396216,0.0753805560866585,-0.002428736306286705,0.06322724261033219,0.8493374811873393,-0.025067549714199555,0.07425121113022617,0.06706749146085667,-0.0014275711196669594,-0.0663102164910625,0.2965803085513905,1.0138191726130257,0.014311526068959817,0.02422389096792177,0.0,-0.0,0.13394529794237475,0.0,0.9841269841269841,199937785.3100368,19.11351680767067,0.07936507936507936,0.015873015873015872,0.015873015873015872,0.02332228252373124,0.06544198153673797,0.024205814834372008,0.31430225403759227,0.09450402553330428,0.5,4.1074940932879965e-05,-0.08552203749645837,0.09450402553330428,0.08496431569192575,0.09450402553330428,0.06298749491801181,0.3006788030288866,0.014291912440777004,0.0,-0.0,0.10977653743220639,165746840.53388324,0.04463345909913796,0.022265289634369047,0.03550004972993426,0.00953970984137853,0.10003775353235622,0.12539550993298776,0.20439974458125443,1.0,3.0,1.0,1.0,0.0,63.0,126.0,0.4943181818181819,0.02345803319976647,0.1670690072188732,0.22400307184012713,0.22400307184012713,0.8563327032136105,0.2851269029191882,0.49711230712838966,0,0,0,0,0,0
recent_month_non_top10_control,2025-08-31,AAPL,231.485107421875,-0.1859700612780386,0.018429683303215816,1.1229974647100713,1.125715789878546,-0.018396022443860405,-0.012864071494667617,-0.03775954238515178,0.13285696533510616,0.0853813325146573,-0.1684030911734814,0.3255026996516842,-0.08150014949966111,-0.16315505231813954,0.1948591508633546,-0.09531349400968481,-0.10059412951613189,0.10059412951613189,0.010394360320242324,1.1382572010888163,-0.44339938350661323,-0.3559576445767759,0.047621790129505515,0.06732369678369095,-0.04335288516391511,0.11387453425215877,0.15366774025831942,0.09509742294995438,0.034986556898102705,-0.03775954238515178,0.09509742294995438,-0.05358413836972298,0.0499556587855039,0.1570996084782028,0.021508528939144567,0.05706185494584659,0.1570996084782028,0.7352972281732295,0.3961615590476101,0.7318488443049699,0.5393116995443947,-0.5115343055128726,-0.4530947976212375,0.015154247637457869,-0.02661057892662344,0.02661057892662344,0.3496590757243161,12072559578.47726,0.9434778963503885,0.14285714285714285,0.023809523809523808,0.015873015873015872,0.02545893261410642,0.5906332433728995,0.02675618004898417,0.06005738569296604,0.07780902327716999,0.7007455687408509,0.011697701048496878,0.07238338535187969,0.1327361208426443,0.06887576296061426,-0.44227032452072723,0.21365456370412367,1.3570053179325214,0.009592032747775736,0.08134214516049831,-0.00510008410075935,0.00510008410075935,0.1879137710960761,0.19047619047619047,0.8095238095238095,11390193114.666458,23.156018569105182,0.047619047619047616,0.015873015873015872,0.0,0.019035965161083808,0.0512646019212919,0.09201096441180145,0.4126470631752,0.11963891948030181,0.5,-0.004265337260892658,-0.08150014949966111,0.11963891948030181,0.11009920963892328,0.11963891948030181,0.028533860454003523,0.2899303791470485,0.012834257634597319,-0.00510008410075935,0.00510008410075935,0.14835188209374084,12874778412.898327,0.01292445818007848,0.01634789662854728,0.007849537775012072,0.00953970984137853,0.10003775353235622,0.12539550993298776,0.20439974458125443,2.0,8.0,2.0,1.0,1.0,63.0,126.0,0.784185606060606,0.0968812192629327,0.1646851596191794,0.20237923226280707,0.20237923226280707,0.8374291115311909,0.2851269029191882,0.49711230712838966,0,0,0,0,0,0
recent_month_non_top10_control,2025-08-31,ABBV,204.06919860839844,-0.09429511125111967,0.11010463333013476,0.7988532647813221,0.8187601110480883,0.18186310642281334,0.16464638372023144,0.02463026900427079,0.06310534004371537,-0.00239636579878888,-0.10142108019256235,0.2416996316010971,0.0023442441023278082,-0.10076524092871697,0.11564828240426395,0.08911950178228538,-0.011453611704719702,0.011453611704719702,0.000588714874875107,0.8728015962249982,-0.6326384701524679,-0.5811055269022329,0.02223390320548191,0.037144986156394666,-0.06021840721003224,0.11452652700553445,0.13211619334355684,0.08773560904798616,0.04486659375257962,0.02223390320548191,0.08773560904798616,-0.046079041209399874,0.041210071905972034,0.14027855140853474,-0.002632793476667783,0.04024079787617851,0.14027855140853474,0.7449506443079488,0.27637350424648177,0.595798056175505,0.6813454612052824,-0.5878680698499212,-0.541251928890536,0.012508608941697011,-0.011453611704719702,0.011453611704719702,0.24716289788297452,1243959240.1513479,0.8177497044388736,0.07142857142857142,0.0,0.023809523809523808,0.02549293017722676,0.4902085496545885,0.03843874766729061,0.06237484572781549,0.08187600536850281,0.6906829189796498,0.0271121879394014,0.06180984701314194,0.143288594161191,0.0790726470791776,-0.393506579695855,0.1883058327157392,0.8744434212881578,0.009116377984262578,0.10225018851012302,-0.0009496815918494939,0.0009496815918494939,0.164046175467927,0.07936507936507936,0.6984126984126984,1017247300.9677706,20.740366092562162,0.015873015873015872,0.0,0.0,0.020129733860172066,0.0554690018889783,0.09905622136627867,0.6869174802164499,0.1131097533316816,0.5,0.005605990579551819,-0.06021840721003224,0.1131097533316816,0.10357004349030308,0.1131097533316816,0.03052138932415116,0.1646627966084665,0.008444758276406313,-0.0009496815918494939,0.0009496815918494939,0.07775838411176017,907053761.5785145,0.009451644511541124,0.015555393941001331,0.009316070103952079,0.00953970984137853,0.10003775353235622,0.12539550993298776,0.20439974458125443,1.0,3.0,1.0,1.0,0.0,63.0,126.0,0.45994318181818183,0.10047518749048034,0.043782585441366706,0.09002616219273385,0.10047518749048034,0.6767485822306238,0.2851269029191882,0.49711230712838966,0,0,0,0,0,0
recent_month_non_top10_control,2025-08-31,ABNB,130.52999877929688,-0.09170686677175643,0.112692877809498,0.9737063025769555,0.9869097296303718,-0.040996266299555884,-0.004879159858065418,-0.06005614337966092,0.13067622818658986,0.15272314304200307,-0.07107363335656891,0.08293408901003296,-0.13977098520335818,-0.18545165331264868,0.07191659903312497,-0.14471991232652384,-0.19136414161842796,0.19136414161842796,0.005389365222217668,0.7930318807382194,-0.5650482594192139,-0.5598895335886585,0.09266699966234215,0.08254968351276265,0.020592659495444643,0.006911756847056694,0.013435525204808951,0.07062008480692894,0.03441031369653672,-0.06005614337966092,0.09266699966234215,0.05807088203236255,-0.02115686886145085,0.011860455653464053,0.025891444479772208,-0.08817729787889217,0.011860455653464053,0.039773496899141246,0.41498189443453665,0.9344372808790864,0.7185854992544125,0.07297820198632787,0.05774367133837721,0.01727456977994085,-0.08451397739520339,0.08451397739520339,0.23502692557568783,672823682.542595,0.9062002612199566,0.12698412698412698,0.015873015873015872,0.05555555555555555,0.02887787221397755,0.6953793512757427,-0.013224569741014824,-0.04514971162622694,-0.01194329148217843,0.6980587825420322,0.0005289959661174404,0.06900167675153542,-0.013676874782227344,-0.08387628493061527,0.06634876685638114,0.29819997179378344,1.3003842713896072,0.013407857929662795,-0.07727167375745148,-0.08180926127756072,0.08180926127756072,0.10338119536808721,0.38095238095238093,0.2222222222222222,609712996.8750727,20.22849890912723,0.06349206349206349,0.0,0.015873015873015872,0.022217793092814877,0.004130978113635386,-0.06049717989736503,-0.03661498610878513,-0.014198359873246358,0.6666666666666666,-0.008147560517151283,-0.13977098520335818,0.05807088203236255,-0.023738069714624888,-0.014198359873246358,0.03375768166370441,0.3877745530494605,0.016297799532697277,-0.0032835057462224926,0.0032835057462224926,0.10338119536808721,715363583.628264,0.020818334126943228,0.020125086467474143,0.010481806159799323,0.00953970984137853,0.10003775353235622,0.12539550993298776,0.20439974458125443,1.0,3.0,1.0,1.0,0.0,63.0,126.0,0.6613636363636364,-0.06979239022100159,-0.030567669509565465,-0.10373095106222363,-0.030567669509565465,0.19281663516068054,0.2851269029191882,0.49711230712838966,0,0,0,0,0,0
recent_month_non_top10_control,2025-08-31,ABT,129.66299438476562,-0.010707706836982078,0.19369203774427235,0.9717973975150509,0.9800406887873198,0.13307447473795242,0.0464530099460887,-0.029977944585099392,0.04914026299391172,0.03919566134716801,-0.02761555748625577,0.025186078984176352,-0.03883766673550071,-0.15537345451808715,0.027548466083019973,-0.12388623148152844,-0.04526639946780442,0.04526639946780442,0.005365528793467744,0.8285043127269252,-0.688785401213756,-0.6895414903910404,0.009217716762068617,0.025980635152183084,-0.009757622968507906,0.013282935238716265,0.008001072032479573,0.01916231840881233,-0.0005326364714061486,-0.029977944585099392,0.01916231840881233,0.02164438147036485,-0.005439038207708524,-0.0024294785020794185,0.018191329268119505,-0.10246723203443564,-0.0024294785020794185,-0.010060290283230498,0.24197963104212378,0.6884172984468737,0.9979843664143669,-0.34092464225150987,-0.3071327017420208,0.01007767821324868,-0.04526639946780442,0.04526639946780442,0.10082143235136876,866218536.1970387,0.9288343442218722,0.047619047619047616,0.0,0.015873015873015872,0.020835755289778327,0.5390156914348975,0.04706708531079917,-0.00578923122793451,0.014361443210023861,0.7496344551952431,-0.06803581541770742,0.0437082752833568,-0.020252389877471466,0.021503733362045807,-0.21362480033130204,0.24149188877075617,0.6898076980106121,0.008884176404769144,0.04486369124038814,-0.03494017376676717,0.03494017376676717,0.10082143235136876,0.746031746031746,0.49206349206349204,804573526.0214064,20.505822914902147,0.031746031746031744,0.0,0.015873015873015872,0.018310233160171902,0.022362035749602827,0.03667165694086938,0.30778501593150526,0.051271740192089466,0.5,-0.00425394236519037,-0.06803581541770742,0.051271740192089466,0.041732030350710936,0.051271740192089466,0.009512172464517743,0.16658296388119012,0.00828456943342584,-0.012064365605269134,0.012064365605269134,0.042187108015198094,685501037.8425235,0.0069069855803332025,0.015372290612026067,0.006601384101571961,0.00953970984137853,0.10003775353235622,0.12539550993298776,0.20439974458125443,1.0,3.0,1.0,1.0,0.0,63.0,126.0,0.37310606060606066,0.009648966519228752,-0.064000351158222,-0.024022446824359833,0.009648966519228752,0.3516068052930057,0.2851269029191882,0.49711230712838966,0,0,0,0,0,0
recent_month_non_top10_control,2025-08-31,ACGL,91.52999877929688,-0.35325171474053807,-0.14885197015928364,0.9152327093798381,0.9256679165193957,-0.09124307317340696,-0.016546695181873794,-0.014853135598091649,0.02422674026571947,-0.033493729770224134,0.022925381223363628,-0.05985722152658712,0.03519531282076538,-0.1402486455310794,-0.022078704705131846,-0.05382190653864219,-0.1619682738775602,0.1619682738775602,-0.005711460837233284,0.961173418754622,-0.46060668806294647,-0.4805274757200325,-0.04834686536831578,0.028983954006178703,-0.05718444564928982,0.005301626981228491,-0.029636734136957332,0.009373604667627822,-0.017942132099593205,-0.04834686536831578,0.009373604667627822,0.04808117110364307,-0.01087621600335753,-0.036931840303223495,-0.04198230035073236,-0.13696959383557972,-0.036931840303223495,-0.1625834913070189,0.27596821728021903,0.7303024097321237,0.8231243238072771,-0.4414465925740628,-0.4059447577248626,0.012458323123779038,-0.055807752484629325,0.055807752484629325,0.07695024214508517,174034010.4928153,1.123399615194804,0.07142857142857142,0.007936507936507936,0.007936507936507936,0.022358777457069948,0.6815704173147085,0.05681937687173577,0.007605885751247987,0.02177280169376239,0.7648579947246175,-0.05480511066350491,0.055889378930334216,0.005271781564534672,0.02791962736953435,-0.2522962112514351,0.22715615224108002,0.8872322061316142,0.011116639116764263,0.05087456786135314,-0.049236501807969235,0.049236501807969235,0.06915077825883698,0.9841269841269841,0.3492063492063492,195509740.41843718,19.09112076437561,0.047619047619047616,0.0,0.0,0.01917320455273808,0.021555367012220383,0.05549654478322319,0.3153728422016992,0.06356032275017065,0.5,-0.0011891749981579973,-0.05718444564928982,0.06356032275017065,0.05402061290879212,0.06356032275017065,0.009368046421631693,0.20154025408922224,0.010624359621581533,-0.021488156046156504,0.021488156046156504,0.04272043805136683,174973313.5494414,-0.004242821552651321,0.017113833268595068,0.0009404669769539353,0.00953970984137853,0.10003775353235622,0.12539550993298776,0.20439974458125443,1.0,3.0,1.0,1.0,0.0,63.0,126.0,0.28806818181818183,-0.008740253829701006,-0.05703049590648346,0.026111651060013452,0.026111651060013452,0.4215500945179584,0.2851269029191882,0.49711230712838966,0,0,0,0,0,0
recent_month_non_top10_control,2025-08-31,ACN,254.72108459472656,-0.4301494756896167,-0.22574973110836227,0.8552012223130316,0.8566201148094724,-0.2723414533188593,-0.3179224333857529,-0.2465831677192044,0.11995841382586403,0.0880322682527428,-0.08639582945757007,-0.08893977366968697,-0.1046198376074371,-0.37197867765219217,0.07124756459194737,-0.8045425906651306,-0.34070113937913726,0.34070113937913726,-0.04087380496448345,1.059593302970043,-0.30077005507513643,-0.4233699591931761,-0.15855089946646161,0.06212753022680611,-0.03655490090364011,-0.09873195020242032,-0.10010505479383602,-0.12662475389334038,-0.1772529403596688,-0.2465831677192044,-0.12662475389334038,0.059067481776387876,-0.08903548029978248,-0.17533560312725704,-0.056593748054850734,-0.27537335665961327,-0.17533560312725704,-0.6164412412818863,0.306488644082036,1.0094416729532116,0.928034320371592,-0.41473894995932503,-0.43036197165417134,0.013562682322565172,-0.2460639821715329,0.2460639821715329,0.09290790319790809,1075579409.2868986,0.9903329453907762,0.0873015873015873,0.007936507936507936,0.023809523809523808,0.02165080895041621,0.7289054381711119,-0.016402093115414407,-0.10056565351697988,-0.04482042914099471,0.8104468748841527,-0.10189080492633085,0.06026730813843871,-0.1258650288013038,-0.1195649516211178,-0.21601609433066027,0.284431980512283,1.0877201961119538,0.01315202038244401,-0.08636005051263318,-0.1858713123314344,0.1858713123314344,0.09290790319790809,0.8888888888888888,0.20634920634920634,1065181724.4007655,20.786411255730567,0.07936507936507936,0.0,0.015873015873015872,0.019743732428427696,0.0024086232332656277,-0.06916438384913837,-0.08628191907005808,-0.026694108028819885,0.16666666666666666,-0.04454765295744847,-0.1046198376074371,0.059067481776387876,-0.036233817870198415,-0.026694108028819885,0.038293484084311435,0.3093824096233319,0.013605163302336546,0.0,-0.0,0.09290790319790809,1130799571.5896606,0.01630178181433828,0.020601285370981118,0.01176901596095914,0.00953970984137853,0.10003775353235622,0.12539550993298776,0.20439974458125443,1.0,3.0,1.0,1.0,0.0,63.0,126.0,0.5483901515151515,-0.05142900479057577,-0.03796590041777581,-0.038350543427310035,-0.03796590041777581,0.14933837429111532,0.2851269029191882,0.49711230712838966,0,0,0,0,0,0
recent_month_non_top10_control,2025-08-31,ADBE,356.70001220703125,-0.583414683590192,-0.37901493900893757,0.8357742456749888,0.8525723713519012,-0.3086271058655291,-0.18459251970893453,-0.18665629744451462,0.13790703550062033,0.11670091805395744,-0.05351605561692252,-0.08715219619835102,-0.12547883775456425,-0.3120518073775024,0.04598804562924108,-0.530734235211241,-0.39186766749548774,0.39186766749548774,-0.02271853804711388,1.1449380847016808,-0.37624370760759107,-0.4639864148172078,-0.06995537939055718,0.07425985246906916,-0.02229287883654929,-0.05064045636851022,-0.06432761176647628,-0.048749261943894284,-0.1017869795929887,-0.18665629744451462,-0.048749261943894284,0.10696566263908114,-0.06347324989929826,-0.14066825181527354,-0.06796114506241846,-0.24070600534762976,-0.14066825181527354,-0.521280159088681,0.3516944735442256,0.823584646752995,0.7672896695306376,-0.41519133190046753,-0.4168099258405965,0.014222692335997378,-0.20951152396364403,0.20951152396364403,0.06908442599192188,1455281956.531561,0.9867296402203486,0.10317460317460317,0.007936507936507936,0.015873015873015872,0.023617372195013718,0.6797822746121552,0.005293565128242417,-0.04952274324287487,-0.01970695523577537,0.8769159014106557,-0.07544975721929081,0.08021894451919999,-0.07800866494747616,-0.05246362706748875,-0.32887208740538576,0.26985153638150045,1.0733686109143028,0.012551576168053441,-0.03006715037157992,-0.14444017864626013,0.14444017864626013,0.06908442599192188,0.9206349206349206,0.2222222222222222,1435969841.387552,21.085106306229044,0.06349206349206349,0.0,0.015873015873015872,0.021094494984490602,0.003228825460932949,-0.025903089087964237,-0.009555431930329424,-0.0027677324711841145,0.16666666666666666,-0.0311641147841543,-0.12547883775456425,0.10696566263908114,-0.012307442312562644,-0.0027677324711841145,0.018930382382800204,0.2896501687589016,0.014728749850543996,-0.017923458608522402,0.017923458608522402,0.06908442599192188,1260605555.2746,-0.0014975726208761309,0.021644850349228185,-0.0009130673078139306,0.00953970984137853,0.10003775353235622,0.12539550993298776,0.20439974458125443,2.0,8.0,2.0,1.0,1.0,63.0,126.0,0.6205492424242424,-0.011073765270124603,-0.045949016225221406,-0.10252314570427667,-0.011073765270124603,0.2741020793950851,0.2851269029191882,0.49711230712838966,0,0,0,0,0,0
recent_month_non_top10_control,2025-08-31,ADI,247.98118591308597,-0.11588135094091423,0.0885183936403402,0.9921036376422516,1.0015907599889995,0.16774221872598738,0.196623723031927,0.10211513508080983,0.1930531319679436,0.14970337494220676,-0.06584813935575629,0.2456511044975579,-0.11958872132307286,-0.023280374852177932,0.07768783006099178,0.22252588709840976,-0.01689940028044168,0.01689940028044168,0.0345771500493941,0.9752441108568117,-0.6705238295768716,-0.6112830371912277,0.2518185100230166,0.10129150479837026,-0.033470366846244715,0.13387041389247356,0.05060398397347121,0.29516826704875343,0.21636730405085994,0.10211513508080983,0.29516826704875343,0.09778353277242857,0.02754165634973771,0.1798029651418016,0.11741154560355782,0.07976521160944539,0.1798029651418016,0.7169967060836628,0.45889103695899647,0.6341567117909874,0.54647476724958,-0.32600471927787555,-0.24595222037907327,0.01679325335925126,-0.01689940028044168,0.01689940028044168,0.5337437990127496,856210848.5430279,0.9680272307632497,0.15079365079365079,0.031746031746031744,0.023809523809523808,0.028201216791882623,0.6890236119974474,0.06878106034004294,-0.008145315868444247,0.060704729183353345,0.9995669508603187,-0.05625574883165263,0.1033932600508054,0.05583566751544877,0.00034118715824016377,-0.11481861037097774,0.250772372615086,1.160450124683181,0.011376425046144606,0.06897071086441842,-0.01689940028044168,0.01689940028044168,0.1717532517628182,0.047619047619047616,0.9841269841269841,828835416.6645595,20.535532162225064,0.07936507936507936,0.015873015873015872,0.0,0.02082018616547704,0.06988538393053711,0.11012330476058851,0.4081425459146072,0.11877308519583907,0.5,0.020775554428475878,-0.11958872132307286,0.11877308519583907,0.10923337535446054,0.11877308519583907,0.05823431697034631,0.2910088310682737,0.012010415494016189,-0.01689940028044168,0.01689940028044168,0.13879838819024592,926954028.4787133,0.014496327172840884,0.025176646095235844,-0.011508947502098965,0.00953970984137853,0.10003775353235622,0.12539550993298776,0.20439974458125443,1.0,3.0,1.0,1.0,0.0,63.0,126.0,0.771780303030303,-0.018456474847700854,-0.0646772536649255,0.06000303352973324,0.06000303352973324,0.5614366729678639,0.2851269029191882,0.49711230712838966,0,0,0,0,0,0
recent_month_non_top10_control,2025-08-31,ADM,61.2480354309082,-0.13620887379885827,0.06819087078239616,1.0914296055147497,1.1146869550880139,0.18205720501918043,0.2598149612533145,0.35225237904054096,-0.015575676076589495,-0.022814477444980774,0.033174296887179544,0.2756584751965847,0.0171609951977445,0.2268568691075532,-0.04341960695677671,1.145510218700611,-0.024451055660555387,0.024451055660555387,0.056217898917703124,0.8912837696164548,-0.4437638525085633,-0.27197990114558945,0.3294379015955602,0.011658346878105562,-0.0054155214588090805,0.20726235686320527,0.013508513023557045,0.33667670296395147,0.3394556612000175,0.3294379015955602,0.35225237904054096,0.021273864372953977,0.08593237625899963,0.30883277208376425,0.09343268714228992,0.20879501855140803,0.30883277208376425,1.1562218061556362,0.30750697225565754,0.9044029425459517,0.8686148635597621,-0.3074781125354339,-0.19247496058871139,0.013756743449727458,-0.024451055660555387,0.024451055660555387,0.5273107133358219,197460776.45043266,0.9987663914792306,0.0873015873015873,0.015873015873015872,0.007936507936507936,0.025454785810871836,0.7103749672981168,0.011834984240559399,0.07720482064305179,0.11589326885019147,1.0428102218409319,0.026525198543490003,0.06453281971562394,0.19699437146371324,0.10129320804598252,-0.24337411038124557,0.2671051267495235,1.0412013200413388,0.012942976022599946,0.13537146757746066,-0.024451055660555387,0.024451055660555387,0.34477137143302716,0.06349206349206349,0.9365079365079365,197217187.15408567,19.09981615735928,0.06349206349206349,0.015873015873015872,0.0,0.02310739288982314,0.08137969075128693,0.16095804616268228,0.5971168209172277,0.16606428479505175,0.8333333333333334,0.05317358476545351,-0.0054155214588090805,0.16606428479505175,0.15652457495367322,0.16606428479505175,0.04957319044783581,0.278110210561413,0.012828465779496081,-0.024451055660555387,0.024451055660555387,0.17321019153239736,217039936.3836016,0.012899772142098032,0.02139877750319085,-0.00584055950803819,0.00953970984137853,0.10003775353235622,0.12539550993298776,0.20439974458125443,1.0,3.0,1.0,1.0,0.0,63.0,126.0,0.38323863636363636,-0.04629621498268077,-0.03368451472847356,-0.022160583041460735,-0.022160583041460735,0.23062381852551986,0.2851269029191882,0.49711230712838966,0,0,0,0,0,0
recent_month_top_future_return,2025-08-31,BE,52.93999862670898,3.2406043952141093,3.4450041397953637,1.183925135721376,1.360142493909146,0.9285973462770847,1.2451229346055248,1.2039965702664204,0.6857413941761026,0.48878059339554136,-0.2310574953638408,2.0973271539897302,-0.1815154257810323,1.0786010603334326,0.662273088359469,1.4926075400449552,-0.03394161744976221,0.03394161744976221,0.20743573364060652,1.7163308895687814,2.0666105313806273,7.789732720918908,1.6927771636619617,0.3530678134133258,-0.06815870615402253,1.0057816373286816,0.23917922378331746,1.889737964442523,1.5955038994569684,1.2039965702664204,1.889737964442523,0.008187752239572799,0.41164297877449085,1.8662696586258893,0.2950731437763998,1.7662319050935331,1.8662696586258893,2.1654691194697917,0.8066397482021012,0.8432466463636291,1.0684219013923506,-0.4496073404398867,-0.22070641570189475,0.037404514456124416,-0.03394161744976221,0.03394161744976221,2.2438725255306564,218814768.97830358,1.418128327518216,0.46825396825396826,0.14285714285714285,0.1111111111111111,0.06410175519906576,1.026682082011199,-0.02782786017260841,0.530515840118285,0.5645687216389284,1.8635332917522487,0.5631270597989677,0.2956659587521147,1.2132106378701675,0.5572645364518629,-0.23782830321240112,0.8618315735127359,0.7892450026199607,0.03903465485487193,0.5402875027092298,-0.03394161744976221,0.03394161744976221,1.8960610852375077,0.015873015873015872,0.9841269841269841,310307422.3674865,19.553074052327705,0.42857142857142855,0.1746031746031746,0.09523809523809523,0.05987605411470384,0.3106771804190789,0.4416368369761545,0.6114214529110418,0.415886587079368,0.6666666666666666,0.1721000684932089,-0.1815154257810323,0.5631270597989677,0.40634687723798946,0.415886587079368,0.1965193579355342,0.6801962624950241,0.036121138497040184,-0.03394161744976221,0.03394161744976221,0.4664820184039602,484209991.04786825,0.09073676018423016,0.06282719473437123,0.026446408672043287,0.00953970984137853,0.10003775353235622,0.12539550993298776,0.20439974458125443,1.0,3.0,1.0,0.0,1.0,63.0,126.0,0.7900568181818182,0.5974688683153357,1.4964111652891656,1.0634680902438935,1.4964111652891656,0.996219281663516,0.2851269029191882,0.49711230712838966,1,1,1,1,1,1
recent_month_top_future_return,2025-08-31,CIEN,93.97000122070312,0.4256089064769817,0.6300086510582361,0.7835638774802611,0.8244404131985014,0.34781984474204286,0.07837964056568536,0.18097274828587917,0.2182231435648465,0.374049603958833,0.006158072962785255,0.1675866695589594,-0.24054291143717865,0.05557723835289141,-0.007228005764134515,0.3327611046574343,-0.04288041425327549,0.04288041425327549,0.08246798679464984,1.01597939012275,-0.031395197359850635,0.1368947946801875,0.5550223522447122,0.18789018617621753,0.11136858055513166,0.18285621624689274,-0.008122324308193374,0.3991958918507257,0.37839699746043903,0.18097274828587917,0.5550223522447122,0.19207851687123045,0.07643584535506465,0.17374474252174466,0.01586315652247494,0.07370698898938843,0.17374474252174466,0.40387916277920727,0.5438518677601584,0.8256972020463808,0.7910056764443483,0.1263949906579811,0.14010494207575785,0.023261314446219455,-0.040044929955938224,0.040044929955938224,0.7564486209477219,163733026.08728257,1.1230418553023525,0.23015873015873015,0.06349206349206349,0.05555555555555555,0.039561168365106494,0.9819726618388325,-0.038861491397970016,0.10264130869966959,0.08206267362342756,1.1447546982094772,0.14152212280463772,0.15399997032720494,0.15541619457854283,0.09056228550352952,0.10905233849315521,0.4301899145431463,1.0438574926010322,0.018950680022390823,0.030042030051187663,-0.040044929955938224,0.040044929955938224,0.3022449619143519,0.015873015873015872,0.8412698412698413,183879041.3913303,19.02978872109741,0.1746031746031746,0.031746031746031744,0.015873015873015872,0.031114417781509154,0.030677963028212574,0.023727549451028507,0.0271046477826727,0.012171530885243254,0.8333333333333334,0.03874349936692323,-0.24054291143717865,0.19207851687123045,0.002631821043864724,0.012171530885243254,0.01766319820695217,0.44905696553726104,0.02321561892011894,-0.040044929955938224,0.040044929955938224,0.08460297648536752,157030234.28998676,0.031119037735549915,0.035398829003534034,0.006469189939305675,0.00953970984137853,0.10003775353235622,0.12539550993298776,0.20439974458125443,1.0,3.0,1.0,1.0,0.0,63.0,126.0,0.6506628787878788,0.5501755483307564,1.02107050869233,1.1731404071630083,1.1731404071630083,0.9905482041587902,0.2851269029191882,0.49711230712838966,1,1,1,1,1,1
recent_month_top_future_return,2025-08-31,LEU,201.72999572753903,3.889792263011149,4.094192007592404,1.0130567671285342,1.0247304997645104,1.2168131398630662,1.4511541706829907,1.223409988578192,0.6879768358132758,1.0193162402651383,0.39887571335845307,0.1905506862465396,-0.3143392837787373,1.0980144786452042,-0.6339835889731993,1.3780700040245655,-0.19094409765625164,0.19094409765625164,0.22067260747135387,1.4829124748010356,0.23176259300436164,0.957795983367032,2.2427262288433303,0.5199524858462902,0.11380810055054025,0.32827734338521153,-0.1835922875755458,1.9113868243914678,1.79250768060433,1.223409988578192,2.2427262288433303,0.8317216985416946,0.15135561056044056,0.5894263996049927,0.4432713151472576,0.48938864607263644,0.5894263996049927,0.7225997115666198,0.8877705668110482,1.0243264752590269,0.9188213059689845,0.3423112767940355,0.25712375025795087,0.04189319853292219,-0.19094409765625164,0.19094409765625164,2.706228083712805,172035495.75307935,1.590880341316118,0.5873015873015873,0.19047619047619047,0.14285714285714285,0.0763160316208682,1.3650407531433628,-0.0548247307681059,0.022752554986469553,-0.006163156780832013,1.205104577468466,0.17589257838726313,0.4000481536850201,0.10126653452044998,-0.0735016603587676,0.1135479215524573,0.8157025115981529,1.1148266464922438,0.04179741122652885,-0.18162422098014974,-0.19094409765625164,0.19094409765625164,0.6192807253375141,0.47619047619047616,0.9841269841269841,273687888.2021465,19.427498924592555,0.6349206349206349,0.23809523809523808,0.12698412698412698,0.07829334151506058,-0.03371208493490119,-0.12376536124667337,-0.06978846234350666,-0.06346331734584365,0.6666666666666666,0.1978151819170291,-0.3143392837787373,0.8317216985416946,-0.07300302718722218,-0.06346331734584365,0.00916212425813634,0.9093668955402694,0.04255873648423179,-0.14135526674368593,0.14135526674368593,0.21100968609745507,331521175.1347133,0.06891542750453716,0.07603515122135528,0.005282292162585023,0.00953970984137853,0.10003775353235622,0.12539550993298776,0.20439974458125443,1.0,3.0,1.0,0.0,1.0,63.0,126.0,0.7835227272727273,0.5370545476192152,0.8215436436700156,0.2853814171650755,0.8215436436700156,0.9829867674858223,0.2851269029191882,0.49711230712838966,1,1,1,1,1,0
recent_month_top_future_return,2025-08-31,LITE,132.80999755859375,1.1009291245652943,1.3053288691465488,,,0.527078253357302,0.5613684619154535,0.8883832518251207,0.3611085418592037,0.24203056327783723,0.02772638841850772,0.8097113509500553,-0.11360730087367577,0.7629877418921329,-0.05094551245655765,1.2805772561027104,-0.020213983264300128,0.020213983264300128,0.1510198421085156,1.3543831409509688,-0.14214147754707873,0.5762616241939513,1.130413815102958,0.1840098446403035,-0.05293550255026036,0.5138803462764945,0.05749437138483582,1.2494917936843244,1.0894296202041343,0.8883832518251207,1.2494917936843244,0.22425470288716487,0.17756447516560292,0.837437739368563,0.31516324244628735,0.7373999858362068,0.837437739368563,2.170673151843601,0.6937365532547508,0.6753463195447524,0.5561135994941344,0.30977284246417547,0.5802227935729034,0.03023911270539339,-0.020213983264300128,0.020213983264300128,1.6797819588069665,223833928.01183066,1.212206987757339,0.40476190476190477,0.10317460317460317,0.07142857142857142,0.05271701999301754,1.1749841549780926,-0.020213983264300128,0.177244214924988,0.2515383722438873,1.4399676545925089,0.15800551923223827,0.1687073200671171,0.39711762012965934,0.18957612846728944,0.06685515550329035,0.38579633173115374,1.2144035322262885,0.0203858534894951,0.17120664138086372,-0.020213983264300128,0.020213983264300128,0.7507249735042978,0.015873015873015872,0.9841269841269841,271333051.6331143,19.418857600776477,0.2698412698412698,0.031746031746031744,0.0,0.04052863431500732,0.1615492980583786,0.18691554181271264,0.4407271553206763,0.206486149613478,0.6666666666666666,0.12289446845920539,-0.11360730087367577,0.31516324244628735,0.19694643977209947,0.206486149613478,0.11890407502765976,0.46851242797425807,0.02475640270060244,-0.020213983264300128,0.020213983264300128,0.24493810628673418,411317294.0259661,0.07814324874514234,0.04613089972217828,0.0339592519957399,0.00953970984137853,0.10003775353235622,0.12539550993298776,0.20439974458125443,1.0,3.0,1.0,1.0,0.0,63.0,126.0,0.756723484848485,0.2251337226482668,0.517656812467514,1.4483096878204047,1.4483096878204047,0.994328922495274,0.2851269029191882,0.49711230712838966,1,1,1,1,1,1
recent_month_top_future_return,2025-08-31,MU,118.8192901611328,0.037979476720118255,0.24237922130137268,0.8423341742049992,0.8318661464407519,0.21931677344446676,0.3072898033476743,0.27391998390205763,0.2741245290268062,0.09703203919180137,0.010178267532585439,0.25090606267546334,-0.07077712243556633,0.14852447396906987,-0.012835653694008853,0.4430691533604647,-0.06870440995782245,0.06870440995782245,0.0575817822746616,1.0227444614287398,-0.2939700819085621,-0.10963673363681548,0.370952023093859,0.1389971366610651,-0.11439754371142075,0.14031578566317404,0.01399376083049908,0.5480445129288638,0.3976388399749268,0.27391998390205763,0.5480445129288638,0.22755035158788584,0.044879609385466424,0.2610843302080488,0.30478519297311424,0.16104657667569255,0.2610843302080488,0.6630801606158284,0.6182330271121502,0.7324270335485796,0.6368872737658958,-0.4260256019819123,-0.37411860704011624,0.026733423813229188,-0.06870440995782245,0.06870440995782245,0.8405750239144198,2270254721.7831383,1.124479259652519,0.30952380952380953,0.07142857142857142,0.047619047619047616,0.039438394792018015,0.7543114109050029,0.07723628793792037,-0.02422109405037076,0.007007127325082241,1.008025195693077,-0.11364930304085319,0.1824136781599263,-0.03349276417330249,0.019243553377821687,-0.2685543184394895,0.39374474718949454,1.150010470797697,0.02039275388220053,0.06376535940511885,-0.06870440995782245,0.06870440995782245,0.21330223732633313,0.746031746031746,0.9841269841269841,2552854348.773339,21.660477922960737,0.25396825396825395,0.015873015873015872,0.0,0.03070299354008635,0.02787700469874599,0.05969369553971582,0.19971781131982422,0.0904343383973727,0.5,0.053990985628422083,-0.11439754371142075,0.30478519297311424,0.08089462855599416,0.0904343383973727,0.005903897775052291,0.4528105820895108,0.023873360119854876,-0.06841489839221104,0.06841489839221104,0.1347253581708967,2123648438.986424,0.0018014036081177576,0.03533316050857227,0.005695661762574744,0.00953970984137853,0.10003775353235622,0.12539550993298776,0.20439974458125443,2.0,7.0,2.0,1.0,1.0,63.0,126.0,0.9338068181818182,0.4059323166825075,0.8814397078390606,0.9883042647940958,0.9883042647940958,0.9848771266540642,0.2851269029191882,0.49711230712838966,1,1,1,1,1,0
recent_month_top_future_return,2025-08-31,QBTS,15.619999885559082,14.260946822793123,14.465346567374377,1.1481226074077786,1.1927302217093438,4.172185425235328,1.629629585032066,1.850364932699395,-0.5898728588234472,-0.7951017640725198,1.979926983005193,-2.023405246413895,0.38686129163873884,1.7249694227664072,-1.8938431961080968,1.273118325425473,-0.23054184863994764,0.23054184863994764,0.1461847829651053,0.9091116526629303,-0.7088261619403148,-0.7214858947691964,1.0552631686268752,0.4127662188126818,-0.09078948235247619,0.0984065297289014,-0.08820987061933461,1.2604920738759477,1.3887067250674061,1.0552631686268752,1.850364932699395,1.3632417198709295,-0.008505658631088764,-0.04347826340870187,-0.10349048305443953,-0.1435160169410581,-0.04347826340870187,-0.05434701370229721,1.4534115924228863,0.45473610436020184,0.5504373361080082,-0.4712705342607666,-0.5195605620851542,0.05638753416102142,-0.23054184863994764,0.23054184863994764,2.3736499998867124,806627058.6450709,0.95411980570114,0.5793650793650794,0.1984126984126984,0.15873015873015872,0.0976904589043414,0.5486471008455021,-0.07733993633025738,0.030165487431289995,-0.059002138722982767,0.8107421078365169,0.17418033681248568,0.5688905833207334,0.06693985787256507,-0.05035105231244563,-0.3762097478237011,0.8000120052017516,0.8261360095510898,0.03983916075393908,-0.16048242522316702,-0.23054184863994764,0.23054184863994764,0.11412263734338168,0.42857142857142855,0.6984126984126984,769618852.467717,20.461405954764817,0.5396825396825397,0.14285714285714285,0.09523809523809523,0.07364165399681312,-0.08644286475978424,-0.1334978836967976,-0.13818976709310293,-0.0913322047540358,0.5,0.2731118630268671,-0.10349048305443953,1.3632417198709295,-0.10087191459541434,-0.0913322047540358,-0.05727564245489947,0.6609187255703408,0.03594201226725086,-0.16246647694087057,0.16246647694087057,0.05469273754168791,626527465.5172439,0.010806957390185667,0.06705231922404996,0.011134122983242456,0.00953970984137853,0.10003775353235622,0.12539550993298776,0.20439974458125443,1.0,4.0,1.0,0.0,1.0,63.0,126.0,0.9283143939393939,0.5819461757690159,1.3725993370559193,0.4513444457354121,1.3725993370559193,0.9924385633270322,0.2851269029191882,0.49711230712838966,1,1,1,1,1,1
recent_month_top_future_return,2025-08-31,RGTI,16.229999542236328,16.513940201006733,16.71833994558799,1.5845408335449542,1.753925337538321,4.321311408516796,0.23234619956080316,0.9184396535524424,-0.08867643465321917,0.13080269315103554,0.4314420333418518,-0.0912273345505612,-0.06382978243712933,0.7930441436194546,-0.5782249547611518,0.7707860397610732,-0.18850002288818357,0.18850002288818357,0.1279615135737746,0.7337564749607136,-0.21282624215396306,0.054981840768034695,1.049242346703478,0.11041130840338698,0.11994946971132814,0.28544779747165294,0.04925172947597567,0.8297632188992232,0.9324817397183812,0.8297632188992232,1.049242346703478,0.3652761908591553,0.11473977704447158,0.3402146987912906,-0.02064409637387188,0.2401769452589344,0.3402146987912906,0.3459741055243641,1.19156238719261,0.6729013525442913,0.8252636039216257,-0.16193155458161823,-0.06194134582737609,0.05207039314328765,-0.09733036955251984,0.09733036955251984,1.1639999389648437,582317853.4007081,1.0805692672294112,0.5555555555555556,0.19047619047619047,0.1746031746031746,0.09014259971200363,1.0453056649830854,0.05768127794544109,0.15015699726633258,0.11563257956329487,1.181354354426962,0.22259699997853022,0.15759163096610507,0.36846543103386575,0.08036809501477404,-0.09806061498844887,0.9833530699520289,0.8153774737510368,0.0426814874319455,-0.008391964665575125,-0.09733036955251984,0.09733036955251984,0.5041704911599516,0.1746031746031746,0.7619047619047619,629234776.1438068,20.26001499962319,0.5238095238095238,0.15873015873015872,0.12698412698412698,0.07465710638583849,0.03849843197715952,0.0515172038860523,0.14880235305732067,0.11931031325767782,0.6666666666666666,0.12377651583261505,-0.06382978243712933,0.3652761908591553,0.1097706034162993,0.11931031325767782,0.024039350327133002,0.8018039419828118,0.04067054399559635,-0.09733036955251984,0.09733036955251984,0.14943340465853705,639568356.4964794,0.05657181033206449,0.08112403813703488,0.04078488435631766,0.00953970984137853,0.10003775353235622,0.12539550993298776,0.20439974458125443,1.0,4.0,1.0,0.0,1.0,63.0,126.0,0.9051136363636364,0.8354899418205766,1.7276649233758214,0.5754775364153173,1.7276649233758214,0.998109640831758,0.2851269029191882,0.49711230712838966,1,1,1,1,1,1
recent_month_top_future_return,2025-08-31,SNDK,52.470001220703125,,,0.9443868827176414,0.9673012293605028,,,0.11995737309759802,0.5141130169162826,-0.01787796650135265,-0.195517612502632,0.5876641535619441,0.01622203118427601,-0.00543813683538974,0.2721891679617141,0.16258935537568145,-0.07001058270888683,0.07001058270888683,-0.020766457874322186,0.7944809615094772,-0.23121681576841957,0.07025885075255855,0.10207940659624537,0.3021164847887451,-0.32556185257913917,0.28312197627879865,0.33197447979616734,0.6340703900138807,0.28536905656924133,0.10207940659624537,0.6340703900138807,0.17377757428502028,0.05171823410908205,0.3921465410593121,0.20323693623018224,0.2921087875269559,0.3921465410593121,0.8327134418495091,0.7377935217248551,0.7539508574103085,0.6382899051584301,1.2863941163746486,1.7951329728617798,0.0306774149755823,-0.07001058270888683,0.07001058270888683,0.771438208442033,129073023.14107229,0.9467753793512026,0.3492063492063492,0.09523809523809523,0.03968253968253968,0.058101175695054144,1.3318702781029983,0.09527825861316275,0.0003371268718155296,0.17027021461776903,0.9316167175799225,-0.053583249987592674,0.21014676949271616,0.15700116838250966,0.04986477261478384,0.39204108957615413,0.4709261570082619,1.1812044203067416,0.022448345846575027,0.11431470398437815,0.0,-0.0,0.405571889821166,0.0,0.9841269841269841,122203160.44839527,18.621195475466916,0.2698412698412698,0.07936507936507936,0.015873015873015872,0.04490336142615952,0.17888039027760017,0.15121014803422184,0.40000547770028744,0.22250707034437145,0.6666666666666666,0.03943308491285302,-0.32556185257913917,0.22250707034437145,0.21296736050299292,0.22250707034437145,0.15030476411442484,0.5562600582962256,0.02767152502184417,0.0,-0.0,0.2895060946564332,120566688.07847159,0.11099350716359879,0.04022979289608229,0.06685376900503748,0.00953970984137853,0.10003775353235622,0.12539550993298776,0.20439974458125443,1.0,3.0,1.0,1.0,0.0,63.0,126.0,0.6445075757575758,1.1383646719636702,2.7989326699768573,3.255383906703573,3.255383906703573,1.0,0.2851269029191882,0.49711230712838966,1,1,1,1,1,1
recent_month_top_future_return,2025-08-31,WBD,11.640000343322754,0.28029414786472073,0.48469389244597516,1.1257219443839224,1.1820139864893056,0.11068710417509164,0.11494260643403154,0.01570683286008845,0.3268537485578482,0.06910219229451697,-0.130017431601954,0.29751994229061496,-0.06369986854107224,-0.10968867707289931,0.1517956778285725,0.025492482938817798,-0.1503649266147603,0.1503649266147603,0.033393141302167084,1.1819580537633294,0.136337635711818,0.32667704268356457,0.08480902515460542,0.17226159887527395,-0.19198504695490803,0.10433292410484452,-0.022630893441913602,0.34256058141793666,0.1476921464775435,0.01570683286008845,0.34256058141793666,0.14994235055307614,0.07688849277099852,0.16750251068866095,0.14944831807534187,0.06746475715630473,0.16750251068866095,0.36917489992294766,0.6161358584718875,0.8959562457444517,0.7363981184885628,0.085685942065582,-0.04044155921218184,0.025519093766172903,-0.1503649266147603,0.1503649266147603,0.5136541296112835,556628145.2906297,1.2836085350411321,0.29365079365079366,0.05555555555555555,0.06349206349206349,0.04680245122588894,1.0971267966065086,-0.11167881418045489,0.026819503288240787,-0.02797492068619223,0.8471515288367466,0.14921466251787807,0.15525009027076078,0.01570683286008845,-0.05169447087922119,0.1312017018973448,0.4537212869120334,1.216673730214544,0.02086720806747884,-0.10382720522964195,-0.1503649266147603,0.1503649266147603,0.2214061562931149,0.38095238095238093,0.9047619047619048,714492638.1391677,20.387083253166598,0.23809523809523808,0.047619047619047616,0.031746031746031744,0.03964274625713332,-0.05386363778244496,-0.10563379174765064,-0.2104467829734756,-0.11617309978040136,0.5,0.01279121931165241,-0.19198504695490803,0.14994235055307614,-0.1257128096217799,-0.11617309978040136,-0.017762939517722454,0.552030770625007,0.02432284219627768,-0.0955710608526471,0.0955710608526471,0.0797774240866822,567870524.2197355,-0.015644799201071757,0.03454835510790138,-0.02496228520878796,0.00953970984137853,0.10003775353235622,0.12539550993298776,0.20439974458125443,1.0,3.0,1.0,1.0,0.0,63.0,126.0,0.8607954545454546,0.677835061048673,0.9286941667332353,1.0618556092884925,1.0618556092884925,0.9886578449905482,0.2851269029191882,0.49711230712838966,1,1,1,1,1,1
recent_month_top_future_return,2025-08-31,WDC,80.12285614013672,0.4191381517332726,0.623537896314527,1.0428101808463786,1.0354649618650613,0.45893756785460993,0.635004657768993,0.6449965848880297,0.1901535159923715,0.3458439505341149,0.053545791596012915,0.5078448930898705,-0.17371755516359366,0.5196010749550419,-0.08360590020214631,1.2325931413954414,-0.020721767871105135,0.020721767871105135,0.14598340994781922,1.2912687908559262,-0.3239855189928136,0.05552271335738301,0.9908405354221446,0.17320792378578856,0.08483798380691132,0.36825426960116436,-0.0016922916500563545,0.8351501008804012,0.8236624070635251,0.6449965848880297,0.9908405354221446,0.17533050432511832,0.15648395772314805,0.5613906846858834,0.2436320871309594,0.46135293115352716,0.5613906846858834,1.8126921330596864,0.5232842559531178,0.5154602827520923,0.5918388685583906,-0.7915936150453718,-0.7872237224759349,0.020684601608008987,-0.020721767871105135,0.020721767871105135,1.6355496925674746,391773348.31839514,1.1417185175518276,0.1746031746031746,0.05555555555555555,0.031746031746031744,0.03435684137004687,0.4507622443235128,-0.020721767871105135,0.13163519876891772,0.13579158285241166,1.015325426666575,0.22972351792291068,0.15777748453618215,0.2555085228525973,0.12927159711355185,-0.5721698986934158,0.3096999619777125,0.8709469927307372,0.015029818624001717,0.11520233828276161,-0.020721767871105135,0.020721767871105135,0.5422434766046087,0.015873015873015872,0.9841269841269841,447294886.4583939,19.918728638555493,0.09523809523809523,0.015873015873015872,0.0,0.026485557882111908,0.07364778378789305,0.12115793303963462,0.07773683667003184,0.02096813190434821,0.8333333333333334,0.09679577832110904,-0.17371755516359366,0.2436320871309594,0.011428422062969679,0.02096813190434821,0.0463388649084826,0.26973225053331235,0.014003446551541949,-0.020721767871105135,0.020721767871105135,0.08891283150476825,459685781.48367745,0.02815447134763782,0.023622821518262373,-0.0006966477949829075,0.00953970984137853,0.10003775353235622,0.12539550993298776,0.20439974458125443,1.0,3.0,1.0,1.0,0.0,63.0,126.0,0.7584280303030303,0.49613863749698517,0.8718556888430176,1.0353516323722753,1.0353516323722753,0.9867674858223062,0.2851269029191882,0.49711230712838966,1,1,1,1,1,1
recent_month_non_top10_control,2025-09-30,A,127.5839385986328,-0.3639033094019698,-0.12717449795790559,0.9900475500757646,1.0084532546998786,-0.0386155847154277,0.009634120063555685,0.10405516749633592,0.04746903180797113,0.09370114723757861,0.010948067553114393,0.08115072854882244,-0.0782305599936618,-0.17919365173286605,-0.01195637139439909,0.2900837413948184,-0.15365405914685426,0.15365405914685426,0.039176333401832686,1.0632302126102688,0.5089241138292562,0.6478942081221122,0.19775631473391453,0.04685193427440876,0.04014862688733656,0.08583851484454685,0.019721421532506445,0.15152419930430705,0.1511118938448525,0.10405516749633592,0.19775631473391453,0.05441394442927616,0.027200974261613498,0.09209879610193683,-0.025067549714199555,0.002500288172643028,0.09209879610193683,0.30185210778176313,0.35870734083890504,0.723780285263216,0.8505884396882271,0.35745564787783524,0.3892988875329637,0.016371962639095728,-0.0011048803671475094,0.0011048803671475094,0.2980015301852996,222701773.0929178,0.8982980098979219,0.1111111111111111,0.023809523809523808,0.031746031746031744,0.026583672839809128,1.011194133883514,-0.0011048803671475094,0.053814092757283216,0.05935302811467169,0.9096906097992702,0.09450402553330428,0.061341791400029606,0.1201789373015425,0.0653085630855843,0.10936591930994388,0.3051123173488773,0.8509171433466801,0.014448703645851893,0.04325988121129387,-0.0011048803671475094,0.0011048803671475094,0.14787338049338672,0.2698412698412698,0.7936507936507936,200052559.57010663,19.114090692836225,0.07936507936507936,0.015873015873015872,0.015873015873015872,0.023102603856804946,0.034750970219946664,0.02514622292752633,0.09035341727554544,0.02345803319976647,0.6666666666666666,0.018204420056970354,-0.0782305599936618,0.09450402553330428,-0.030304175232964026,0.02345803319976647,0.021228147940207664,0.25962530147839236,0.012360406529389427,-0.0011048803671475094,0.0011048803671475094,0.05511312128119639,222414475.19738334,0.024805539558304224,0.021038966489275723,0.03379480953302183,0.053762208432730496,0.0895985079292938,0.283248819229202,0.2367288114440642,1.0,3.0,1.0,1.0,0.0,63.0,126.0,0.5034090909090909,0.1403193578637687,0.1959484728586003,0.06014800735910675,0.1959484728586003,0.8752362948960303,0.2189065999625741,0.3159991217967744,0,0,0,0,0,0
recent_month_non_top10_control,2025-09-30,AAPL,253.9116668701172,-0.13881007522713706,0.09791873621692715,1.179512895125701,1.192678123937223,0.020421422603912776,0.055463486372697046,0.14911666648366828,0.12008416287256463,0.05207513001337305,-0.07514047547969249,0.3176174528127367,-0.04335288516391511,-0.1341321527455337,0.0933603108493759,0.3788796426451778,-0.01345859217141554,0.01345859217141554,0.04248581730183654,0.8668333642286805,-0.5897818366973915,-0.4903133764126618,0.20119179649704133,0.060218012102079194,-0.05358413836972298,0.17199489619789055,0.07369051643873026,0.2692008293562329,0.20650309744564752,0.14911666648366828,0.2692008293562329,0.021508528939144567,0.06829693774260481,0.24247697733304419,0.011697701048496878,0.15287846940375038,0.24247697733304419,0.9769199903902293,0.3935726539504699,0.7298126282692472,0.6306473827569249,-0.04348476853449146,0.049183593333453235,0.014821809838434159,-0.008720275646134978,0.008720275646134978,0.4804156925697707,12546062245.348963,0.9960918442346195,0.15873015873015872,0.023809523809523808,0.015873015873015872,0.023826746654582908,0.606763271030519,-0.0036201915453756284,0.07977955077140741,0.10664781842677029,1.0669285734542364,0.11963891948030181,0.07093498891679204,0.2281109031337858,0.07720245079965293,-0.28328404757031855,0.24820556413856074,1.1572435694235559,0.010980934841794215,0.0937262701324939,-0.008720275646134978,0.008720275646134978,0.25960561257386594,0.047619047619047616,0.6507936507936508,12497030279.85198,23.248756875496813,0.1111111111111111,0.015873015873015872,0.0,0.018652365734889778,0.06791464748484155,0.10596875996266175,0.337289876681923,0.0968812192629327,0.6666666666666666,0.02546489086620631,-0.05358413836972298,0.11963891948030181,0.0431190108302022,0.0968812192629327,0.04732353149633384,0.2872342929944954,0.01355718364412231,-0.008720275646134978,0.008720275646134978,0.12275680304249814,14582419751.455034,0.015846327413545858,0.019016396427727313,-0.00043177542776129396,0.053762208432730496,0.0895985079292938,0.283248819229202,0.2367288114440642,2.0,8.0,2.0,1.0,1.0,63.0,126.0,0.8101325757575757,0.06181520766834603,0.09617997933337352,0.06870171940442371,0.09617997933337352,0.6729678638941399,0.2189065999625741,0.3159991217967744,0,0,0,0,0,0
recent_month_non_top10_control,2025-09-30,ABBV,224.57308959960935,-0.02232390617181257,0.21440490527225164,1.0593641173001238,1.0951273512481563,0.3388899573032509,0.12758018739089638,0.1249430462891783,0.12990520636350222,0.0720830020179759,-0.10588288169228566,0.36404361170755006,-0.06021840721003224,-0.15830577294002368,0.1332176837260861,0.44971028995382806,0.0,-0.0,0.041423365688523894,0.9396378825684596,0.4172245703884243,0.7830963000754694,0.1970260483071542,0.06508293316433966,-0.046079041209399874,0.1777235168510347,0.10588288169228566,0.2548482526526805,0.19227244908300434,0.1249430462891783,0.2548482526526805,-0.002632793476667783,0.0667955172638921,0.2581607300152644,0.0271121879394014,0.1685622220859706,0.2581607300152644,1.2934021916703418,0.27783008101061296,0.7978230766953267,0.7184181940918961,1.1542664196778203,1.370716742099395,0.012365731297039956,0.0,-0.0,0.3724718238789373,1203842871.5631757,0.8588784479268279,0.07936507936507936,0.0,0.023809523809523808,0.024250237873833406,1.0960705636261687,0.0009496815918494939,0.07949123545179737,0.11603177983250101,1.0699959137291595,0.1131097533316816,0.07278305360866374,0.22494966449516474,0.06921730903395762,0.15806789104155894,0.19959818506404975,1.1105273825975426,0.009615296456654413,0.06717359149161783,0.0,-0.0,0.25258308278333175,0.0,0.7936507936507936,1033954697.0759559,20.75665679976721,0.047619047619047616,0.0,0.0,0.018819003149794716,0.07598599191779076,0.06864688311789258,0.45328668881041884,0.10047518749048034,0.5,0.021961147810910575,-0.06021840721003224,0.1131097533316816,0.04671297905774985,0.10047518749048034,0.060648017524217446,0.2216592500303991,0.00959664810687944,0.0,-0.0,0.10367508194911701,1171769848.494103,0.040952003135412474,0.018916844523360968,0.039377280775979795,0.053762208432730496,0.0895985079292938,0.283248819229202,0.2367288114440642,1.0,3.0,1.0,1.0,0.0,63.0,126.0,0.484375,-0.05151647460438913,-0.009495012169764894,-0.006058451562351408,-0.006058451562351408,0.30434782608695654,0.2189065999625741,0.3159991217967744,0,0,0,0,0,0
recent_month_non_top10_control,2025-09-30,ABNB,121.41999816894533,-0.27923334179198045,-0.042504530347916236,0.9485769575930986,0.9711798433021518,-0.07602165143264927,-0.1256570718067408,0.01640715804029691,-0.07516686215699986,-0.02050820797065489,0.10781849449295788,-0.19033321771438183,0.020592659495444643,-0.26684166118890507,-0.09892188126172086,0.04247727314186892,-0.24780077099328923,0.24780077099328923,0.008587253314424226,0.7984690761526038,0.01762186639024521,-0.06634692025901467,-0.004101049930357981,0.03885488437369553,0.05807088203236255,-0.07133767999041052,-0.08687603846660563,-0.05875970411670295,-0.015484532002254673,-0.05875970411670295,0.01640715804029691,0.025891444479772208,-0.03709243754005365,-0.08251472322142395,0.0005289959661174404,-0.17211323115071775,-0.08251472322142395,-0.29868088135305787,0.386257328371786,0.5085470253993501,0.7152325828652634,-0.10311583401452129,-0.1657115237100174,0.01576022489671294,-0.1458919876117869,0.1458919876117869,0.14883144445246543,659417442.3298366,0.9065621012401399,0.0873015873015873,0.015873015873015872,0.031746031746031744,0.026752677757252895,0.68808523981383,-0.06408272633422618,-0.03793537647612488,-0.04549729902583599,0.8151670535524655,-0.014198359873246358,0.04350942146958655,-0.08299981262147615,-0.021494049729392395,-0.04885946423714993,0.2762638266219887,0.7110232916991578,0.012258332665072771,-0.03218944822182712,-0.1458919876117869,0.1458919876117869,0.02637358441844251,0.7142857142857143,0.5555555555555556,597802862.1129354,20.20877159721873,0.047619047619047616,0.0,0.015873015873015872,0.021144762156205702,-0.029118986170732275,-0.051108579792022435,-0.3553041019989454,-0.06979239022100159,0.6666666666666666,0.0035155386465748153,-0.06979239022100159,0.05807088203236255,-0.12355459865373208,-0.06979239022100159,-0.017267844017567313,0.1964300153821718,0.01104572403822355,-0.04835800882543784,0.04835800882543784,0.008723065534640417,616661134.1004145,-0.018844152027338246,0.02150270026927559,-0.009414727949534463,0.053762208432730496,0.0895985079292938,0.283248819229202,0.2367288114440642,1.0,3.0,1.0,1.0,0.0,63.0,126.0,0.618939393939394,0.04216770568105255,-0.03648493141147846,0.1177730461819031,0.1177730461819031,0.7410207939508506,0.2189065999625741,0.3159991217967744,0,0,0,0,0,0
recent_month_non_top10_control,2025-09-30,ABT,130.9141082763672,-0.03934144663811723,0.19738736480594699,0.9549301026005472,0.9644292522098442,0.20125345210726864,-0.0206182342494875,0.01895562472171841,-0.011759578661294734,0.01004055677508009,0.030079284026887976,-0.0408781220169927,-0.009757622968507906,-0.26429319450748356,-0.029754462711823138,0.08304282993841848,-0.03605420692148642,0.03605420692148642,0.007065541661068542,0.8889121388657709,0.3110770996747656,0.29691899048284154,0.0289961814967985,0.010911357811084363,0.02164438147036485,0.015882309574300812,-0.0046247669188485,0.0071960460604236776,0.01838261742631353,0.0071960460604236776,0.0289961814967985,0.018191329268119505,0.0042362345044066885,-0.010798837990104726,-0.06803581541770742,-0.10039734591939853,-0.010798837990104726,-0.04569281330788222,0.22826323158513756,0.7424854997719782,1.0353642517018284,0.7013790146026586,0.7177955637510784,0.009321010750116853,-0.02562834381438983,0.02562834381438983,0.11144322149577657,823006322.8373754,0.9520819388549531,0.031746031746031744,0.0,0.015873015873015872,0.020198387313474057,0.9584899742734474,0.015324011372650603,0.023875158939093533,0.019828749078521613,1.0327552610020112,0.051271740192089466,0.04039182571913675,0.0614154260158144,0.014762973589249828,0.2098964240621457,0.23633558996118711,0.7171249138180642,0.00900583932879931,0.02094121187495812,-0.019616162394116565,0.019616162394116565,0.11144322149577657,0.09523809523809523,0.8253968253968254,783569455.5368938,20.47937026488919,0.015873015873015872,0.0,0.015873015873015872,0.018450198580077497,0.008156867359338626,0.013430537750777072,0.056932055159122585,0.009648966519228752,0.6666666666666666,0.00382716317726454,-0.06803581541770742,0.051271740192089466,-0.044113241913501744,0.009648966519228752,0.004424627371110157,0.16948213958305766,0.008298833042543571,-0.019616162394116565,0.019616162394116565,0.035405325787624564,709414359.3559629,-0.004230032496045033,0.019123702601855953,0.0028452955548390335,0.053762208432730496,0.0895985079292938,0.283248819229202,0.2367288114440642,1.0,3.0,1.0,1.0,0.0,63.0,126.0,0.3480113636363637,-0.07294546928657519,-0.03334962393877461,-0.060421731255828504,-0.03334962393877461,0.21739130434782608,0.2189065999625741,0.3159991217967744,0,0,0,0,0,0
recent_month_non_top10_control,2025-09-30,ACGL,90.7300033569336,-0.38389523326746944,-0.14716642182340522,0.9235837776175704,0.9329391494242518,-0.01754190735196892,-0.023463569252498373,-0.05666455532282744,0.011315254848551115,0.057215978476660045,-0.05333746347619761,0.049822914502022364,-0.05718444564928982,-0.3399133745520294,0.05315000634865219,-0.20491087126058874,-0.16929288388121289,0.16929288388121289,-0.0033795616846963306,0.9572537994219767,-0.09691606890413107,-0.10009000160775816,0.0005514231538326086,0.030300108951710945,0.04808117110364307,-0.00010576015226093638,0.029554492552437917,-0.04534930047427632,-0.03382081088109038,-0.05666455532282744,0.0005514231538326086,-0.04198230035073236,0.0031837627717086203,-0.0035145489741752467,-0.05480511066350491,-0.09311305690346905,-0.0035145489741752467,-0.015482157480020287,0.2765326943086691,0.8139858412929054,0.8209026047939747,0.10351887396033277,0.09387383889605361,0.01250879515366337,-0.0629001896001471,0.0629001896001471,0.06753742366677917,179837542.33520144,1.1604121238470904,0.07142857142857142,0.007936507936507936,0.007936507936507936,0.021910169006079748,0.7538955788185414,0.019195903870287356,0.012544829994564077,0.009627832544139237,0.9193510964068201,0.06356032275017065,0.052970895570336796,0.05426453556613553,-0.006671766952190072,-0.14980036476561343,0.2270064090686824,0.99157419715728,0.011424433959314986,-0.02937335188745882,-0.03004059793768188,0.03004059793768188,0.05980612907463234,0.42857142857142855,0.6825396825396826,208685664.44863212,19.156339684727474,0.031746031746031744,0.0,0.0,0.019179103985477824,8.086931704220923e-05,-0.011919840329028153,-0.03882940266332562,-0.008740253829701006,0.3333333333333333,-0.008511769439902395,-0.05718444564928982,0.06356032275017065,-0.0625024622624315,-0.008740253829701006,0.007266158557037272,0.22509369782183586,0.011229694852923012,-0.023358429852563756,0.023358429852563756,0.03869496212771972,194391442.69500005,0.016924488807694482,0.018508617818306032,0.004161437223426656,0.053762208432730496,0.0895985079292938,0.283248819229202,0.2367288114440642,1.0,3.0,1.0,1.0,0.0,63.0,126.0,0.3091856060606061,-0.04871603256699386,0.03515920526820904,0.05720263000095116,0.05720263000095116,0.5727788279773157,0.2189065999625741,0.3159991217967744,0,0,0,0,0,0
recent_month_non_top10_control,2025-09-30,ACN,241.62103271484372,-0.5262535102894644,-0.2895246988454002,0.9605498385841282,0.9550170382087354,-0.2890055464736735,-0.28533064559587384,-0.20182578928882655,-0.015921483055815977,0.030284215679496462,-0.03739224689790854,-0.13342867352478283,-0.03655490090364011,-0.4850746085180285,0.031004868866135182,-0.6795979073229842,-0.3746082236404288,0.3746082236404288,-0.03423561994867241,1.407714417424888,1.8584544758990051,1.370170651339575,-0.1715415736093301,0.02347194757448896,0.059067481776387876,-0.11477711478496366,-0.1115999739240302,-0.21774727234464253,-0.19703821174759972,-0.21774727234464253,-0.1715415736093301,-0.056593748054850734,-0.07231440176966986,-0.17082092042269137,-0.10189080492633085,-0.26041942835198517,-0.17082092042269137,-0.6397699171801284,0.29697823832895837,0.916439336059651,0.8990681561760402,2.1956661201796277,2.031316191975829,0.013336055020468803,-0.23321267374999377,0.23321267374999377,0.06037153941840678,1096619305.4144118,1.084941931482179,0.09523809523809523,0.007936507936507936,0.015873015873015872,0.02255607874649671,2.026266925293309,-0.0009738708170108357,-0.04434884771564196,-0.02331604817209021,1.0890599287487948,-0.026694108028819885,0.05315615424339502,-0.07675026140970131,-0.02743208676163289,0.6237301026783288,0.2670036771588252,1.0193213159250292,0.012931307430627901,-0.0616927423421999,-0.18684518314844523,0.18684518314844523,0.06037153941840678,0.9682539682539683,0.047619047619047616,1189768267.3169575,20.897024392600255,0.07936507936507936,0.0,0.0,0.023403933238654074,-0.005017947109682841,-0.06267464233191034,-0.1889643037356678,-0.05142900479057577,0.16666666666666666,-0.035682514154638245,-0.10189080492633085,0.059067481776387876,-0.10519121322330627,-0.05142900479057577,0.012674868367703818,0.2721625395583554,0.012996448319921491,-0.037358035035092385,0.037358035035092385,0.06037153941840678,1446210709.92824,0.027418667756186732,0.02789655185473411,0.02390779737337745,0.053762208432730496,0.0895985079292938,0.283248819229202,0.2367288114440642,1.0,3.0,1.0,1.0,0.0,63.0,126.0,0.574810606060606,0.0141930382025095,0.013787540868649861,0.08799677370381698,0.08799677370381698,0.6483931947069943,0.2189065999625741,0.3159991217967744,0,0,0,0,0,0
recent_month_non_top10_control,2025-09-30,ADBE,352.75,-0.5554549498796839,-0.3187261384356197,0.8633253241721638,0.8679266776777294,-0.20673291848056674,-0.1956630746905481,-0.08025447520992823,-0.0699298146739088,0.02097128587976782,0.008734665121836738,-0.09695324569477337,-0.02229287883654929,-0.3635032944391302,-0.0079641053630084,-0.27898336514373623,-0.3620696144694464,0.3620696144694464,-0.003804891660920129,1.1377795154951094,0.15395544074911194,0.052155129721807914,-0.05928318933016041,0.04759724063018746,0.10696566263908114,-0.05756758788580374,0.003195620889940076,-0.15018428988383703,-0.09657398480797523,-0.15018428988383703,-0.05928318933016041,-0.06796114506241846,-0.02436963877748699,-0.08821858057293663,-0.07544975721929081,-0.17781708850223044,-0.08821858057293663,-0.35475473577046596,0.28766760042692857,0.8685659689463207,0.8644520594604833,1.0311067328458305,1.0086147336477258,0.012943178103685374,-0.16147664224225433,0.16147664224225433,0.05724563600454147,1489537005.5691674,1.0144121533518484,0.0873015873015873,0.007936507936507936,0.007936507936507936,0.02347130699551171,1.30243689108093,0.067289720850641,-1.4994771356802161e-05,-0.006347538758616711,1.1698511671303609,-0.0027677324711841145,0.06557793893038749,-0.013810848521592312,0.014882616448589792,0.28522108829946213,0.24867484962911382,1.0047589793335732,0.012513884090197798,0.008092713160716247,-0.07715045779561913,0.07715045779561913,0.05724563600454147,0.9365079365079365,0.5555555555555556,1511004441.3166833,21.13604046021726,0.047619047619047616,0.0,0.0,0.023304759573418557,-0.00786581823923349,-0.0028905478301274323,-0.04432018387048491,-0.011073765270124603,0.16666666666666666,-0.012096602703414358,-0.07544975721929081,0.10696566263908114,-0.0648359737028551,-0.011073765270124603,-0.007129523976097674,0.2498582880992782,0.012636837168399574,-0.04003154573870504,0.04003154573870504,0.024512800967883663,2017977680.08263,-0.020481714642398008,0.028846826463548497,-0.009112513811794343,0.053762208432730496,0.0895985079292938,0.283248819229202,0.2367288114440642,2.0,8.0,2.0,1.0,1.0,63.0,126.0,0.5693181818181818,-0.0352657758792525,-0.09247340926204817,-0.007824265813253017,-0.007824265813253017,0.2892249527410208,0.2189065999625741,0.3159991217967744,0,0,0,0,0,0
recent_month_non_top10_control,2025-09-30,ADI,243.40432739257807,-0.1508935711865993,0.08583524025746492,0.9883862459904347,1.0007863437298061,0.17138712155670088,0.0817739748109203,0.22871435317889044,-0.07068639178847125,0.042549673325537274,0.18561869856958624,-0.1492700354949419,-0.033470366846244715,-0.054534466050311536,-0.1923656901042461,0.5186649454347394,-0.03504397177192531,0.03504397177192531,0.058489143403557486,0.9189461494152522,-0.2304293123024519,-0.20245644666321128,0.2712640265044277,0.05719767933329575,0.09778353277242857,0.05144504320494159,-0.03504397177192531,0.1580279613904192,0.2193354470245791,0.1580279613904192,0.2712640265044277,0.11741154560355782,0.013705801067396717,0.03634866307464435,-0.05625574883165263,-0.05324984485464945,0.03634866307464435,0.16209240856912555,0.44096743994754556,0.2916622141617373,0.5085331198196257,-0.3031953320366768,-0.31605588986470246,0.015103174381979877,-0.03504397177192531,0.03504397177192531,0.5054362951634537,841674255.7968867,0.940923157862777,0.11904761904761904,0.031746031746031744,0.023809523809523808,0.026671313642450425,0.5008237890301257,-0.01814457149148363,0.05693254522552649,0.02705129824853736,0.9028228358522167,0.11877308519583907,0.08195514804331873,0.09812447788863743,0.042839710741861436,-0.3427393287089616,0.22424654797539878,0.5735363200437928,0.009583477611810708,0.000639740206161088,-0.03504397177192531,0.03504397177192531,0.11778018438201032,0.38095238095238093,0.6190476190476191,791950798.6562093,20.490009826202872,0.047619047619047616,0.015873015873015872,0.0,0.02028357173060121,-0.006427537882255807,-0.02525913312135719,-0.14350335789571783,-0.018456474847700854,0.5,0.03763092884103788,-0.05625574883165263,0.11877308519583907,-0.07221868328043135,-0.018456474847700854,-0.003966735043786751,0.12861353990833407,0.006741234098939876,-0.013451157045652473,0.013451157045652473,0.006554635200479941,663848622.6298741,-0.004864327073265784,0.019649395163188334,-0.004610327504516287,0.053762208432730496,0.0895985079292938,0.283248819229202,0.2367288114440642,1.0,3.0,1.0,1.0,0.0,63.0,126.0,0.7548295454545455,-0.04708989222872506,0.07993482343562919,0.1076836353838635,0.1076836353838635,0.7107750472589792,0.2189065999625741,0.3159991217967744,0,0,0,0,0,0
recent_month_non_top10_control,2025-09-30,ADM,58.41248321533203,-0.19667516940456098,0.040053642039503234,1.121169373830504,1.1303933779743698,0.21837576176920548,0.28964821218963865,0.26788995869716814,-0.019651190006171992,0.006903672264023442,0.1106467442866017,0.03093131842276864,-0.0054155214588090805,-0.015358860532033836,-0.1263118959877978,0.9175559257727074,-0.0696152793138215,0.0696152793138215,0.061417934031395394,0.8085108106575505,-0.229875202438792,-0.12084242555563018,0.2747936309611916,0.013777945357084086,0.021273864372953977,0.08474771561124972,-0.044135236783028664,0.24823876869099615,0.263640786116452,0.24823876869099615,0.2747936309611916,0.09343268714228992,0.05883044777894897,0.14157806270937034,0.026525198543490003,0.05197955478007654,0.14157806270937034,0.5763244621401968,0.29196036031435163,0.7475285591426984,0.8414048688291976,0.17133956386292826,0.11711097559661066,0.012967481989657702,-0.0696152793138215,0.0696152793138215,0.45660200820587526,188231861.61272866,1.0660440881857345,0.07142857142857142,0.015873015873015872,0.007936507936507936,0.024522796599447772,0.8252769128681537,-0.04516422365326611,0.06285610608296577,0.005101087157209694,1.1387629306406137,0.16606428479505175,0.07582693756552131,0.11207992198255412,0.0268693509763831,-0.02802464806372429,0.2456568686736223,0.8884290866807955,0.011857619310261186,-0.017936700754980994,-0.0696152793138215,0.0696152793138215,0.12537322932189943,0.3968253968253968,0.8253968253968254,200663463.28044468,19.11713975574232,0.031746031746031744,0.015873015873015872,0.0,0.022744162565966366,-0.02967495015749877,-0.03758250676211239,-0.2121259526290634,-0.04629621498268077,0.6666666666666666,0.042597383068715966,-0.04629621498268077,0.16606428479505175,-0.10005842341541127,-0.04629621498268077,-0.0252100489404653,0.21824870747257036,0.010997656538336816,-0.05084201337395389,0.05084201337395389,0.0,227365048.92300197,-0.016350221744630966,0.02496533642422222,-0.0148416586672252,0.053762208432730496,0.0895985079292938,0.283248819229202,0.2367288114440642,1.0,3.0,1.0,1.0,0.0,63.0,126.0,0.3658143939393939,0.013223917585666323,0.025307262402006314,-0.029553602087499575,0.025307262402006314,0.4555765595463138,0.2189065999625741,0.3159991217967744,0,0,0,0,0,0
recent_month_top_future_return,2025-09-30,ALB,80.43094635009766,-0.362078503726471,-0.12534969228240678,1.0270835760732409,1.0584864368767763,-0.04143414195483064,0.0711846740629054,0.1392916476690076,0.3322253475245953,0.26210506387091104,-0.12414775303125902,0.4249283945287382,-0.1870313107720213,-0.14395717156019439,0.1614889938284716,0.20280579318245992,-0.255722077183258,0.255722077183258,0.07826102967327264,1.3045980858041633,0.7498781557656691,1.276207629999293,0.4013967115399186,0.17511405817556244,-0.047651698133774345,0.15058019009723078,0.04725380882312502,0.4715169951936029,0.33740178480084304,0.1392916476690076,0.4715169951936029,0.13125683781668918,0.0746860181734117,0.3007806414974792,0.08265533476401066,0.21118213356818538,0.3007806414974792,0.4510145235424108,0.686822824354381,0.9289448162966152,0.970989726509234,2.097130369773995,1.9731255445958764,0.030175623636749426,-0.07968211970943007,0.07968211970943007,0.6164653300241183,277603423.83369565,1.2349305476190613,0.3888888888888889,0.09523809523809523,0.07936507936507936,0.04994149103145902,0.9038819797593273,-0.04820395000757083,0.042054423541180164,0.03188142937999228,1.196987619978982,0.25158423269777885,0.1550119599879137,0.2014725275251279,0.023756819994076306,0.03611738148984189,0.6668979063801601,0.956698913423345,0.030965996590184286,0.00972919109558279,-0.07968211970943007,0.07968211970943007,0.24457899982893627,0.031746031746031744,0.9523809523809523,342820948.21587217,19.652718854885602,0.42857142857142855,0.14285714285714285,0.07936507936507936,0.0479158252430759,0.005453742898647418,0.01052053567967759,-0.06275444064126925,-0.04003861974566081,0.5,0.031795796104503705,-0.1870313107720213,0.25158423269777885,-0.0938008281783913,-0.04003861974566081,0.010471721175023152,0.6380205023982028,0.02754492874809932,-0.07968211970943007,0.07968211970943007,0.12317318135298838,312919779.1994367,-0.018283070445669347,0.054975325789377937,-0.040405228310071206,0.053762208432730496,0.0895985079292938,0.283248819229202,0.2367288114440642,1.0,3.0,1.0,1.0,0.0,63.0,126.0,0.7932765151515151,0.21151946288480294,0.6032315697462922,0.7497149800635443,0.7497149800635443,0.996219281663516,0.2189065999625741,0.3159991217967744,1,1,1,1,1,0
recent_month_top_future_return,2025-09-30,AMD,161.7899932861328,-0.25068546989949125,-0.01395665845542704,0.9965265364117567,1.0010046186499382,0.33943200645621485,0.6201681583943586,0.5747517680568965,-0.11363022573553083,0.0871896374084773,0.381156286226908,-0.24098715130673232,-0.05246252191668743,0.29150294882769456,-0.43458263313672085,0.9808679293405288,-0.12270906142229421,0.12270906142229421,0.10392943223505724,1.2217062347054715,-0.3095747280237361,-0.21279841492379614,0.6619414054653738,0.10069961809370447,0.13744227110973561,0.10450803243786155,-0.10942762275645201,0.4611215423213657,0.5659382386145454,0.4611215423213657,0.6619414054653738,0.28149543569574,0.0402663736635116,0.1401691349201757,0.24249475082579197,0.050570626990881884,0.1401691349201757,0.348181511566708,0.5859624429186118,0.5310278695075689,0.6870319050563582,-0.20917295718184925,-0.2132577131739174,0.023965549902489957,-0.12270906142229421,0.12270906142229421,1.0686612348810733,6970581477.623919,1.248930864259821,0.2222222222222222,0.06349206349206349,0.06349206349206349,0.03798859656267648,0.7185499818158407,-0.004554883445504365,-0.051674850936484384,-0.0227322808220195,0.9078378766655193,-0.07759056698548772,0.15464981289063984,-0.08235496837118073,-0.07010206111449702,-0.35943142710328935,0.4025748934498514,0.772930435398059,0.01886693290030884,-0.04063130183442454,-0.12270906142229421,0.12270906142229421,0.20022247495062673,0.5238095238095238,0.9523809523809523,8705774349.24234,22.88725236086195,0.14285714285714285,0.047619047619047616,0.047619047619047616,0.033479688363628524,0.004601035854444602,-0.028443110573534547,-0.016599595731791955,-0.00516516984233617,0.5,0.08770236648112605,-0.07759056698548772,0.28149543569574,-0.058927378275066666,-0.00516516984233617,0.01831245796775338,0.31116238767452087,0.01234025883743677,-0.003265241585575396,0.003265241585575396,0.0704644299291548,6908137703.051903,0.011238021096654949,0.03227287980758886,0.005206467287383276,0.053762208432730496,0.0895985079292938,0.283248819229202,0.2367288114440642,2.0,8.0,2.0,1.0,1.0,63.0,126.0,0.9290719696969697,0.5830397783886911,0.34452072319816085,0.32369128221272514,0.5830397783886911,0.9867674858223062,0.2189065999625741,0.3159991217967744,1,1,1,1,1,0
recent_month_top_future_return,2025-09-30,ASTS,49.08000183105469,0.6401355306982535,0.8768643421423177,1.0670465044693989,1.0998256963111657,1.3260663954374774,0.8104020924409054,1.1583114478915117,-0.030873108910265845,-0.04370551221575791,1.0549692177916206,-1.0046802746750185,0.02066839569415624,0.8750626286623098,-1.1080225047749097,1.412584079138354,-0.1828171710152373,0.1828171710152373,0.11557377940145064,0.7110994547385293,-0.44441266418780667,-0.4164727642608428,1.1146059356757538,0.022464754714966673,-0.006031856750140729,0.14637814002032434,-0.06087050567126662,1.127438338981246,1.1334519075161704,1.1146059356757538,1.1583114478915117,1.0255743459207873,-0.038093673939180284,0.050288943116602036,0.13781294007692568,-0.039309564812691766,0.050288943116602036,0.06937468108087645,0.8199946927039252,1.1005183260726097,0.8840166958807044,0.46125802904924473,0.46543826632312046,0.038178927319775194,-0.1828171710152373,0.1828171710152373,1.445441085069461,458743654.6874531,1.0906789337684453,0.4523809523809524,0.1746031746031746,0.1111111111111111,0.07441124724244652,0.9498966585930104,0.0023310556301113783,-0.10539771345515614,0.022020967442942352,1.070803729039645,-0.07955613481113355,0.41843566585935976,-0.07692301069664964,-0.08634867439023908,0.17232450054420445,0.7248889988838375,1.2449067208806672,0.03280788528585897,0.011450852047460103,-0.1828171710152373,0.1828171710152373,0.32972099793969134,0.746031746031746,0.23809523809523808,500342040.1675512,20.0308025048439,0.38095238095238093,0.14285714285714285,0.12698412698412698,0.06818084012973787,0.08031172055646096,0.017519683446647116,0.003170047009554937,0.0028607112438556737,0.6666666666666666,0.18355473356240845,-0.07955613481113355,1.0255743459207873,-0.05090149718887482,0.0028607112438556737,0.10850126040480412,0.9024191866029478,0.040481365894759355,-0.10437951616133412,0.10437951616133412,0.32972099793969134,528424167.2104972,0.01766613468297118,0.07110110883816337,-0.02192105355582541,0.053762208432730496,0.0895985079292938,0.283248819229202,0.2367288114440642,1.0,4.0,1.0,0.0,1.0,63.0,126.0,0.8680871212121212,0.6350855135710882,0.14506924747870897,0.479828739685628,0.6350855135710882,0.9905482041587902,0.2189065999625741,0.3159991217967744,1,1,1,1,1,0
recent_month_top_future_return,2025-09-30,BE,84.56999969482422,6.771793568699354,7.008522380143418,0.9665149454316384,0.9936232189454113,2.8077444025627347,2.52081590687438,3.301627688260454,0.2771488595912288,0.31463874752540466,0.21668363489039333,2.3188514581315256,-0.06815870615402253,3.0183788690312516,-0.7660925952385349,3.8241680564649028,-0.019705540911004737,0.019705540911004737,0.4056649869710649,1.874189028052188,1.1998808407734836,6.777755913021215,3.6162664357858585,0.17185969253744512,0.008187752239572799,1.27947181723257,-0.019705540911004737,3.5787765478516826,3.4988902239659985,3.301627688260454,3.6162664357858585,0.2950731437763998,0.5509740869679121,2.535535093021919,0.5631270597989677,2.445936585092625,2.535535093021919,2.644876413311424,0.8633584192721148,1.2267435234598438,1.1103837913787424,1.462186439680703,2.9332661853780984,0.04044603575588234,-0.019705540911004737,0.019705540911004737,4.1819853723186675,365009023.8727736,1.6864815121374415,0.48412698412698413,0.16666666666666666,0.1111111111111111,0.06509113119591636,1.9329927067240822,0.01423607653875747,0.5485830239976837,0.6114710401411234,2.562165829861759,0.415886587079368,0.2799465682901652,1.261834743924541,0.5665837974799841,0.39921571978422077,0.9586591949101287,1.1047923546656058,0.04544924514495273,0.5979479261120102,-0.019705540911004737,0.019705540911004737,2.7486702879800595,0.09523809523809523,0.9841269841269841,615580970.5247667,20.238077048997663,0.47619047619047616,0.20634920634920634,0.09523809523809523,0.0696523726983975,0.3520527861178031,0.42066081096519303,0.5641185469126431,0.5974688683153357,0.8333333333333334,0.30193078417593694,-0.06815870615402253,0.5974688683153357,0.5437066598826052,0.5974688683153357,0.22010863875482634,1.0591193492665951,0.054530465857618685,-0.019705540911004737,0.019705540911004737,0.6469328570174164,1028783230.5026644,0.09040976207587681,0.08724724448870999,0.15419259135729302,0.053762208432730496,0.0895985079292938,0.283248819229202,0.2367288114440642,1.0,3.0,1.0,0.0,1.0,63.0,126.0,0.8900568181818183,0.5627291490956186,0.2917109880332083,0.0274328923163778,0.5627291490956186,0.9848771266540642,0.2189065999625741,0.3159991217967744,1,1,1,1,1,0
recent_month_top_future_return,2025-09-30,CIEN,145.6699981689453,1.1284278342459997,1.365156645690064,1.0597087031205268,1.1661769343497548,0.7176040839796565,0.830715077637743,1.4105576275575293,-0.5910472277185415,-0.24155836868568903,0.34585473143029,0.4452432015507384,0.11136858055513166,1.1273088083283274,-0.619459694576501,2.4020414358933717,0.0,-0.0,0.17430292351224064,1.0211927776764544,0.1455373306270229,1.0517695450386655,1.1689992588718403,0.29716149746783305,0.19207851687123045,0.5614665917144479,0.030516123223498837,0.8195103998389879,1.1330224287561192,0.8195103998389879,1.4105576275575293,0.01586315652247494,0.2387446729337377,0.7910979329810284,0.14152212280463772,0.7014994250517346,0.7910979329810284,1.3915656482932235,0.5872328455620134,1.3921847482325815,0.9680910643355535,-0.06383932574195283,0.45121338654365895,0.022421662910770378,0.0,-0.0,1.7228037040924358,203764398.39593494,1.2365925649212706,0.1984126984126984,0.07142857142857142,0.023809523809523808,0.03681180293949011,1.0300314866120241,0.040044929955938224,0.2973614161723299,0.3541023707814299,1.3022606020417826,0.012171530885243254,0.19896524754260206,0.569043557894813,0.42709471845597213,-0.005476972900890553,0.5684948704729252,1.4380720982980084,0.021187009556215688,0.5349814407403599,0.0,-0.0,0.8735691082822548,0.0,0.8888888888888888,251973540.0520688,19.344834644138125,0.20634920634920634,0.047619047619047616,0.0,0.031271778816018975,0.23152404300996876,0.5151339697214541,0.6729674741878054,0.5501755483307564,1.0,0.17052990932824574,0.012171530885243254,0.5501755483307564,0.49641333989802594,0.5501755483307564,0.10543230655587577,0.8175366112526541,0.02600236278946878,0.0,-0.0,0.5564697496410704,434502857.1341378,0.041325632539916723,0.029685497212830685,0.029746517186864274,0.053762208432730496,0.0895985079292938,0.283248819229202,0.2367288114440642,1.0,3.0,1.0,1.0,0.0,63.0,126.0,0.7088068181818182,0.3037687962944826,0.4018672978702744,0.6054781221727585,0.6054781221727585,0.9886578449905482,0.2189065999625741,0.3159991217967744,1,1,1,1,1,0
recent_month_top_future_return,2025-09-30,COHR,107.72000122070312,-0.025166593652704794,0.21156221779135942,0.6763640608894229,0.696929297084355,0.13712654284223413,0.43263728850982175,0.6587618905295884,-0.23445929721123537,0.015989380176205215,0.3737295308075268,-0.16624155495065662,-0.009547316342364498,0.37551307130038647,-0.45127391467271827,0.9119388538556366,-0.07584073887310139,0.07584073887310139,0.10499897027744454,1.1091559282683765,-0.27231292729372836,-0.12132660952069296,0.6747512707057937,0.14020898825938605,0.175839515115916,0.162584900590802,-0.06838637539491565,0.42430259331835307,0.5859385848512451,0.42430259331835307,0.6747512707057937,0.17955840703724157,0.054740685086796415,0.20748797585687018,0.20614280437594235,0.11788946792757637,0.20748797585687018,0.3559529303975203,0.7223750668637187,0.6477662758872997,0.8069332547278791,-0.3767213027086286,-0.25788016881665976,0.02855953365674547,-0.07584073887310139,0.07584073887310139,1.1296954788674225,322414922.8716865,1.2129486924220592,0.30952380952380953,0.0873015873015873,0.03968253968253968,0.048175243940364564,0.7387609142337983,0.1479924533399939,-0.007631247948889253,0.062413340864781786,1.0697405121067802,-0.1592007202261988,0.14880103409048745,0.0011152671773586587,0.05214058286123757,-0.26259068668803776,0.5829084638386098,0.8027507505633101,0.024206436805137944,0.20057570995846352,-0.07584073887310139,0.07584073887310139,0.24459846819745845,0.5396825396825397,0.4444444444444444,391072759.1145712,19.784404187887098,0.2698412698412698,0.047619047619047616,0.015873015873015872,0.039458550513886526,0.08518698632898491,0.16862975551406634,0.4074773016934505,0.1906709380706022,0.6666666666666666,0.09724393800518981,-0.1592007202261988,0.20614280437594235,0.1369087296378717,0.1906709380706022,0.03534614508199785,0.46793020685615017,0.021729058648376345,-0.06003488084663111,0.06003488084663111,0.22687924232989531,388705715.99088395,-0.0028049500018387796,0.043074631796018364,0.005282135017229406,0.053762208432730496,0.0895985079292938,0.283248819229202,0.2367288114440642,1.0,3.0,1.0,1.0,0.0,63.0,126.0,0.806344696969697,0.2250278984262144,0.5248792484720672,0.7134237396271541,0.7134237396271541,0.994328922495274,0.2189065999625741,0.3159991217967744,1,1,1,1,1,0
recent_month_top_future_return,2025-09-30,LITE,162.7100067138672,1.330484883282776,1.5672136947268402,0.9770903231073458,0.9659751903210051,0.938177637030565,1.3135220030951498,1.6100418080783832,-0.3589348703113595,0.1458864471848198,0.5248636080513001,0.18679230287563664,-0.05293550255026036,1.3267929888491812,-0.8983858971514465,2.534296652988915,-0.05125360516695521,0.05125360516695521,0.24211428258563683,1.1136604598767479,-0.426404965609797,-0.01820266890766964,1.755928255263203,0.25979532302571706,0.22425470288716487,0.49318455659082816,-0.05125360516695521,1.2511069377670236,1.5390256670362035,1.2511069377670236,1.755928255263203,0.31516324244628735,0.25297359918921103,0.7116559109269367,0.15800551923223827,0.6220574029976429,0.7116559109269367,1.5530582513760236,0.6353012407523492,0.8898865273844023,0.721277877501761,-0.39857876591852526,-0.2631785646100482,0.0269328277774368,-0.05125360516695521,0.05125360516695521,2.2830912470788434,298911717.2299582,1.3957762172279518,0.3492063492063492,0.09523809523809523,0.03968253968253968,0.04907228320069346,0.7012401044586336,-0.03103962190265508,0.2928420311009885,0.22373038507474785,1.5564086510250998,0.206486149613478,0.12466461453402093,0.47810686779953393,0.3434431597991374,-0.2370695425808852,0.4582287305040897,1.2337637894380444,0.022762732682753552,0.3233618150685398,-0.05125360516695521,0.05125360516695521,0.7990933472086408,0.12698412698412698,0.9206349206349206,417213865.96034217,19.84910951869849,0.2857142857142857,0.07936507936507936,0.015873015873015872,0.04222129179447652,0.10071701053675208,0.2423704718006714,0.3982228877261659,0.2251337226482668,0.8333333333333334,0.17935130571286248,-0.05293550255026036,0.31516324244628735,0.1713715142155363,0.2251337226482668,0.020368524508254104,0.5653460149761101,0.02657426111759171,-0.05125360516695521,0.05125360516695521,0.2274905941252825,629260879.0459043,-0.0018832062078035783,0.04746830673534098,0.019614017087969504,0.053762208432730496,0.0895985079292938,0.283248819229202,0.2367288114440642,1.0,3.0,1.0,1.0,0.0,63.0,126.0,0.8115530303030303,0.23876829476779493,0.9984020050710081,1.2653185491293883,1.2653185491293883,1.0,0.2189065999625741,0.3159991217967744,1,1,1,1,1,1
recent_month_top_future_return,2025-09-30,MU,167.0518798828125,0.3841609958116672,0.6208898072557314,0.942680102380362,1.0119306208755148,0.9925803631701648,0.7910452742355625,0.9274657538889197,-0.1544665399875096,0.2489800545008014,0.41846017523212997,-0.059616418075894684,-0.11439754371142075,0.6442169346597177,-0.5686219967326844,1.544976137200318,-0.009295933863728068,0.009295933863728068,0.15237761010844952,1.059062999384264,-0.11873840445269013,0.19749681753100523,1.1764458083897211,0.20356003787545932,0.22755035158788584,0.391216559766536,0.02713591525160919,0.7729992139014101,0.9589702587266836,0.7729992139014101,1.1764458083897211,0.30478519297311424,0.10233141193443407,0.3588437571562353,-0.11364930304085319,0.2692452492269415,0.3588437571562353,0.7966629710634974,0.6003107307337439,0.7936173390646084,0.7503340532889257,0.19783593656849896,0.6840762533053106,0.025871423054411924,-0.009295933863728068,0.009295933863728068,1.5877239073999618,2603586674.5924206,1.135255676477012,0.31746031746031744,0.07936507936507936,0.023809523809523808,0.037542598154454654,0.9103437339535446,0.05940847609409439,0.2143332358937915,0.28435409542711954,1.5320448886641165,0.0904343383973727,0.2176207962133714,0.5330768755731756,0.2826564219136267,-0.08795929236747024,0.4504335838242869,1.0576853543911007,0.02280725192467959,0.3718223279977453,-0.009295933863728068,0.009295933863728068,0.5953470516115968,0.12698412698412698,0.6507936507936508,2955736551.530953,21.807013713100922,0.3333333333333333,0.06349206349206349,0.0,0.03114040023056701,0.19005677829209855,0.3639637206005175,0.8520525351666023,0.4059323166825075,0.6666666666666666,0.13344255881476771,-0.11439754371142075,0.4059323166825075,0.352170108249777,0.4059323166825075,0.10258115361003273,0.47641700473684445,0.0262395295934536,-0.009295933863728068,0.009295933863728068,0.4122215288762474,4195139028.4789314,0.026710922752136268,0.041827446438880714,0.0366404987640605,0.053762208432730496,0.0895985079292938,0.283248819229202,0.2367288114440642,2.0,7.0,2.0,1.0,1.0,63.0,126.0,0.9389204545454546,0.3382149947862205,0.41422473984080255,0.7075310798990713,0.7075310798990713,0.9924385633270322,0.2189065999625741,0.3159991217967744,1,1,1,1,1,0
recent_month_top_future_return,2025-09-30,QBTS,24.709999084472656,23.90060544686283,24.137334258306893,1.2691940943596127,1.3612701751673653,1.94166669126541,3.5091239048299165,2.2513157098081953,-1.738149806567653,0.32466108181603204,0.9263158588198093,-0.23847443088276776,-0.09078948235247619,1.9680668905789933,-1.5634742818711538,1.8341153192260315,-0.10858586953253369,0.10858586953253369,0.20514605655185347,0.891739749783626,0.20509218841618337,1.0340045200921453,2.5759767916242273,1.1091857621209815,1.3632417198709295,0.44183354349264925,0.12250658638307177,0.5131659032405422,1.780152801557655,0.5131659032405422,2.5759767916242273,-0.10349048305443953,0.12416111573871813,0.6878414279370415,0.17418033681248568,0.5982429200077477,0.6878414279370415,0.7918083400458942,1.2274668262180024,0.754297975589973,0.7077151521214435,1.3113456991907713,2.6564244897150027,0.04870360389961772,-0.10858586953253369,0.10858586953253369,2.9726687971015657,886761820.9553661,0.9986814310470133,0.5476190476190477,0.18253968253968253,0.11904761904761904,0.0875756399317886,1.1986842116632348,0.12195597910741396,0.12379615745627404,0.32419450131558225,1.6105480032473516,-0.0913322047540358,0.5821132468004926,0.43746354373381635,0.2753334532548999,0.33278379990834694,0.868696871640899,1.0658214301741216,0.04245571788322642,0.6661489662736313,-0.10858586953253369,0.10858586953253369,0.6684671427654274,0.06349206349206349,0.8888888888888888,885592564.3495605,20.601767544280058,0.5396825396825397,0.19047619047619047,0.06349206349206349,0.07708336702724307,0.28599675915513045,0.6939409455327754,0.6285359355419163,0.5819461757690159,0.5,0.3056260103819132,-0.10349048305443953,1.3632417198709295,0.5281839673362854,0.5819461757690159,0.1693719696731748,0.9258757421200884,0.044072616247593295,-0.10858586953253369,0.10858586953253369,0.6160888911786497,1226823058.315159,-0.040276570071401174,0.10260449309029658,-0.05571692846718013,0.053762208432730496,0.0895985079292938,0.283248819229202,0.2367288114440642,1.0,4.0,1.0,0.0,1.0,63.0,126.0,0.9346590909090909,0.4997977639173161,-0.08255763188031084,0.058276025390971986,0.4997977639173161,0.9829867674858223,0.2189065999625741,0.3159991217967744,1,1,1,1,0,0
recent_month_top_future_return,2025-09-30,SNDK,112.1999969482422,,,1.1159950752200902,1.2264553249923351,,1.3948772807371386,1.3566476687640963,0.6202693128335572,1.137590724743482,-0.047469063374452,1.5215594872643,-0.32556185257913917,1.0733988495348943,0.11744275512575175,1.6751529689335924,-0.011453771381126021,0.011453771381126021,0.2784646079251989,1.2218656817417803,2.7615501219271072,8.306415135641547,2.4942383935075783,0.5695712013854358,0.17377757428502028,1.1461546036441579,0.045914802745157024,1.9769169815976535,1.9426010146231094,1.3566476687640963,2.4942383935075783,0.20323693623018224,0.3904402324074776,1.474090423889848,-0.053583249987592674,1.3844919159605542,1.474090423889848,1.9820991528618987,0.8098649460220593,1.240070158827273,0.9183033053042793,1.6998107852412487,4.773180004146382,0.03380863453057627,-0.011453771381126021,0.011453771381126021,2.787980883499059,212021498.84338832,1.4171662087787218,0.373015873015873,0.1111111111111111,0.047619047619047616,0.0579936429796552,2.41597556114476,-0.011453771381126021,0.6852237511723176,0.7997641504209696,2.5689282990834004,0.22250707034437145,0.4935692155313988,1.6141659304502092,0.9427862269156047,0.9577178138577636,0.7437016567821287,1.3503927859830325,0.03340720629812116,1.1625095448203826,-0.011453771381126021,0.011453771381126021,1.757434277095157,0.015873015873015872,0.5873015873015873,300469703.69546676,19.520857490535988,0.36507936507936506,0.12698412698412698,0.047619047619047616,0.04851557346272336,0.4958703123467898,1.1021512373683042,1.1335026797029288,1.1383646719636702,0.6666666666666666,0.2264568583760854,-0.32556185257913917,1.1383646719636702,1.0846024635309397,1.1383646719636702,0.26610485265739037,1.0042893522422158,0.05343997649919134,-0.011453771381126021,0.011453771381126021,1.1969844844078454,693311478.6218008,0.09858903152123744,0.07025400988611796,0.08523229406066091,0.053762208432730496,0.0895985079292938,0.283248819229202,0.2367288114440642,1.0,3.0,1.0,1.0,0.0,63.0,126.0,0.7799242424242423,0.7765597794356938,0.990017868559264,1.1156863755737514,1.1156863755737514,0.998109640831758,0.2189065999625741,0.3159991217967744,1,1,1,1,1,1
recent_month_non_top10_control,2025-10-31,A,145.48643493652344,-0.17487298596339684,0.13227822178172155,1.1489235301239467,1.1796182575527885,-0.02801642583703179,0.2589754796455972,0.3658247116946516,-0.12048331379989619,-0.052719376179373834,0.06925445109622608,0.20810727537998752,0.04014862688733656,0.03975431764832149,-0.08846298521843798,1.1632203404358203,-0.034895340195733704,0.034895340195733704,0.05281911787022886,0.9287470090076847,-0.3643086129514853,-0.1879921523336504,0.31310533551527775,0.06039800323794464,0.05441394442927616,0.16989380660434827,0.06409904733107652,0.2453413978947554,0.30809048170156156,0.2453413978947554,0.3658247116946516,-0.025067549714199555,0.08794444647591537,0.2773617264762136,0.09450402553330428,0.16269243214793772,0.2773617264762136,0.933954976303278,0.3144930491480136,0.6703412642540262,0.9442990229206945,-0.3849207990404897,-0.2986132805264913,0.014352088707112295,-0.011281508755581982,0.011281508755581982,0.39645318195642165,220920719.44420224,0.9577921844350396,0.07936507936507936,0.023809523809523808,0.007936507936507936,0.023685595948416037,0.6204508475990488,-0.010176628388434472,0.10207683681013391,0.10268972056426762,1.07424781682563,0.02345803319976647,0.05738597695099597,0.1670690072188732,0.12385931972323228,-0.21537731037757413,0.2969754790258192,0.7098824079905076,0.013405465906185498,0.14070064660289305,-0.011281508755581982,0.011281508755581982,0.2951858017758038,0.07936507936507936,0.9682539682539683,211596138.46342298,19.170190013280205,0.06349206349206349,0.031746031746031744,0.0,0.02239213534262509,0.059682378624907884,0.11204675958562005,0.6655958159728657,0.1403193578637687,0.8333333333333334,0.0546294063665421,-0.025067549714199555,0.1403193578637687,0.09251545396501237,0.1403193578637687,0.026349452250805205,0.21081766816498304,0.010832953087752159,-0.011281508755581982,0.011281508755581982,0.07129266587026994,220982373.9073254,0.005634161273482707,0.022654510128507614,0.008878312074644956,0.04780390389875633,0.11466929432827588,0.3260703940463301,0.3071512077451184,1.0,3.0,1.0,1.0,0.0,63.0,126.0,0.5361742424242425,0.04878380307341712,-0.0703060506267752,-0.0838396035323562,0.04878380307341712,0.3886792452830189,0.23284763142505718,0.3114398857585504,0,0,0,0,0,0
recent_month_non_top10_control,2025-10-31,AAPL,269.6072692871094,-0.1047772159056728,0.2023739918394456,1.1932329241075763,1.2131425996436083,0.14970256645705993,0.22014955185751361,0.2754437168470196,0.04383723286300567,0.07221302534870588,-0.02191911705046712,0.3259459507012279,-0.05358413836972298,-0.050626677199310466,0.02858311680374115,1.1147722833462297,-0.0037950435186790976,0.0037950435186790976,0.05228339083058797,0.8708069466257456,0.06776714284298069,0.3923970063578517,0.3476567421957255,0.03638133590705025,0.021508528939144567,0.17624822186806544,0.02806122063106442,0.3192809497100253,0.3141271362509235,0.2754437168470196,0.3476567421957255,0.011697701048496878,0.07104449856899886,0.3040268336507608,0.11963891948030181,0.1893575393224849,0.3040268336507608,1.1565715081441483,0.24708518588228248,0.9680919567456732,1.0638801829022366,1.2853388075100187,1.4266075004887808,0.010854359136232027,-0.0037950435186790976,0.0037950435186790976,0.38616715330448526,12041257555.119675,1.0862702611122135,0.09523809523809523,0.015873015873015872,0.0,0.019187921466758986,1.271148347675273,0.004925232127455881,0.07156083872271957,0.08911081061454329,1.1662136953825133,0.0968812192629327,0.06308872250835616,0.1646851596191794,0.05582603149947407,0.5830829604788541,0.2628690327488758,0.9099633326233639,0.011976690900934958,0.04438911208720686,-0.0037950435186790976,0.0037950435186790976,0.33390925497215607,0.015873015873015872,0.9841269841269841,13080059988.519262,23.29435476931963,0.14285714285714285,0.015873015873015872,0.0,0.01896654458530236,0.049980649114438114,0.05651869330459003,0.2584235052197741,0.06181520766834603,0.8333333333333334,0.042992906338249835,-0.05358413836972298,0.11963891948030181,0.0140113037695897,0.06181520766834603,0.045880387701607184,0.2392011810836472,0.010490996713714203,-0.0037950435186790976,0.0037950435186790976,0.10233626399897999,12398487562.645103,0.018289122919465495,0.01994887272679075,0.0019047607382762788,0.04780390389875633,0.11466929432827588,0.3260703940463301,0.3071512077451184,2.0,8.0,2.0,1.0,1.0,63.0,126.0,0.7195075757575757,0.03236417355566945,0.00648560284910582,-0.03934782433985162,0.03236417355566945,0.30943396226415093,0.23284763142505718,0.3114398857585504,0,0,0,0,0,0
recent_month_non_top10_control,2025-10-31,ABBV,213.00387573242188,-0.20025010726859205,0.10690110047652635,1.0395869390553918,1.0296169091070657,0.21563761352444133,0.06698994641363787,0.1353594862887466,0.05798523843044667,0.05484340822379008,-0.022795725406005607,0.18464030161855027,-0.046079041209399874,-0.19071090775758348,0.026485089923798055,0.5598668177092941,-0.101350952047363,0.101350952047363,0.04875209505548583,0.9399677866484951,0.0461349645821858,0.215446234586115,0.1902028945125367,0.03260868595554589,-0.002632793476667783,0.05898745649791848,-0.061962522788222896,0.19334472471919328,0.17296903517349219,0.1353594862887466,0.19334472471919328,0.0271121879394014,0.06330410260981334,0.16184457621254467,0.1131097533316816,0.04717528188426878,0.16184457621254467,0.7012906754467905,0.24177086765486933,0.8134959414910784,0.9545443607447447,0.1782895954197643,0.11758826940070599,0.010593267734002916,-0.101350952047363,0.101350952047363,0.24835817558670126,1145419082.79557,0.9997648977468012,0.06349206349206349,0.007936507936507936,0.007936507936507936,0.020262268982538634,1.2320892011654727,-0.101350952047363,0.05318211137903317,-0.014296513673365707,0.9326597352064354,0.10047518749048034,0.07087979343958958,0.043782585441366706,0.038916986814241605,0.3377064171056914,0.2307810183123195,0.8522348200311833,0.009488783699620534,0.012938644323116089,-0.101350952047363,0.101350952047363,0.1187562441765766,0.3492063492063492,0.9682539682539683,1145149792.1883478,20.858801289141216,0.07936507936507936,0.015873015873015872,0.0,0.017130445533172698,-0.040727336904663125,-0.018314126287023447,-0.2619309245516271,-0.05151647460438913,0.5,0.023411469911851095,-0.05151647460438913,0.1131097533316816,-0.09932037850314546,-0.05151647460438913,-0.043957110852448356,0.19667961960801283,0.008302926521520818,-0.06112668118079645,0.06112668118079645,0.0,1241136690.6861079,-0.04171723144763939,0.017800643199822233,-0.03261014944851648,0.04780390389875633,0.11466929432827588,0.3260703940463301,0.3071512077451184,1.0,3.0,1.0,1.0,0.0,63.0,126.0,0.606439393939394,0.04430384008736166,0.04792705600561398,0.031023132619674376,0.04792705600561398,0.3867924528301887,0.23284763142505718,0.3114398857585504,0,0,0,0,0,0
recent_month_non_top10_control,2025-10-31,ABNB,126.54000091552734,-0.3683574751354012,-0.06120626739028279,0.920045829308292,0.9343425537391559,-0.035297684821605224,0.0592667159326552,0.03789372388424783,-0.08172019798777375,-0.05696348422899711,0.08604007259439084,-0.13037209120501947,0.05807088203236255,-0.28817667016208226,-0.08222574249487646,0.13886842670966562,-0.21608225529101965,0.21608225529101965,-0.014808150769051953,0.7927525345389204,-0.10187024377660259,-0.14168614884425756,-0.019069760344749276,0.041904502882152854,0.025891444479772208,-0.016907722118264523,0.03801702202698043,-0.043826474103525914,-0.008334170188009119,-0.043826474103525914,0.03789372388424783,0.0005289959661174404,-0.015502149481750105,-0.04433201861062863,-0.014198359873246358,-0.15900131293890452,-0.04433201861062863,-0.17001259510899555,0.27287501401216874,0.7056486539727823,0.955592294860723,-0.0667202787830049,-0.027366014180632003,0.012492115782200667,-0.1098762123255721,0.1098762123255721,0.07064894070258343,617239132.555565,1.0021846890875694,0.06349206349206349,0.007936507936507936,0.007936507936507936,0.022398748285246232,0.7335655691650748,0.11532431810222143,-0.008136837765419291,0.016078683556288276,1.0300345814149823,-0.06979239022100159,0.04602201713690163,-0.030567669509565465,0.00964858175143335,-0.08149320670096294,0.26075726085004025,0.7384411299335877,0.011425332107522813,0.034389044445410466,-0.030567669509565465,0.030567669509565465,0.07064894070258343,0.6984126984126984,0.23809523809523808,618587608.15288,20.242949387547252,0.031746031746031744,0.0,0.015873015873015872,0.02216829107150678,0.02206918576194017,0.04018960850637665,0.21899171438424175,0.04216770568105255,0.6666666666666666,0.007111379677509466,-0.06979239022100159,0.05807088203236255,-0.005636198217703781,0.04216770568105255,0.017043155988933023,0.19255388634049098,0.008928757215828717,-0.019601815023812086,0.019601815023812086,0.07064894070258343,541290928.3498855,-0.007568319910383869,0.024331655595224766,-0.00587643430554774,0.04780390389875633,0.11466929432827588,0.3260703940463301,0.3071512077451184,1.0,3.0,1.0,1.0,0.0,63.0,126.0,0.5865530303030304,-0.07547023062006297,0.07254623232778346,0.022364423748892914,0.07254623232778346,0.4867924528301887,0.23284763142505718,0.3114398857585504,0,0,0,0,0,0
recent_month_non_top10_control,2025-10-31,ABT,121.36451721191406,-0.19607789103883988,0.11107331670627851,0.9397102079508404,0.9507087497733476,-0.020520350161039258,-0.05537257150580266,-0.04606442785657938,-0.036892153115162696,-0.02020991432645758,-0.03054340809866174,0.014533387755742533,0.02164438147036485,-0.3721348219029095,0.030054407513660175,-0.21912607219028882,-0.10636968516441858,0.10636968516441858,-0.0041523800401127575,0.8861015219318736,0.04794276024157318,0.03116517533189067,-0.06627434218303696,0.01847416524753212,0.018191329268119505,-0.054324482692888476,-0.009123462431684937,-0.08295658097174208,-0.06509845033711947,-0.08295658097174208,-0.04606442785657938,-0.06803581541770742,-0.0002159570765967178,-0.016010020342919207,0.051271740192089466,-0.1306793146711951,-0.016010020342919207,-0.09859723137074217,0.21021883610717526,0.7860970504398846,0.7724236036785554,-0.0654524229600838,-0.13362343453789238,0.00875324845481757,-0.09670434153438667,0.09670434153438667,0.03036847411838428,796229923.7777226,0.9349056787264162,0.023809523809523808,0.0,0.007936507936507936,0.018554674289443313,0.9244668984974739,-0.07151455911513471,-0.014512204283475993,-0.05649971400372411,1.0583673598882801,0.009648966519228752,0.05138392346193068,-0.064000351158222,-0.02969918969820251,0.11153945271617083,0.16237799094701594,1.0177020053455272,0.00822014643234921,-0.05398097081155706,-0.09113072150925128,0.09113072150925128,0.0,0.4603174603174603,0.0,744399877.3116944,20.428088919260695,0.0,0.0,0.0,0.0185165726537967,-0.05227918276758747,-0.056612723842468626,-0.44141849795765636,-0.07294546928657519,0.6666666666666666,-0.006704144542413341,-0.07294546928657519,0.051271740192089466,-0.12074937318533152,-0.07294546928657519,-0.0408712062777028,0.165252407010756,0.009141388659328892,-0.07742255100263051,0.07742255100263051,0.0,802331259.815325,-0.022534995926719592,0.022032196132012676,-0.013423575348016303,0.04780390389875633,0.11466929432827588,0.3260703940463301,0.3071512077451184,1.0,3.0,1.0,1.0,0.0,63.0,126.0,0.39943181818181817,0.04271145227814088,0.013509170837133988,-0.11136012029553377,0.04271145227814088,0.36981132075471695,0.23284763142505718,0.3114398857585504,0,0,0,0,0,0
recent_month_non_top10_control,2025-10-31,ACGL,86.30999755859375,-0.38622201945266876,-0.07907081170755037,1.0668675809101391,1.0700264238282968,-0.07263352485652153,-0.1026201155673202,-0.04819147256148171,-0.0038678940974031795,-0.04366462248099334,-0.05094842005992284,0.05385337017719172,0.04808117110364307,-0.3742618666078118,0.051096422678750586,-0.2121284866931172,-0.1432400298905051,0.1432400298905051,-0.011222107285425054,0.9157268170426065,-0.19025837115391486,-0.1879061121142409,-0.09185609504247505,0.02417071041292762,-0.04198230035073236,-0.03699069990944881,0.02327159555700431,-0.05205936665888489,-0.06403564475428054,-0.09185609504247505,-0.04819147256148171,-0.05480511066350491,-0.001047826690672382,0.0029049501172688785,0.06356032275017065,-0.111764344211007,0.0029049501172688785,0.013340908054302051,0.2271805796229505,1.0513093905175745,0.9584778588181129,0.31371753246753253,0.24971842637201336,0.011130562695302848,-0.10345901559964377,0.10345901559964377,0.018767661885987774,186375659.04943678,1.0076719254153115,0.03968253968253968,0.0,0.0,0.019809731764689996,1.0331165081005502,-0.05274368518501882,-0.015200321312048515,-0.03892838615140748,1.153867824000259,-0.008740253829701006,0.05150724204446872,-0.05703049590648346,-0.010647185444958462,0.22399481426796553,0.2177475555220634,1.096853078916117,0.010752026695109542,-0.03284415806521723,-0.0827842831227007,0.0827842831227007,0.018767661885987774,0.2857142857142857,0.047619047619047616,187805519.20489356,19.050917518368706,0.031746031746031744,0.0,0.0,0.01919946422564135,-0.032073596930934034,-0.04740146542995671,-0.20397181727364475,-0.04871603256699386,0.3333333333333333,-0.007100367259519735,-0.05480511066350491,0.06356032275017065,-0.09651993646575019,-0.04871603256699386,-0.02840163699651277,0.23883707670083337,0.010882455599326482,-0.0827842831227007,0.0827842831227007,0.018767661885987774,203321610.55137998,-0.004061779731696524,0.023867464796714657,0.004866550349163168,0.04780390389875633,0.11466929432827588,0.3260703940463301,0.3071512077451184,1.0,3.0,1.0,1.0,0.0,63.0,126.0,0.26410984848484853,0.08817055759021808,0.11134284419168927,0.11273321321007024,0.11273321321007024,0.6188679245283019,0.23284763142505718,0.3114398857585504,0,0,0,0,0,0
recent_month_non_top10_control,2025-10-31,ACN,245.0503692626953,-0.571490067309681,-0.2643388595645626,0.9311786704532186,0.9419880709340845,-0.34381812235702824,-0.19049727222394497,-0.15978323151437634,0.0007308814448474532,-0.04686149798263639,-0.1026713664109613,0.03902482381152916,0.059067481776387876,-0.48585362556070644,0.0961366889149442,-0.5910956685548162,-0.36573201426702207,0.36573201426702207,-0.05247776694923467,1.3059518210795842,-0.19738845664462568,-0.2484719064295895,-0.20664472949701274,0.027268934585081256,-0.056593748054850734,-0.04819645260692973,0.13150331879824417,-0.1590523500695289,-0.17516010369363932,-0.20664472949701274,-0.1590523500695289,-0.10189080492633085,-0.015940955180022143,-0.06364654259943214,-0.026694108028819885,-0.17831583692770803,-0.06364654259943214,-0.23745606315881776,0.2703170400572113,1.0168592987633083,0.9915580172226793,-0.5708645610278373,-0.5647738253484547,0.012577525084607329,-0.2223296319353273,0.2223296319353273,0.07542143318622618,1095972170.3748915,1.0867808584710466,0.07936507936507936,0.0,0.007936507936507936,0.021324421142154965,0.8375828991858829,0.14887928273066942,-0.008581535347973901,0.013411410612128583,0.9188240352314635,-0.05142900479057577,0.05689546164696885,-0.03796590041777581,0.017422383571947142,-0.2609859154929578,0.268035028260632,1.0255166930236688,0.012606389496794162,0.034501235856861934,-0.03796590041777581,0.03796590041777581,0.07542143318622618,0.6984126984126984,0.4126984126984127,1191081576.1804006,20.89812761966779,0.09523809523809523,0.0,0.0,0.025332089838078168,0.020980259923423228,0.02506923213585721,0.051634631742946864,0.0141930382025095,0.3333333333333333,-0.02722452430361331,-0.10189080492633085,0.059067481776387876,-0.03361086569624683,0.0141930382025095,0.01342250147319679,0.274874395796349,0.013263504771105257,-0.012828067226642759,0.012828067226642759,0.06871208968822207,986423872.4605016,0.004212005912984873,0.023579139553375865,-0.0005754232560286621,0.04780390389875633,0.11466929432827588,0.3260703940463301,0.3071512077451184,1.0,3.0,1.0,1.0,0.0,63.0,126.0,0.5962121212121212,-0.00039982263591398226,0.07277089540282433,0.05413845071437251,0.07277089540282433,0.48867924528301887,0.23284763142505718,0.3114398857585504,0,0,0,0,0,0
recent_month_non_top10_control,2025-10-31,ADBE,340.3099975585937,-0.5953247203019902,-0.28817351255687185,0.8382174663755453,0.8473015339188477,-0.22205969125099556,-0.11269001475312035,-0.09245829754108814,-0.027914962220229933,-0.08769540271437326,-0.046109147256791494,-0.002480426855388518,0.10696566263908114,-0.41852869158741823,0.04386872342890813,-0.3449700156583121,-0.384566724472132,0.384566724472132,-0.037257945445194784,1.0508665356440952,-0.16611641665374133,-0.20663446482767467,-0.1801537002554614,0.0448022131869003,-0.06796114506241846,-0.05379555266978464,0.0758481656766663,-0.12037325976131807,-0.13099508585262254,-0.1801537002554614,-0.09245829754108814,-0.07544975721929081,-0.009107886857517067,-0.04858957411218001,-0.0027677324711841145,-0.1632588684404559,-0.04858957411218001,-0.17161934085186267,0.26801835911636673,1.2089401159417614,1.0563609023386393,-0.2979648180274964,-0.322722633414289,0.012285919329665908,-0.19104781904645718,0.19104781904645718,0.0336542423306776,1461495747.0873878,1.0372826111581388,0.07936507936507936,0.0,0.015873015873015872,0.02202684248787436,0.8977112347087659,0.0032648796977828853,-0.018877371862445647,-0.029838368889843814,0.986425768832684,-0.011073765270124603,0.06619233727178733,-0.045949016225221406,-0.029497543459572118,-0.040226465137630285,0.28312411567948664,1.14443852784151,0.013474633764374626,-0.019380830590989384,-0.07388557809783625,0.07388557809783625,0.0336542423306776,0.49206349206349204,0.1746031746031746,1515984124.7353206,21.139330652960926,0.07936507936507936,0.0,0.015873015873015872,0.02508965950360532,-0.022673428722679745,-0.018452971460400702,-0.10883889158327495,-0.0352657758792525,0.16666666666666666,-0.014258752210531559,-0.07544975721929081,0.10696566263908114,-0.08306967977800883,-0.0352657758792525,-0.013362560997785988,0.32401814614466107,0.013306285848822557,-0.05445807536351932,0.05445807536351932,0.0336542423306776,1272095313.3430116,-0.027074147508389768,0.026154740803187384,-0.01934735205146887,0.04780390389875633,0.11466929432827588,0.3260703940463301,0.3071512077451184,2.0,8.0,2.0,1.0,1.0,63.0,126.0,0.6104166666666667,-0.059298853458769285,0.02844463208611625,-0.13828567452089335,0.02844463208611625,0.2943396226415094,0.23284763142505718,0.3114398857585504,0,0,0,0,0,0
recent_month_non_top10_control,2025-10-31,ADM,59.1849250793457,-0.16687862075425852,0.14027258699085987,1.1021089171672394,1.1071809232105891,0.21737870563582584,0.28465643101867344,0.2916513968757548,-0.13497719994751112,-0.026906021580355155,0.1463147618820062,-0.01952878666248048,0.021273864372953977,-0.03441899717057528,-0.16486542165622908,1.1671341854445971,-0.05731194844450427,0.05731194844450427,0.05299421422080619,0.8352006993516428,0.012843990668037986,0.14125840377012144,0.26474537529539965,0.07144013589084987,0.09343268714228992,0.039264506934793,-0.021025908543389482,0.1566741969282437,0.23769032303313273,0.1566741969282437,0.2916513968757548,0.026525198543490003,0.0356131266140185,0.12678597521952573,0.16606428479505175,0.012116680891249842,0.12678597521952573,0.5063109430507624,0.24988677438546267,0.9527422315280973,1.0020990038514568,0.24860836219693216,0.26511985627539825,0.012175621500099975,-0.05731194844450427,0.05731194844450427,0.2994734003655619,197653436.4256783,1.1120672714381785,0.047619047619047616,0.007936507936507936,0.0,0.024078631685955806,1.0450909843915823,0.01230333086931723,-0.0008183411756250702,-0.019163037359182122,1.1859032522052095,-0.04629621498268077,0.07382178404079184,-0.03368451472847356,0.016486404313663883,0.2074224707676664,0.25041128768732585,0.9507466107304148,0.011882615401422707,0.023088254348588633,-0.05731194844450427,0.05731194844450427,0.07613716649226943,0.7619047619047619,0.9682539682539683,219803917.73628357,19.208246428420377,0.047619047619047616,0.015873015873015872,0.0,0.02540674231698793,-0.0150677043680566,0.020199991218898372,0.055544549223792934,0.013223917585666323,0.8333333333333334,0.0457039562427952,-0.04629621498268077,0.16606428479505175,-0.034579986313090005,0.013223917585666323,-0.024118934640957934,0.2380776830573639,0.012059653446735203,-0.044966902182403845,0.044966902182403845,0.00016522255407114272,210208006.32816496,-0.020090336775358097,0.029100103302228987,-0.007867563166301328,0.04780390389875633,0.11466929432827588,0.3260703940463301,0.3071512077451184,1.0,3.0,1.0,1.0,0.0,63.0,126.0,0.38579545454545455,0.011925641120999586,-0.042219216237115,0.1213813907378376,0.1213813907378376,0.6528301886792452,0.23284763142505718,0.3114398857585504,0,0,0,0,0,0
recent_month_non_top10_control,2025-10-31,ADP,254.5773468017578,-0.3884320130118898,-0.0812808052667714,1.078498484785587,1.0969493980936935,-0.12755168153571161,-0.13933365241234985,-0.1252184334785642,-0.026363884589945985,-0.06699315852100973,0.034751791196470094,-0.18934946963108557,0.08293404294676932,-0.4512888275248943,-0.029379244956051265,-0.7028080327765632,-0.1953754095950868,0.1953754095950868,-0.02500546217253552,0.9980283781855956,0.2597025216706068,0.0649554363021001,-0.19221159199957394,0.033748766889716494,-0.047888292283781775,-0.12184266517248099,-0.10507734421667125,-0.1515823180685102,-0.1563374478488828,-0.19221159199957394,-0.1252184334785642,0.0035667755921489075,-0.03055343325201454,-0.15459767843461547,-0.017608953856506404,-0.26926697276289135,-0.15459767843461547,-0.8222569323684022,0.17816875681381641,1.3664725842710856,1.0552706868989874,-0.18967811430743886,-0.2813397497834693,0.007686503391669928,-0.1953754095950868,0.1953754095950868,0.0,490611534.9833534,1.0307891825154947,0.015873015873015872,0.0,0.007936507936507936,0.015367811105835327,1.0814037065745896,-0.10212673785330117,-0.036759878065185436,-0.10011534642285269,0.9953002343143059,-0.02968446388611845,0.06434036683954185,-0.13944419090124704,-0.038304893983141075,0.12492303181351705,0.18801626638685467,1.2949024371051134,0.008123735022862377,-0.054137339254209715,-0.15331204871211834,0.15331204871211834,0.0,0.8095238095238095,0.0,505717063.0781628,20.04148790896156,0.015873015873015872,0.0,0.015873015873015872,0.015484458232134877,-0.084695834132959,-0.07947610492767843,-0.4646196364273673,-0.11311756117470484,0.3333333333333333,-0.020299742110365542,-0.11311756117470484,0.08293404294676932,-0.16092146507346117,-0.11311756117470484,-0.07330932268240675,0.24346272155974233,0.008182676974720717,-0.11142211609173558,0.11142211609173558,0.0,484202097.9968116,-0.05574139120160859,0.018418303482322575,-0.03105253658410967,0.04780390389875633,0.11466929432827588,0.3260703940463301,0.3071512077451184,1.0,3.0,1.0,1.0,0.0,63.0,126.0,0.3134469696969696,-0.019208545010929945,-0.005406203711212587,-0.04565702873912403,-0.005406203711212587,0.1792452830188679,0.23284763142505718,0.3114398857585504,0,0,0,0,0,0
recent_month_top_future_return,2025-10-31,ALB,97.44365692138672,-0.24771912270411311,0.05943208504100528,1.0758487798873388,1.1182795554471439,0.18739204161964063,0.38027400505309816,0.6978193912533714,-0.12189832713539595,0.08495208838944146,0.1663992970580923,0.2892080541599973,-0.047651698133774345,0.37174899720704135,-0.24221204003528185,1.1498239395406116,-0.09829281071204388,0.09829281071204388,0.10815619117047759,0.8982540686687324,-0.525120733017676,-0.3087622480394714,0.7827714796428129,0.1039736776648569,0.13125683781668918,0.24761839655362783,0.12384510437941176,0.5759210641179755,0.6855039783380533,0.5759210641179755,0.7827714796428129,0.08265533476401066,0.1044422757198511,0.4556073512180896,0.25158423269777885,0.3409380568898137,0.4556073512180896,0.7170611759324428,0.6068923834827885,1.1663022640623761,1.0469424918063504,-0.25323083778966127,-0.09527462569999612,0.028824831533549686,-0.0701438444311473,0.0701438444311473,0.8044531460651378,290709432.7457004,1.0848414000666178,0.40476190476190477,0.11904761904761904,0.05555555555555555,0.0456922921797783,0.7151604241623151,0.00953827527828277,0.13057778700977485,0.12878500803263626,1.2133561127025798,-0.04003861974566081,0.12496803260279796,0.16301189579589126,0.1789501198714054,0.08245785597014255,0.6353814242217657,1.1140079547732251,0.029837400818434275,0.15735640711847276,-0.0701438444311473,0.0701438444311473,0.4675031683348059,0.07936507936507936,0.9682539682539683,315373628.0324179,19.56926861781313,0.42857142857142855,0.12698412698412698,0.07936507936507936,0.047831802246545554,0.07112090477327593,0.13708135644748642,0.2988322943257991,0.21151946288480294,0.6666666666666666,0.09822092504730774,-0.047651698133774345,0.25158423269777885,0.16371555898604662,0.21151946288480294,0.02968614567662131,0.7078199608981881,0.03326118675241597,-0.0701438444311473,0.0701438444311473,0.1134663579704196,311987733.24483234,0.014165048932231805,0.053933192326845535,0.008873697631047062,0.04780390389875633,0.11466929432827588,0.3260703940463301,0.3071512077451184,1.0,3.0,1.0,1.0,0.0,63.0,126.0,0.7834280303030303,0.32332299963944955,0.4442318375118961,0.7422885054064963,0.7422885054064963,0.9943396226415094,0.23284763142505718,0.3114398857585504,1,1,1,1,1,0
recent_month_top_future_return,2025-10-31,COHR,131.9600067138672,0.1203693810552875,0.4275205888004059,0.7544855788903657,0.7927453987071396,0.4582827917902015,1.0320295927449559,1.0516170295393503,-0.5724105721004853,-0.3068066169235615,0.6728855563533154,-0.4464914245206377,0.175839515115916,0.7255466354930202,-0.8252228977066727,1.89488002641765,-0.04418362271908394,0.04418362271908394,0.09322336967585398,1.1958436317211951,0.3296310406470708,0.6306517057521444,0.7448104126157888,0.28645233002081144,0.17955840703724157,0.290732825333633,-0.04418362271908394,0.47920645743886503,0.7585446331980014,0.47920645743886503,1.0516170295393503,0.20614280437594235,0.07474154950917988,0.22639413183267765,-0.1592007202261988,0.11172483750440176,0.22639413183267765,0.34124214995309227,0.5549781595025182,1.1308087313037278,1.1954367530683458,0.9464178464178463,1.3844161638565322,0.024863987165161538,-0.04418362271908394,0.04418362271908394,0.8954323686858188,351777330.8508555,1.273610429804859,0.30952380952380953,0.07142857142857142,0.023809523809523808,0.042598542830854076,1.300134203827436,0.03165711615401745,0.1631381873803055,0.20338222259768446,1.347966248741733,0.1906709380706022,0.14591928273567034,0.45860511698179907,0.14153564145899922,0.28311651583710407,0.6634412890195369,0.9459377322984789,0.028999984134605604,0.16691146462110762,-0.04418362271908394,0.04418362271908394,0.5246678458804179,0.031746031746031744,0.8095238095238095,448027277.5405642,19.920364678125036,0.3968253968253968,0.1111111111111111,0.047619047619047616,0.04554073251693465,0.1228950524374286,0.22147898389035858,0.3585678265788939,0.2250278984262144,0.8333333333333334,0.13633980713328628,-0.1592007202261988,0.2250278984262144,0.17722399452745807,0.2250278984262144,0.08839727308257994,0.6275741484483205,0.03181494208889997,-0.04418362271908394,0.04418362271908394,0.20654661607376723,414932964.1669137,0.03159840763841726,0.05185011734244743,-0.018096297407132256,0.04780390389875633,0.11466929432827588,0.3260703940463301,0.3071512077451184,1.0,3.0,1.0,1.0,0.0,63.0,126.0,0.8188446969696971,0.24477103781152243,0.39868140295284604,0.6079113510190814,0.6079113510190814,0.9886792452830189,0.23284763142505718,0.3114398857585504,1,1,1,1,1,0
recent_month_top_future_return,2025-10-31,ECHO,74.87000274658203,1.6804786542719812,1.9876298620170996,1.5616826981494611,1.4702333215192729,1.706796932740653,1.926896128611669,2.3305162042336014,-0.6276280928819027,0.8922702977190373,0.44973313239426393,0.8475974105955248,-0.21129893668705413,2.0044458101872715,-1.0331856612438126,1.6065431974997824,-0.10410430752677158,0.10410430752677158,0.30450744116690087,1.793445823676942,-0.0425561876865882,1.1995649132241835,3.2227865019526387,0.7637794647799763,0.5623238284328564,0.5190649539269983,-0.09709639941053239,1.7028881113516987,2.4187302725126467,1.7028881113516987,3.2227865019526387,0.17653426913225556,0.375467792846762,1.2973305429897888,0.895980381289466,1.182661248661513,1.2973305429897888,0.8505947484030023,1.4506402366649822,0.18542386619485576,1.0514006141062815,-0.4958026815377313,-0.5056409859041835,0.040711422012628735,-0.10410430752677158,0.10410430752677158,3.682301677190484,215439554.7677131,1.560772795494838,0.3333333333333333,0.1111111111111111,0.07142857142857142,0.05269364747339559,0.5162804118701212,-0.017829339107462205,0.11517921226290251,0.056545765111873925,0.8569615531267807,0.2357986644917316,0.4006522322560213,0.2116847651278766,-0.006131799112227387,-0.5486730363283134,1.525204035676844,0.17635890992176276,0.03479536989293503,-0.012455659024438126,-0.10410430752677158,0.10410430752677158,1.8009728405823284,0.6031746031746031,0.9841269841269841,336252196.15496683,19.633372023148837,0.25396825396825395,0.1111111111111111,0.0,0.04278326716387252,0.0034355060365014456,-0.029112963437131212,-0.07254280945751941,-0.019512805812727296,0.6666666666666666,0.2733042334744214,-0.21129893668705413,0.895980381289466,-0.06731670971148362,-0.019512805812727296,0.0074614596003668154,0.26898332114024154,0.013401192890115269,-0.02917531016425856,0.02917531016425856,0.036549899860900625,196677713.0749294,0.014306246251142962,0.030748515795382004,0.009465003846585773,0.04780390389875633,0.11466929432827588,0.3260703940463301,0.3071512077451184,1.0,3.0,1.0,1.0,0.0,63.0,126.0,0.7999053030303032,-0.021103269308038297,0.4518497790919953,0.5122211442134861,0.5122211442134861,0.9830188679245283,0.23284763142505718,0.3114398857585504,1,1,1,1,1,0
recent_month_top_future_return,2025-10-31,LITE,201.55999755859372,1.8486339954697864,2.1557852032149047,1.1277762502708315,1.1389072188826885,1.3696214829979123,2.2332370398659114,2.4139565452747824,-1.2936114712666043,-0.6253566426371742,0.8644986470876554,-0.03346672297906017,0.22425470288716487,2.087886151228452,-1.5829246211661872,4.786656850458417,-0.05936158901048172,0.05936158901048172,0.177012485783395,1.2152427379826949,0.5895959083997604,1.9106008547123636,1.7885999026376083,0.6469242723675284,0.31516324244628735,0.5417299938729137,-0.05936158901048172,1.1203450740081782,1.7743005073068563,1.1203450740081782,2.4139565452747824,0.15800551923223827,0.18135087777527192,0.8310319241085953,0.206486149613478,0.7163626297803194,0.8310319241085953,1.4192329621038113,0.5043095046689211,1.4417255482912361,1.1610926208487178,1.0179574169396348,1.4997816682963356,0.024812982638493727,-0.05936158901048172,0.05936158901048172,2.1907551591109846,366793650.9124332,1.4624117543400932,0.3412698412698413,0.10317460317460317,0.023809523809523808,0.045719679256209775,1.2570613062885252,-0.008107983843526512,0.11442099428873864,0.2568552906191819,1.8376150333710295,0.2251337226482668,0.0511814360582098,0.517656812467514,0.05399832213149214,0.2933729895902326,0.5855500444949563,1.2416972792725058,0.02967013051781858,0.1231240154977109,-0.05936158901048172,0.05936158901048172,0.8637077643532256,0.031746031746031744,0.9841269841269841,536403346.51165915,20.10039695005266,0.3968253968253968,0.15873015873015872,0.047619047619047616,0.05160274236790328,0.1946301928858467,0.2187768235672336,0.3283952826811919,0.23876829476779493,1.0,0.2279686052658717,0.15800551923223827,0.31516324244628735,0.1909643908690386,0.23876829476779493,0.17524611758751352,0.7270758971272819,0.03813523995029163,-0.05936158901048172,0.05936158901048172,0.34723612550167804,544175235.8312697,0.09664465374693809,0.06284942283466369,-0.00035710191619686693,0.04780390389875633,0.11466929432827588,0.3260703940463301,0.3071512077451184,1.0,3.0,1.0,1.0,0.0,63.0,126.0,0.8476325757575758,0.6132169458256964,0.8286862512525139,0.9440365205599999,0.9440365205599999,0.9981132075471698,0.23284763142505718,0.3114398857585504,1,1,1,1,1,0
recent_month_top_future_return,2025-10-31,LUV,29.90815544128418,-0.2937546898948997,0.01339651785021867,1.020309347506191,1.0396976452361042,0.0038186174018715047,-0.08738776469443399,0.09604854617310599,-0.15677405088868057,-0.17796821827872222,0.1125930528896899,-0.12746327581047268,0.19384819919504448,-0.2300218478732241,-0.11091876909388876,0.26469012252768254,-0.19177546776603782,0.19177546776603782,0.0016809125095926802,0.7743595059169042,-0.3731852927233942,-0.38250616715062247,-0.08191967210561624,0.0972110954578631,-0.0225644020959217,-0.06513011908734234,0.05327805711226574,-0.060725504715574585,-0.015532210216028278,-0.08191967210561624,0.09604854617310599,-0.04654745279423678,0.022272128761844368,-0.014870222920782772,0.06369225350798646,-0.12953951724905866,-0.014870222920782772,-0.045050832712445935,0.3628716676537893,1.0258755866345606,0.90962334064276,-0.17707178559620362,-0.21859210930941575,0.015808705992099013,-0.19177546776603782,0.19177546776603782,0.048522551896242216,333317299.04088974,0.8476122845181321,0.1111111111111111,0.031746031746031744,0.015873015873015872,0.028960386957896066,0.776040337285242,0.022532717866431407,0.008451611698435224,-0.06063767167912881,1.1061374619160804,-0.024647480535680777,0.09520745217416808,-0.0738582763667549,0.00979858861088112,0.1327687523146186,0.3300765385558492,1.1278026198290538,0.015086428878771872,-0.011786827243904896,-0.12629751654439125,0.12629751654439125,0.048522551896242216,0.12698412698412698,0.9206349206349206,282523837.30946195,19.459273488387016,0.12698412698412698,0.031746031746031744,0.015873015873015872,0.029758771469307298,-0.06493987654727373,-0.04573831636620618,-0.13553486355683722,-0.05045436890664068,0.3333333333333333,0.018887791395091835,-0.05045436890664068,0.19384819919504448,-0.098258272805397,-0.05045436890664068,-0.06364436977664856,0.3722611849273924,0.016956820760574483,-0.12629751654439125,0.12629751654439125,0.006979085925142847,319973563.9461699,-0.05639809260649964,0.03722297917290779,-0.01871880922822733,0.04780390389875633,0.11466929432827588,0.3260703940463301,0.3071512077451184,1.0,3.0,1.0,1.0,0.0,63.0,126.0,0.6411931818181817,0.1488448030982712,0.3699713535682916,0.5751520982734784,0.5751520982734784,0.9849056603773585,0.23284763142505718,0.3114398857585504,1,1,1,1,1,0
recent_month_top_future_return,2025-10-31,MRNA,27.15999984741211,-0.8075191337484132,-0.5003679260032948,1.272568819225152,1.3137083580937887,-0.31100961164405916,-0.041975326915178135,-0.04835322438144829,0.03276785639313218,0.07094360064403438,0.03573926130675442,-0.11693004824487452,-0.0693763625111774,-0.3744236184277784,-0.03283756255667181,-0.08281007376852485,-0.5036549846213049,0.5036549846213049,0.004149900721343025,0.9363438993828093,0.08387021040056908,-0.004130064920639054,0.022590376262586087,0.035506136404034584,0.038780147114320096,-0.01366022892468488,0.1007066000640624,-0.015585367988316112,-0.013782738702392772,-0.04835322438144829,0.022590376262586087,0.07140265684883329,-0.025816803646362407,-0.0811907869381201,-0.18504734141341117,-0.19586008126639598,-0.0811907869381201,-0.14613890843889504,0.5839050997177929,1.145325689123252,0.9514777203301347,0.6312119385613035,0.7152038766272355,0.027925297676857284,-0.21661375016339268,0.21661375016339268,0.15525306605681255,294349182.78626186,0.9612395081601383,0.3333333333333333,0.10317460317460317,0.05555555555555555,0.04959875948377254,1.0588905928860866,0.20829240159944795,0.05876051721325659,0.047847585714734464,1.1146106648800074,0.07222913076367243,0.10339823076194987,0.12743875779902902,0.061359871120589604,0.4011521169255856,0.5555726931686256,1.20373358687354,0.02613376714465298,0.026492102967095477,-0.046683044380166905,0.046683044380166905,0.15525306605681255,0.31746031746031744,0.5555555555555556,282940063.688805,19.46074564762586,0.31746031746031744,0.06349206349206349,0.031746031746031744,0.0480906974684129,0.017800255146565913,0.0029630708643195725,0.07699383304572568,0.051490512103541386,0.6666666666666666,-0.0034202095157035615,-0.18504734141341117,0.07222913076367243,0.003686608204785058,0.051490512103541386,0.010416660273063316,0.6687615107168623,0.029443502456915446,-0.046683044380166905,0.046683044380166905,0.0995951015582035,289939820.31039286,0.0188311146817155,0.05656690246078675,0.02870993865318927,0.04780390389875633,0.11466929432827588,0.3260703940463301,0.3071512077451184,1.0,3.0,1.0,1.0,0.0,63.0,126.0,0.7615530303030303,-0.04344625595747986,0.08578792108970013,0.6226067725483933,0.6226067725483933,0.9905660377358491,0.23284763142505718,0.3114398857585504,1,1,1,1,1,0
recent_month_top_future_return,2025-10-31,MU,223.55133056640625,0.9477836256500238,1.2549348333951422,1.1402227956870004,1.1437681560623596,1.4595869456714312,1.579363573791079,1.9125524161267422,-1.0941273247286225,-0.5398982823396938,0.4196586244743974,0.6319278385776348,0.22755035158788584,1.5864820220804121,-0.86096595307471,4.270684077353581,-0.012619701831322439,0.012619701831322439,0.178344957588219,0.8644360073723252,-0.4415606190738529,0.14568667434324056,1.3726541337870484,0.5470793040346943,0.30478519297311424,0.5547527834182899,0.13332099606442038,0.8184250913981197,1.3678772137706368,0.8184250913981197,1.9125524161267422,-0.11364930304085319,0.27507136590730386,1.0515864630520322,0.0904343383973727,0.9369171687237563,1.0515864630520322,2.1093101982689135,0.4478328018381298,1.1779958317098724,1.1132395672033324,-0.18775662560656958,0.08695626302904658,0.02290006584215844,-0.012619701831322439,0.012619701831322439,1.786879960220745,3097652606.147118,1.2213676656170667,0.2857142857142857,0.0873015873015873,0.007936507936507936,0.03394730391681914,0.7592539895338947,-0.003323767967594371,0.32761401316045524,0.31823838601565724,1.618753040506874,0.4059323166825075,0.19139387163751437,0.8814397078390606,0.29068783909575413,-0.07946565387833371,0.4985451944977353,1.0581692085102758,0.02649914709628556,0.29059766932207176,-0.012619701831322439,0.012619701831322439,1.0583758600620365,0.031746031746031744,0.9682539682539683,3783372732.4625287,22.053881706282553,0.3492063492063492,0.14285714285714285,0.015873015873015872,0.03793803733516227,0.16459354727388287,0.3075050085348745,0.6411109636473975,0.3382149947862205,0.8333333333333334,0.20887798189770793,-0.11364930304085319,0.4059323166825075,0.2904110908874642,0.3382149947862205,0.09866748960778615,0.5275451738682702,0.02791651157632192,-0.012619701831322439,0.012619701831322439,0.2322137122470722,4646382078.7489395,0.04094563113768768,0.043772625101470695,0.0021766021581766104,0.04780390389875633,0.11466929432827588,0.3260703940463301,0.3071512077451184,2.0,7.0,2.0,1.0,1.0,63.0,126.0,0.9296401515151516,0.05679935238412459,0.2759766454207524,0.8547954836164378,0.8547954836164378,0.9962264150943396,0.23284763142505718,0.3114398857585504,1,1,1,1,1,0
recent_month_top_future_return,2025-10-31,SNDK,199.3300018310547,,,0.9609907482211067,0.8833819695520909,,3.1867254626271846,5.207723389665556,-1.8123538518958453,-0.9190524134400571,0.3366551651546479,3.3075668836542818,0.17377757428502028,4.881652995619226,-1.563501340856627,6.680257039258617,-0.024613421238373734,0.024613421238373734,0.43699775200008895,1.5010244765634355,2.7425373134328357,16.38117430953491,4.288670976225499,0.906207415834337,0.20323693623018224,1.5693196357929429,0.07066483737478901,3.395369537769711,4.297254634553589,3.395369537769711,5.207723389665556,-0.053583249987592674,0.6930040688397276,3.6442220488089294,0.22250707034437145,3.5295527544806538,3.6442220488089294,3.749005907324141,0.7795693128364288,1.5799008323707358,1.246906737450974,-0.39370816834285316,0.07711368272248365,0.03506595006538466,-0.024613421238373734,0.024613421238373734,4.892107332021399,414294354.9675381,1.729860110148938,0.40476190476190477,0.15079365079365079,0.05555555555555555,0.05608484579300028,1.260337087859556,-0.013159649857247713,0.7287401741159734,0.7958871185797491,2.698062661299311,1.1383646719636702,0.4502212945850536,2.7989326699768573,0.608861710259462,-0.07983690473552418,0.972050228485769,1.2670561357303234,0.04795656609829862,0.6289197459363951,-0.024613421238373734,0.024613421238373734,3.898746831124594,0.031746031746031744,0.9523809523809523,716671278.5182287,20.390127826934222,0.5238095238095238,0.25396825396825395,0.09523809523809523,0.0661239146792576,0.43741722685942164,0.6749929780507713,0.6305076064304416,0.7765597794356938,0.8333333333333334,0.41014379704522425,-0.053583249987592674,1.1383646719636702,0.7287558755369374,0.7765597794356938,0.3027082906981897,1.2316422062409564,0.060908735791829975,-0.024613421238373734,0.024613421238373734,0.704986704193028,1216059888.0266461,0.13966679251315872,0.08029041073952956,0.047418362480977416,0.04780390389875633,0.11466929432827588,0.3260703940463301,0.3071512077451184,1.0,3.0,1.0,1.0,0.0,63.0,126.0,0.8965909090909091,0.12015249449774945,0.1908894933137446,1.8909346044576365,1.8909346044576365,1.0,0.23284763142505718,0.3114398857585504,1,1,1,1,1,1
recent_month_top_future_return,2025-10-31,STX,254.5845184326172,1.3041424729979563,1.6112936807430747,0.9447099334535598,0.9136694969781352,1.699905099703567,2.0376647318250956,1.8347757297493974,-1.0563057631102641,-0.6468019427608014,0.7339751107506098,-0.09913288483061455,0.29561686095472983,1.5087053357030673,-1.1999335038294021,3.8258327674859403,-0.046433555578492935,0.046433555578492935,0.1563241306742258,1.1259945824693616,0.22217651564583396,0.998065775305579,1.187973786988596,0.5325767545966043,0.230256247241174,0.42479175115526746,-0.046433555578492935,0.7784699666391333,1.267073161125709,0.7784699666391333,1.8347757297493974,0.08785419072370271,0.17891559492883435,0.6348422259199953,0.06617414342129013,0.5201729315917194,0.6348422259199953,1.0684499984259206,0.47957551760817785,1.7934889370675031,1.2389523357078618,1.0592973231357554,1.2321996880146502,0.021247362029160687,-0.046433555578492935,0.046433555578492935,1.757529410345282,712882607.8743647,1.2283208267821535,0.25396825396825395,0.05555555555555555,0.007936507936507936,0.03575778802259066,1.6858778065841609,-0.046433555578492935,0.15595010793226027,0.19967361936488603,2.1396923701793806,0.41460019106901713,0.14141065231749614,0.5333726070995144,0.06158010405830483,0.6570910209890632,0.5941712076889587,1.447585097002794,0.025793665720309108,0.015621123036345441,-0.046433555578492935,0.046433555578492935,0.7429657760516666,0.015873015873015872,0.9682539682539683,875648554.3028574,20.590475375824745,0.3333333333333333,0.07936507936507936,0.015873015873015872,0.04300673321924001,0.10902028569759037,0.042144395597455864,0.09761716081791305,0.08396182665629404,1.0,0.19641057667770132,0.06617414342129013,0.41460019106901713,0.03615792275753771,0.08396182665629404,0.11788521292179532,0.8601133853186885,0.0348699194109949,-0.046433555578492935,0.046433555578492935,0.20909134719383382,1212747343.7466576,0.0899131933476407,0.06527333661103686,0.02915157739554708,0.04780390389875633,0.11466929432827588,0.3260703940463301,0.3071512077451184,1.0,3.0,1.0,1.0,0.0,63.0,126.0,0.8714962121212122,0.08132703916958373,0.07907020734455084,0.597465928006861,0.597465928006861,0.9867924528301887,0.23284763142505718,0.3114398857585504,1,1,1,1,1,0
recent_month_top_future_return,2025-10-31,WDC,149.97842407226562,1.7449068888798747,2.052058096624993,1.2699236958054017,1.2684369634989827,2.0604927699297204,2.72656618180922,2.435136156213817,-1.0850053853212889,-0.5124381205780515,0.7974607076691123,0.11364429816347021,0.17533050432511832,2.1090657621674866,-1.5240311503812345,5.405268629396307,0.0,-0.0,0.2112390564641744,1.2038050405239136,-0.16128132196712575,0.6028794640739121,1.9226980356357655,0.5427803094950597,0.2436320871309594,0.6873766725830714,0.0,1.350130770892528,1.9026549875807035,1.350130770892528,2.435136156213817,0.22972351792291068,0.2435317924016065,0.9111050058325825,0.02096813190434821,0.7964357115043066,0.9111050058325825,1.651904848347794,0.4505115884473234,1.6555273809471482,1.2242706502714702,0.45291703037866937,0.8177800777080033,0.02068038404091393,0.0,-0.0,2.416441487316847,683179598.5151533,1.4080076258894783,0.20634920634920634,0.07936507936507936,0.0,0.03439457635001672,1.5796846628381391,0.0,0.2511479672704553,0.36410010900284284,2.319609790302457,0.49613863749698517,0.1535694342111845,0.8718556888430176,0.17539480465106183,0.548984771573604,0.5515481153432376,1.3522560396102374,0.02603885835934319,0.12863368905436823,0.0,-0.0,1.0382876783063586,0.0,0.9682539682539683,961922084.5614479,20.684444013210072,0.2857142857142857,0.1111111111111111,0.0,0.04164879533403707,0.22376328064098794,0.12514662316783975,0.33670280304854744,0.2511244893552118,1.0,0.2361528946892556,0.02096813190434821,0.49613863749698517,0.20332058545645548,0.2511244893552118,0.19883642812318647,0.7458342701085369,0.034948572045347015,0.0,-0.0,0.327764612084553,1258941602.14455,0.15557715938355066,0.060914705746592246,0.10236165366775674,0.04780390389875633,0.11466929432827588,0.3260703940463301,0.3071512077451184,1.0,3.0,1.0,1.0,0.0,63.0,126.0,0.8705492424242425,0.0873443099827389,0.14778319960980713,0.6672071768135595,0.6672071768135595,0.9924528301886792,0.23284763142505718,0.3114398857585504,1,1,1,1,1,0
recent_month_non_top10_control,2025-11-30,A,152.5838165283203,-0.09980627538078912,0.12158508880106633,1.1411481673144468,1.1647090899566674,0.20747038403594598,0.4324548354627702,0.3771636076177085,-0.03748731822355911,-0.07106972020888125,0.12513084264349472,0.09887222919663241,0.05441394442927616,0.18153253816374626,-0.15316053577758137,1.3034481958438988,-0.023536999659205304,0.023536999659205304,0.05031208426886202,0.8755279103005414,-0.14013024927015494,0.05248321627573471,0.30609388740882726,0.03555273520013807,-0.025067549714199555,0.1732023291874547,-0.023536999659205304,0.3396762893941494,0.34097792814022837,0.30609388740882726,0.3771636076177085,0.09450402553330428,0.07710160556124968,0.22400307184012713,0.02345803319976647,0.1371030398960924,0.22400307184012713,0.7889055509779561,0.2893583410681844,0.8957547658727313,0.981280020087776,0.029854760623991394,0.08009499246049323,0.013553113583239197,-0.023536999659205304,0.023536999659205304,0.387952527980135,225657869.47727507,1.1139782283100408,0.07142857142857142,0.015873015873015872,0.007936507936507936,0.024069315795884214,0.8234556174841843,-0.012255490903623323,0.07562865270333519,0.08249641388590545,1.30263210332203,0.1403193578637687,0.05705751860244591,0.1959484728586003,0.04369484770466836,-0.1548549671675833,0.28394155873595356,0.9128431717101563,0.012794701097518577,0.0316559727354182,-0.023536999659205304,0.023536999659205304,0.2618609260893179,0.031746031746031744,0.7142857142857143,251377953.64451334,19.342468159919445,0.06349206349206349,0.015873015873015872,0.0,0.02481634906803719,0.042364553435818575,0.05305487057875036,0.18821339149287136,0.04878380307341712,0.8333333333333334,0.05606860239755553,-0.025067549714199555,0.1403193578637687,0.06439430884535169,0.04878380307341712,0.0347570086636102,0.25919411305685347,0.012403778755782226,-0.023536999659205304,0.023536999659205304,0.07073094864476648,288294296.98064893,0.02705808498243134,0.028701712268056845,-0.0031432529966962663,-0.015610505771934569,0.08690003194403473,0.19563106945396225,0.22139136418185545,1.0,3.0,1.0,1.0,0.0,63.0,126.0,0.5227272727272727,-0.11355043179652902,-0.12645447633451812,-0.20783754926256526,-0.11355043179652902,0.02830188679245283,0.30813116183364575,0.43483282678561663,0,0,0,0,0,0
recent_month_non_top10_control,2025-11-30,AAPL,278.3328857421875,-0.04113112726178669,0.18026023692006876,1.0351381897301544,1.0447108346142484,0.15697794267915355,0.31672239865954466,0.391272538893616,-0.04504195447733195,-0.029294151558487025,0.1570996084782028,0.04527962378460426,0.021508528939144567,0.19564146943965377,-0.18889330663080894,1.775410325079079,0.0,-0.0,0.06329143702792694,0.7766150988747448,-0.48918271670083,-0.3858039070801712,0.361978387335129,0.02285796095980724,0.011697701048496878,0.14893875526179312,0.00510008410075935,0.34623058441628407,0.36649383688167636,0.34623058441628407,0.391272538893616,0.11963891948030181,0.06607177090805494,0.20237923226280707,0.0968812192629327,0.11547920031877235,0.20237923226280707,0.8855887744152835,0.22038428715130304,0.6661338537811509,1.036939012229977,-0.7663191635786745,-0.7587562764321006,0.009907467445700688,0.0,-0.0,0.42832284808491594,12263942271.577866,1.0712453742493842,0.07142857142857142,0.007936507936507936,0.0,0.019008452091063294,0.33932915885614007,0.0037950435186790976,0.05295525745582297,0.06245199567710613,1.181415163005253,0.06181520766834603,0.043486994717000446,0.09617997933337352,0.05676355879669215,-0.5805287242981244,0.22852506502967979,0.6424040815559677,0.01022290214362564,0.04302519797868065,0.0,-0.0,0.2307435291555302,0.0,0.8888888888888888,13137691428.489273,23.298751144269907,0.09523809523809523,0.0,0.0,0.018980939021042777,0.03728815749156489,0.039257171080399056,0.22045623626299424,0.03236417355566945,1.0,0.05731762499248191,0.011697701048496878,0.11963891948030181,0.04797467932760402,0.03236417355566945,0.02702015253578205,0.14680543451290926,0.006634876143348292,0.0,-0.0,0.04732392690606346,13327668122.78864,0.024091977989664448,0.020707484534954364,0.009755368362157624,-0.015610505771934569,0.08690003194403473,0.19563106945396225,0.22139136418185545,2.0,8.0,2.0,1.0,1.0,63.0,126.0,0.6418560606060606,-0.025067288626873463,-0.06946385755380347,-0.05172244411765614,-0.025067288626873463,0.12264150943396226,0.30813116183364575,0.43483282678561663,0,0,0,0,0,0
recent_month_non_top10_control,2025-11-30,ABBV,222.44076538085935,0.06687034194938635,0.2882617061312418,0.9876449959006344,0.9900709362592832,0.11687379978923396,0.18566027141095232,0.24293345322253512,-0.029614700699101437,0.003281025349713973,0.14027855140853474,-0.050252389215800886,-0.002632793476667783,0.047302383768572875,-0.15290729102980127,1.0569210427367928,-0.061537348332209585,0.061537348332209585,0.04228788117924842,0.8781350448060696,-0.3773067273196239,-0.3212480417569761,0.2462144785722491,0.01811962295929258,0.0271121879394014,0.0648374496580788,-0.06058766674036009,0.21331875252343369,0.23415556143940597,0.21331875252343369,0.2462144785722491,0.1131097533316816,0.02883344040144653,0.09002616219273385,0.10047518749048034,0.0031261302486991216,0.09002616219273385,0.33785876625819095,0.22985014338770557,1.380535234768444,1.1592811272953076,-0.7546857823801649,-0.7438174205115796,0.010189864232950051,-0.061537348332209585,0.061537348332209585,0.2688407852604342,1159333690.6692748,1.1225586652445843,0.05555555555555555,0.007936507936507936,0.0,0.020140341062072957,0.36408505737671204,0.03981360371515341,-0.0001915024515533048,0.003299948455773416,1.3846776939025722,-0.05151647460438913,0.06223467636926358,-0.009495012169764894,-0.012300765355783505,-0.6485473041529544,0.2664609333354874,1.190854575532804,0.011263350481637523,0.013134863244710804,-0.061537348332209585,0.061537348332209585,0.09319567361454384,0.6507936507936508,0.9206349206349206,1301420080.3707788,20.98672187549684,0.09523809523809523,0.015873015873015872,0.0,0.02015094826397385,0.0026935296443362233,0.014072754949797206,0.1396204702524504,0.04430384008736166,0.6666666666666666,0.03847528346131135,-0.05151647460438913,0.1131097533316816,0.059914345859296225,0.04430384008736166,0.006230953375431225,0.31731622166330664,0.014493318770287245,-0.03631282718818429,0.03631282718818429,0.07425929246117602,1427682364.0447707,-0.016644055856326445,0.02750799434001275,-0.012533063959022206,-0.015610505771934569,0.08690003194403473,0.19563106945396225,0.22139136418185545,1.0,3.0,1.0,1.0,0.0,63.0,126.0,0.5983901515151515,0.0034695035861873613,-0.012717282995508561,0.02743636625303103,0.02743636625303103,0.2641509433962264,0.30813116183364575,0.43483282678561663,0,0,0,0,0,0
recent_month_non_top10_control,2025-11-30,ABNB,116.98999786376952,-0.3618659998503819,-0.14047463566852647,0.9891227487594232,0.9969124101759074,-0.15755741357198305,-0.04043635481641228,-0.09310079175372465,-0.023355709808569824,-0.02288831886200693,0.011860455653464053,-0.11559140671568768,0.025891444479772208,-0.2887318612076869,-0.010630159308498977,-0.351448734595753,-0.27524470827136605,0.27524470827136605,-0.024967587428773363,0.6803062440377807,-0.3935904216954368,-0.45649386398621117,-0.11598911061573158,0.013351546572638167,0.0005289959661174404,-0.06961247587106523,-0.011783430865895395,-0.11645650156229448,-0.10851546797725024,-0.11645650156229448,-0.09310079175372465,-0.014198359873246358,-0.019833299410697114,-0.10373095106222363,-0.06979239022100159,-0.19063098300625836,-0.10373095106222363,-0.4546837989823158,0.26490575321266135,1.0621278399816783,0.8612068775381218,-0.2755342371323529,-0.3302098353323142,0.012274579958137237,-0.17705405986176515,0.17705405986176515,0.04886136725397394,610075551.9092499,1.0005942789102804,0.06349206349206349,0.0,0.007936507936507936,0.022937046518275113,0.7059926666106866,-0.06302502263389065,-0.014068922258999472,-0.041367323357636376,1.009089453731303,0.04216770568105255,0.04866369692304702,-0.03648493141147846,-0.03634316143270566,-0.22266395463510846,0.22813865656616034,1.233301623203378,0.01114130198661168,-0.08575340518539754,-0.09359269214345611,0.09359269214345611,0.04886136725397394,0.36507936507936506,0.07936507936507936,610438106.9434272,20.22968746708576,0.06349206349206349,0.0,0.0,0.02365629994373535,-0.04148723030554102,-0.09068712208957364,-0.26823008931083575,-0.07547023062006297,0.5,-0.015145472431228121,-0.07547023062006297,0.04216770568105255,-0.059859724848128404,-0.07547023062006297,-0.019851808041928876,0.2813637754584835,0.01290143516943963,-0.07736596965209841,0.07736596965209841,0.04886136725397394,672036948.1555394,0.006815937399333061,0.026274536667736423,0.0068679259168662465,-0.015610505771934569,0.08690003194403473,0.19563106945396225,0.22139136418185545,1.0,3.0,1.0,1.0,0.0,63.0,126.0,0.5136363636363637,0.16009918539142132,0.10582098879798285,0.1548850592140545,0.16009918539142132,0.7056603773584905,0.30813116183364575,0.43483282678561663,0,0,0,0,0,0
recent_month_non_top10_control,2025-11-30,ABT,126.54817199707033,-0.11553611076133508,0.10585525342052038,0.8935266159239739,0.9013993964486239,-0.05328024782976004,-0.005320454190554713,-0.026393563308312107,0.05241118402368494,-0.017394761434621486,-0.0024294785020794185,-0.021592968322280415,0.018191329268119505,-0.22202463276227435,0.0023711164839522736,-0.12426658838064428,-0.0682014366180187,0.0682014366180187,-0.01016961891928514,0.7990414632357136,-0.4194145394632902,-0.43336162281602975,-0.04378832474293359,0.03633726268689854,-0.06803581541770742,-0.005085976181282592,-0.017371420927158265,0.026017620715372836,-0.014721422445290955,-0.04378832474293359,0.026017620715372836,0.051271740192089466,-0.015155261178565804,-0.024022446824359833,0.009648966519228752,-0.11092247876839456,-0.024022446824359833,-0.1330241173185046,0.2123946883249525,0.966625847132019,0.850243270717779,-0.6348564209570043,-0.6192606084060399,0.00889845548893894,-0.058123272124780856,0.058123272124780856,0.07437700802959246,797151287.5388615,0.9906890466106372,0.023809523809523808,0.0,0.007936507936507936,0.018985026742496698,0.4531718861021886,0.038819126815325844,-0.03128122303397607,-0.0033411643914839084,1.0657703170847719,-0.07294546928657519,0.05434304001128175,-0.03334962393877461,-0.02089918914732536,-0.5501643778124927,0.1805871544844909,1.136881502532786,0.008912734573108731,0.007032975348728154,-0.052311594693925434,0.052311594693925434,0.04271145227814088,0.7619047619047619,0.30158730158730157,789729049.0563166,20.48720046998384,0.015873015873015872,0.0,0.0,0.019659820324821494,0.014632986625297884,0.01485563331865758,0.20803781477808617,0.04271145227814088,0.6666666666666666,-0.0031929660744506685,-0.07294546928657519,0.051271740192089466,0.05832195805007545,0.04271145227814088,0.014317609543690768,0.20530619552844837,0.009452534172037572,-0.012941377118389275,0.012941377118389275,0.04271145227814088,824025024.2838179,0.005828880663521163,0.021489533689681706,0.005789657377570201,-0.015610505771934569,0.08690003194403473,0.19563106945396225,0.22139136418185545,1.0,3.0,1.0,1.0,0.0,63.0,126.0,0.4105113636363636,-0.028006100227637276,-0.14776050674139551,-0.09278991002670678,-0.028006100227637276,0.1169811320754717,0.30813116183364575,0.43483282678561663,0,0,0,0,0,0
recent_month_non_top10_control,2025-11-30,ACGL,93.91999816894533,-0.2889052935835963,-0.06751392940174084,1.1614693229965134,1.1650662400159024,0.010870675568037225,0.03573001602189696,-0.011784540570211943,0.10311617934931028,0.04330562811543759,-0.036931840303223495,0.06304349136323695,-0.04198230035073236,-0.2074156100241742,0.037896191630225395,-0.05439352883219446,-0.06769902560497232,0.06769902560497232,0.0006721132863438672,0.8026896993382485,-0.4257197696737044,-0.41072436468876006,0.031521087545225646,0.051777771789593606,-0.05480511066350491,0.046144159537126805,0.04415172056671057,0.09133163877909833,0.03702272858470401,-0.011784540570211943,0.09133163877909833,0.06356032275017065,-0.002529014697120746,0.026111651060013452,-0.008740253829701006,-0.060788380884021276,0.026111651060013452,0.12605470888470943,0.21665335607416786,0.6304765032513691,0.9561143552970225,-0.6038660135045677,-0.5689386590348295,0.010566649178140063,-0.024410497102581252,0.024410497102581252,0.10859297468935813,194249385.06081596,0.9935116635904582,0.03968253968253968,0.0,0.0,0.01902964068839655,0.4826022671266634,0.07769950188144203,0.001205786333246861,0.04533492485538759,0.8499393017858556,-0.04871603256699386,0.061690626585554506,0.03515920526820904,0.017700350922289276,-0.44913364564367975,0.20714538386578926,0.6594153719776624,0.010016659239515863,0.06820095388873249,-0.005084781241258662,0.005084781241258662,0.10859297468935813,0.015873015873015872,0.3492063492063492,192989029.70319477,19.078143909519206,0.031746031746031744,0.0,0.0,0.018886076824055024,0.050571014510201406,0.08167099383038723,0.64548961663537,0.08817055759021808,0.3333333333333333,-0.0004188028450905675,-0.05480511066350491,0.08817055759021808,0.10378106336215265,0.08817055759021808,0.0348455840012436,0.1365948503553151,0.007688403580297437,-0.005084781241258662,0.005084781241258662,0.09209300196448056,192447734.87327212,0.014802797873348705,0.01575808742642931,0.007012178073107611,-0.015610505771934569,0.08690003194403473,0.19563106945396225,0.22139136418185545,1.0,3.0,1.0,1.0,0.0,63.0,126.0,0.2538825757575758,0.021294719324870037,0.022572431728208775,0.06633308643944935,0.06633308643944935,0.4188679245283019,0.30813116183364575,0.43483282678561663,0,0,0,0,0,0
recent_month_non_top10_control,2025-11-30,ACN,244.952392578125,-0.521638918195463,-0.3002475540136076,0.9922308455574146,1.0052665334741002,-0.2754771126644554,-0.16011916919749136,-0.2069619308924815,0.14294101298556428,0.04757335091689174,-0.17533560312725704,0.136985059699947,-0.056593748054850734,-0.40259300034644374,0.16861138746517146,-0.7399993817487753,-0.3659856089649537,0.3659856089649537,-0.04569262816671782,1.1917068020964126,-0.46763846318340585,-0.48805481742012014,-0.15938857997558975,0.07279004954805006,-0.10189080492633085,-0.008119107246348567,0.161785742730173,-0.06402091790691722,-0.14345714292499614,-0.2069619308924815,-0.06402091790691722,-0.026694108028819885,-0.008279890378920407,-0.038350543427310035,-0.05142900479057577,-0.12525057537134476,-0.038350543427310035,-0.1390677270645885,0.27967851865414617,1.030705785050994,0.9860207514410676,-0.611804147824731,-0.6119593573135986,0.013286199469680121,-0.21709358992328653,0.21709358992328653,0.07499145535409113,1085656776.89605,1.0188595999500167,0.0873015873015873,0.0,0.007936507936507936,0.022995584575357535,0.35784959632016483,0.013880330816514408,0.007997307882647409,0.020662324931443488,0.9985283562793673,0.0141930382025095,0.04211728553459825,0.013787540868649861,-0.00355862071171964,-0.6868093850250561,0.27576882312528583,1.0453185529256046,0.013420378556916232,-0.005118585670458309,-0.024085569601261403,0.024085569601261403,0.07499145535409113,0.9841269841269841,0.7142857142857143,1106131829.391334,20.824134928595516,0.09523809523809523,0.0,0.0,0.026247436722287375,0.015251825219649628,-0.005426899281993691,-0.0013869907148443474,-0.00039982263591398226,0.16666666666666666,-0.03713574170566362,-0.10189080492633085,0.0141930382025095,0.015210683136020586,-0.00039982263591398226,0.018634943132984194,0.2882662671313208,0.013770720490588303,-0.007345600508236627,0.007345600508236627,0.04166666666666674,853262076.483663,0.020008520742446967,0.025128564139344563,0.0059957678643145496,-0.015610505771934569,0.08690003194403473,0.19563106945396225,0.22139136418185545,1.0,3.0,1.0,1.0,0.0,63.0,126.0,0.6025568181818183,0.07319998504970981,0.05456008770836962,-0.16511997607953555,0.07319998504970981,0.4358490566037736,0.30813116183364575,0.43483282678561663,0,0,0,0,0,0
recent_month_non_top10_control,2025-11-30,ADBE,320.1300048828125,-0.6009001940087204,-0.37950882982686496,0.90676226602494,0.9197269911506446,-0.2700428523692666,-0.1462744799629212,-0.22876964584272708,0.12376252430667989,0.05623552891358041,-0.14066825181527354,0.03814510611099686,-0.06796114506241846,-0.4244007152966893,0.1262465001384504,-0.8451746373136854,-0.4210612120913094,0.4210612120913094,-0.03582063226058951,0.9684719021450098,-0.31716743075815557,-0.3871735737461628,-0.17253411692914666,0.06196705070945815,-0.07544975721929081,-0.08074076477521974,0.01563707715799456,-0.10500712153604719,-0.16877029476930697,-0.22876964584272708,-0.10500712153604719,-0.0027677324711841145,-0.031164501927402832,-0.10252314570427667,-0.011073765270124603,-0.1894231776483114,-0.10252314570427667,-0.37477864668832217,0.2706773674253308,0.8264735364482328,1.0106368756640107,-0.5211245150661636,-0.5495212822722522,0.012715516682144185,-0.2321548628696346,0.2321548628696346,0.024743953704715826,1466120808.623299,1.020565131507859,0.07142857142857142,0.0,0.015873015873015872,0.023110903234872904,0.47584513426215225,-0.054917523390429324,-0.04402398030442645,-0.05947573609825296,0.8543521507022057,-0.0352657758792525,0.030440317497649978,-0.09247340926204817,-0.05350402223361339,-0.5051755855138519,0.2735565289276958,0.8177749658157105,0.012879457196234925,-0.07741457120427986,-0.12880310148826557,0.12880310148826557,0.024743953704715826,0.7936507936507936,0.07936507936507936,1496271775.8590455,21.126242369022304,0.07936507936507936,0.0,0.015873015873015872,0.025127311485255214,-0.043218003602680244,-0.09249605516838022,-0.2650729432676349,-0.059298853458769285,0.0,-0.04196950489350663,-0.07544975721929081,-0.0027677324711841145,-0.043688347686834716,-0.059298853458769285,-0.02204991232377207,0.22370768109251082,0.010745880517107818,-0.059298853458769285,0.059298853458769285,0.024743953704715826,1157690130.4709299,-0.0031077699646959722,0.022705070424760176,0.000331243468297604,-0.015610505771934569,0.08690003194403473,0.19563106945396225,0.22139136418185545,2.0,8.0,2.0,1.0,1.0,63.0,126.0,0.6010416666666667,0.09327456001037171,-0.08396590282954652,-0.18030175347616118,0.09327456001037171,0.5075471698113208,0.30813116183364575,0.43483282678561663,0,0,0,0,0,0
recent_month_non_top10_control,2025-11-30,ADM,59.890743255615234,-0.06552923601425942,0.15586212816759604,1.0187170280870614,1.026354620550475,0.3222856779018004,0.3070551678883331,0.27982827475061667,-0.13960465437044722,-0.10935999645588623,0.30883277208376425,-0.330993355125225,0.09343268714228992,0.08419720529665442,-0.3019888577920774,1.0371194215689852,-0.04606978905259895,0.04606978905259895,0.02409974487252109,0.7101761318540284,-0.587118742302398,-0.5962684316998685,0.17046827829473044,0.07344363788998597,0.026525198543490003,0.03140848471045099,-0.009126464538599222,0.14022362038016944,0.19684005780850553,0.14022362038016944,0.27982827475061667,0.16606428479505175,-0.020827183063723886,-0.022160583041460735,-0.04629621498268077,-0.10906061498549546,-0.022160583041460735,-0.08219973599613695,0.2698129732517053,1.275775456848802,0.9991896619042697,-0.7176965944272446,-0.7143299453251479,0.012687934185760748,-0.04606978905259895,0.04606978905259895,0.31497045378460675,206990947.3254007,1.0472182976966145,0.07142857142857142,0.007936507936507936,0.007936507936507936,0.02541725294098031,0.3533058491677257,0.02373442824534966,-0.025609566723397093,0.013438535369136861,1.0410743497197315,0.013223917585666323,0.07453570862192643,0.025307262402006314,-0.050238499586871654,-0.5934561105232496,0.2695943335207572,1.276810104717668,0.012432892348921549,-0.04252009105621557,-0.03357752019915461,0.03357752019915461,0.09378313135500238,0.49206349206349204,0.20634920634920634,216764707.49671572,19.194323030592326,0.07936507936507936,0.0,0.015873015873015872,0.027727112992137475,0.02217502073762123,-0.028696608469477525,0.03464532703309365,0.011925641120999586,0.8333333333333334,0.04414591903413614,-0.04629621498268077,0.16606428479505175,0.027536146892934155,0.011925641120999586,0.04065239921531094,0.3442207692139279,0.013997565580223607,0.0,-0.0,0.09378313135500238,213652229.91547358,0.027298812217407598,0.02685740746032664,0.018205027126280804,-0.015610505771934569,0.08690003194403473,0.19563106945396225,0.22139136418185545,1.0,3.0,1.0,1.0,0.0,63.0,126.0,0.44649621212121215,-0.05350675500043023,0.10816580306788559,0.1452152321793141,0.1452152321793141,0.6566037735849056,0.30813116183364575,0.43483282678561663,0,0,0,0,0,0
recent_month_non_top10_control,2025-11-30,ADP,249.68728637695312,-0.3722529978791572,-0.15086163369730177,1.073175224764298,1.0874314963468676,-0.17735080461582264,-0.14202171457382295,-0.2077280319939575,0.036891405013208645,0.03984884469399752,-0.0613178140690136,-0.0946564018257241,-0.047888292283781775,-0.40335910144791975,0.05175381609921981,-1.1310849576592852,-0.21083107725678063,0.21083107725678063,-0.036597354773276636,0.9727135908565446,-0.11889059535640079,-0.2563209438631653,-0.16787918729996,0.022202299568439735,0.0035667755921489075,-0.1091438854101241,-0.08296520254988593,-0.17083662698074886,-0.18214794875822213,-0.2077280319939575,-0.16787918729996,-0.017608953856506404,-0.06220011293339789,-0.1559742158947377,-0.02968446388611845,-0.24287424783877243,-0.1559742158947377,-0.8014945229916284,0.18365378355295134,0.9330025058929261,1.0596254294557332,-0.6186808460726434,-0.6260054322043868,0.008104394013744928,-0.21083107725678063,0.21083107725678063,0.02505426267626798,504670281.2231518,1.0649697769931739,0.015873015873015872,0.0,0.007936507936507936,0.016168369630114476,0.47803746334131175,0.005352550496021347,-0.0851384333068258,-0.06461584927699948,0.9255784188675087,-0.11311756117470484,0.04075178273402313,-0.1301532824202839,-0.10457283132967543,-0.5626065117947798,0.19460421926846636,0.8805021849769632,0.008288874291857387,-0.09797011999039207,-0.147959498216097,0.147959498216097,0.02505426267626798,0.9523809523809523,0.07936507936507936,537458596.8493023,20.102362287742228,0.015873015873015872,0.0,0.015873015873015872,0.01717453606529396,-0.025713800949428323,-0.08289071305193285,-0.112101591814253,-0.019208545010929945,0.16666666666666666,-0.037323506769982084,-0.11311756117470484,0.0035667755921489075,-0.0035980392389953764,-0.019208545010929945,0.004424126496220149,0.17134944027162066,0.007720503023873345,-0.02382140952417311,0.02382140952417311,0.02505426267626798,542459269.763547,0.01216744387481472,0.017075145388621402,0.005783355125349221,-0.015610505771934569,0.08690003194403473,0.19563106945396225,0.22139136418185545,1.0,3.0,1.0,1.0,0.0,63.0,126.0,0.33153409090909086,0.014072656556608276,-0.02696647038843636,-0.1549328731874453,0.014072656556608276,0.2320754716981132,0.30813116183364575,0.43483282678561663,0,0,0,0,0,0
recent_month_top_future_return,2025-11-30,ASTS,56.20000076293945,1.1389615137477493,1.3603528779296048,1.1294891228327852,1.1977954155839843,1.0730357616251878,1.4213702274782465,1.43606421787461,-1.3790771443681102,-1.233410648144874,1.1213697127914886,-0.9730247528415237,1.0255743459207873,1.2404331484206477,-1.287719257924645,1.6331720842704243,-0.4126868081401467,0.4126868081401467,0.07398146151237195,0.7159380848628961,-0.18490442296934972,-0.06398910223934451,0.20265356972973603,0.7576690488154677,0.13781294007692568,-0.030380808728157183,-0.227538581494798,0.056987073506499675,0.5652349537036152,0.056987073506499675,1.43606421787461,-0.07955613481113355,0.1363339993141217,0.14834495994996488,0.0028607112438556737,0.061444928005930155,0.14834495994996488,0.15095445247645253,0.8793097994423124,0.9391042620855159,1.1175962997794673,-0.46440295575243673,-0.6249152112730072,0.04198058640126449,-0.4126868081401467,0.4126868081401467,1.3271222215596739,704482878.8286693,1.1712951069660118,0.49206349206349204,0.1984126984126984,0.15873015873015872,0.07807608364638173,0.5617190407826873,-0.25133241324543865,-0.03610925057341097,-0.16897218495304267,1.0234719187506394,0.6350855135710882,0.4966332947213353,0.14506924747870897,-0.22076977061466474,-0.3561982631659134,0.9827133782165537,0.8402893444357568,0.046439195894471395,-0.2916190926148773,-0.4126868081401467,0.4126868081401467,0.5226226224674404,0.49206349206349204,0.9047619047619048,825157348.9133502,20.531084653280537,0.5079365079365079,0.20634920634920634,0.2222222222222222,0.08325842746573538,-0.16657807910870848,-0.2850796809242385,-0.36292284031980704,-0.2996884640132156,0.6666666666666666,0.23701481866471796,-0.2996884640132156,1.0255743459207873,-0.284077958241281,-0.2996884640132156,-0.09888601431742816,0.8257635803498358,0.03874241178694958,-0.2996884640132156,0.2996884640132156,0.10848126069497765,589943732.22124,0.00621275286498757,0.09049695701292955,0.02704680329622189,-0.015610505771934569,0.08690003194403473,0.19563106945396225,0.22139136418185545,1.0,4.0,1.0,0.0,1.0,63.0,126.0,0.9120265151515152,0.2923486880326365,0.9788255796218603,0.4090747574086748,0.9788255796218603,0.9943396226415094,0.30813116183364575,0.43483282678561663,1,1,1,1,1,0
recent_month_top_future_return,2025-11-30,GLW,83.9145278930664,0.5415065095560776,0.762897873737933,1.0524441730683396,1.0230164018234302,0.7010955587154575,0.9222608511004571,0.7106639916330413,-0.36923730650071374,-0.09758479872664205,0.3571968542562638,-0.09675774679128568,0.0604959751237113,0.515032922179079,-0.45022488416806317,2.172067979991074,-0.06426813404830756,0.06426813404830756,0.1042485152244812,0.7408750079655605,-0.701587763079259,-0.6238695464389935,0.6130791929063992,0.19133481406266317,0.202510141467235,0.13616512230840638,-0.04067009625103124,0.34142668513232755,0.5550566232239227,0.34142668513232755,0.7106639916330413,0.06425346308893376,0.07225185610080476,0.2604391074649781,0.22378042861951042,0.1735390755209434,0.2604391074649781,0.7362116364453639,0.32718312602534744,1.2880631054088927,1.0812163969690418,-0.7552202024484604,-0.7678404942005923,0.014464192919574109,-0.06426813404830756,0.06426813404830756,0.7103192451724085,465383576.47546434,1.4067613334832487,0.09523809523809523,0.007936507936507936,0.007936507936507936,0.024493073750454522,0.31981466040789713,-0.0508667913873001,0.015324913855130129,0.0012914994337303032,1.460696659116424,0.08594409152806537,0.10178430468356668,0.029955274645812713,-0.01621186414312492,-0.6468710577621468,0.3537557606701941,1.1913092596631916,0.0178065359929188,-0.05481070631539753,-0.06426813404830756,0.06426813404830756,0.23393057357096403,0.3333333333333333,0.9841269841269841,654683620.6238277,20.299662656485946,0.15873015873015872,0.0,0.015873015873015872,0.03017091993294904,-0.00922745712531059,-0.05718076366658953,-0.12233924203313744,-0.05155773425082055,0.8333333333333334,0.09757106092943922,-0.05155773425082055,0.22378042861951042,-0.035947228478885984,-0.05155773425082055,0.0006524757304466888,0.4214325133455981,0.019569658529213843,-0.06416439355270886,0.06416439355270886,0.07907211244562751,555666931.1262949,0.03215365832402184,0.03875796497166812,0.019839632848849265,-0.015610505771934569,0.08690003194403473,0.19563106945396225,0.22139136418185545,1.0,3.0,1.0,1.0,0.0,63.0,126.0,0.6671401515151515,0.03990500820767995,0.22624702866528268,0.7893193330754276,0.7893193330754276,0.9886792452830189,0.30813116183364575,0.43483282678561663,1,1,1,1,1,0
recent_month_top_future_return,2025-11-30,LITE,325.1600036621094,2.5173691175726893,2.738760481754545,1.1861938799937481,1.332898692836113,3.6233470097612424,4.5074525511498305,3.4986166180628766,-1.5447648897430604,-1.0780400136748436,0.837437739368563,0.6108719484518417,0.31516324244628735,3.3029855486089144,-2.050306930242472,4.945226159776108,0.0,-0.0,0.2593065376151791,1.0673527373275902,-0.22817139238725115,0.8896754573552268,2.420576604388033,0.7922858223317979,0.15800551923223827,1.011572941280253,0.020213983264300128,1.9538517283198162,2.6243483169235753,1.9538517283198162,3.4986166180628766,0.206486149613478,0.2773617522381726,1.4483096878204047,0.2251337226482668,1.36140965587637,1.4483096878204047,1.565613342904018,0.7074735320540475,1.9117648268719611,1.3075753508057288,-0.36403953737789496,0.025942195177129257,0.03156281510268471,0.0,-0.0,3.286316913339694,561675695.0804272,1.516922213281346,0.38095238095238093,0.14285714285714285,0.047619047619047616,0.05303391416320031,0.8577628055177268,0.05936158901048172,0.3598923236718312,0.6213639663995174,2.4386772603018967,0.23876829476779493,0.1650968907921412,0.9984020050710081,0.4867934199070383,-0.10491602638199493,0.9250749518613391,1.4620685727166167,0.04273977671587432,0.5323361302244776,0.0,-0.0,1.4530196645057676,0.0,0.9841269841269841,852018338.52774,20.563118609829225,0.49206349206349204,0.25396825396825395,0.09523809523809523,0.0655391940113933,0.4345884989546738,0.5505674143793606,0.4533874390607683,0.6132169458256964,1.0,0.29279564575562694,0.15800551923223827,0.6132169458256964,0.628827451597631,0.6132169458256964,0.301019914210362,1.352523014523801,0.06399297160772245,0.0,-0.0,0.7262688607373031,1411795993.9538138,0.20275055891332605,0.0852650527088949,0.09876596503144097,-0.015610505771934569,0.08690003194403473,0.19563106945396225,0.22139136418185545,1.0,3.0,1.0,1.0,0.0,63.0,126.0,0.9050189393939394,0.13356499011763945,0.2050682492459064,1.1555848359286007,1.1555848359286007,0.9981132075471698,0.30813116183364575,0.43483282678561663,1,1,1,1,1,1
recent_month_top_future_return,2025-11-30,MRNA,25.979999542236328,-0.6180472231305494,-0.39665585894869393,1.0862723853082803,1.1258436647198156,-0.16085270314926925,-0.0896987137760824,-0.02183734696417383,-0.09927226022072344,-0.03651715109481035,-0.09299696396913515,0.17145272892044428,0.038780147114320096,-0.21746841641813608,0.10029311191548296,-0.03865094859797893,-0.4533978495797333,0.4533978495797333,-0.022845649894762343,0.8208677231953164,-0.48284390608787975,-0.4422700291407733,-0.05835449805898418,0.05021070220384212,0.07140265684883329,-0.034636786194537805,0.21706182715873623,-0.12110960718489727,-0.06710048406935176,-0.12110960718489727,-0.02183734696417383,-0.18504734141341117,0.000401917188182388,0.07845576495130913,0.07222913076367243,-0.008444266992725602,0.07845576495130913,0.12830029544550997,0.5649886420980549,1.438441850950034,1.0823244948536452,-0.7269136431688593,-0.7387782229262407,0.027136051402938236,-0.2506489496873643,0.2506489496873643,0.16189619110336206,276665296.66193855,1.04715754450237,0.3253968253968254,0.0873015873015873,0.05555555555555555,0.04843344387215423,0.41116519987530276,-0.04141805246246477,-0.04374702038183431,0.0036157808100745203,0.9618928608360137,0.051490512103541386,0.10059401489318971,0.005807186177829271,-0.08062542285513274,-0.565639608722674,0.6115010466568243,1.329030117852543,0.02867666673190656,-0.07499149075679934,-0.08810109684263168,0.08810109684263168,0.16189619110336206,0.6190476190476191,0.07936507936507936,289712152.7015353,19.48439841457459,0.36507936507936506,0.09523809523809523,0.06349206349206349,0.05195926145773917,0.024017221148909806,-0.04695452601474992,-0.05345893824250572,-0.04344625595747986,0.6666666666666666,0.0009014749099126954,-0.18504734141341117,0.07222913076367243,-0.027835750185545294,-0.04344625595747986,0.04823577696596537,0.8127033081052725,0.03703954644895124,-0.07675905807612382,0.07675905807612382,0.16189619110336206,320093479.97965133,0.062142252727670266,0.05123171974740604,0.05088584316946432,-0.015610505771934569,0.08690003194403473,0.19563106945396225,0.22139136418185545,1.0,3.0,1.0,1.0,0.0,63.0,126.0,0.750284090909091,0.13510393728743297,0.696304868026596,1.0619707713133,1.0619707713133,0.9962264150943396,0.30813116183364575,0.43483282678561663,1,1,1,1,1,1
recent_month_top_future_return,2025-11-30,MU,236.2489013671875,1.2029813765927542,1.4243727407746096,0.9423744314871129,0.8902929577028096,1.532940536998887,2.0779835071475588,1.5074193520176693,-0.3393041065042448,-0.5857088930690937,0.2610843302080488,0.7272199345860471,0.30478519297311424,1.311788282563707,-0.5191150872235735,2.874421993275993,-0.06640345787752877,0.06640345787752877,0.16373391917902014,0.8043738373688161,-0.23007630857279127,0.5308425592307326,0.9217104589485756,0.2940797802617899,-0.11364930304085319,0.4341122090733336,0.0023009520802936834,1.1681152455134245,1.1990816854932231,0.9217104589485756,1.5074193520176693,0.0904343383973727,0.2495363855526327,0.9883042647940958,0.4059323166825075,0.9014042328500611,0.9883042647940958,1.5789747347853738,0.5244252081092853,1.4974464012125333,1.1935261240491648,-0.20865808823529408,-0.16371038013264372,0.02616391166980754,-0.06640345787752877,0.06640345787752877,1.4124140129601663,3828658611.368125,1.3332248685758097,0.3333333333333333,0.09523809523809523,0.031746031746031744,0.03868227168229121,0.6559836512446117,-0.05378375604620633,0.19723553870062882,0.14387021106274012,2.0042966995232874,0.3382149947862205,0.20053827833044205,0.41422473984080255,0.15923407389106714,-0.2145489709531455,0.6259151859883519,1.2546406576609201,0.031935069457414554,0.07610079113232127,-0.06640345787752877,0.06640345787752877,0.9971986242725914,0.20634920634920634,0.9841269841269841,5104462873.962911,22.353381067545214,0.4126984126984127,0.1746031746031746,0.06349206349206349,0.04666154982449608,0.04916635100068878,0.02576817695797673,0.07232834675680556,0.05679935238412459,0.8333333333333334,0.18041948203041439,-0.11364930304085319,0.4059323166825075,0.07240985815605916,0.05679935238412459,0.02070721746389137,0.7852986405883831,0.03761181742220686,-0.06640345787752877,0.06640345787752877,0.17435572140869526,6222899073.916698,0.043076297655587625,0.07167928123622065,0.053297357552130276,-0.015610505771934569,0.08690003194403473,0.19563106945396225,0.22139136418185545,2.0,7.0,2.0,1.0,1.0,63.0,126.0,0.9495265151515151,0.2073972628220928,0.7551065672325072,0.7444883382910903,0.7551065672325072,0.9849056603773585,0.30813116183364575,0.43483282678561663,1,1,1,1,1,0
recent_month_top_future_return,2025-11-30,RKLB,42.13999938964844,0.3233299821881028,0.5447213463699583,1.0939416258131467,1.1701812801578613,1.056612975127857,0.9339145304771366,0.5729749141301566,-0.6552919640000149,-0.39489275448897065,0.8141096234883958,-0.9470314195232767,0.33519967283881535,0.3773438446761943,-0.7058967101650375,0.7537188288650718,-0.391655818798622,0.391655818798622,0.07409116291557316,0.7180266035728743,-0.6454352174514713,-0.6925646051585388,0.1780821596411859,0.32993827552661525,0.2837572709334042,-0.1619100747733926,-0.3373650823000077,-0.08231704986985833,0.2229133413004947,-0.08231704986985833,0.5729749141301566,0.05836237831098612,0.013477502782493822,-0.13292179603488097,-0.014197503052935101,-0.2198218279789157,-0.13292179603488097,-0.16541624444245664,0.7601971613113683,1.0143690640803458,1.057040921895047,-0.5924252174604667,-0.7272911843079037,0.03622811825086026,-0.391655818798622,0.391655818798622,0.6584021897953769,1049003790.3371522,1.1257824772898335,0.4603174603174603,0.15873015873015872,0.09523809523809523,0.07269555446982381,0.4139597335151351,-0.3008517563523496,-0.08780767421570579,-0.2294935467402318,0.974143169123525,0.31454810567356395,0.25892098119497875,-0.12043415729785989,-0.24775065072627744,-0.5073157940739446,0.8035595082145665,0.9596308364881468,0.03886442488164906,-0.34770740504286035,-0.391655818798622,0.391655818798622,0.06737588344109269,0.49206349206349204,0.07936507936507936,1180950085.7721844,20.889585109739453,0.47619047619047616,0.12698412698412698,0.14285714285714285,0.0744142097075425,-0.21245176923439257,-0.352962998827705,-0.42911413988706276,-0.3308987028272673,0.6666666666666666,0.10779520364609453,-0.3308987028272673,0.33519967283881535,-0.31528819705533273,-0.3308987028272673,-0.12306076762297291,0.7711204830359483,0.038030285799979746,-0.3308987028272673,0.3308987028272673,0.06737588344109269,869544697.8600457,-0.006483564374718753,0.08779748703290007,0.0061121134107942066,-0.015610505771934569,0.08690003194403473,0.19563106945396225,0.22139136418185545,1.0,4.0,1.0,0.0,1.0,63.0,126.0,0.9356060606060607,0.6554343414007453,0.9000949419684419,0.6397721754854913,0.9000949419684419,0.9924528301886792,0.30813116183364575,0.43483282678561663,1,1,1,1,1,0
recent_month_top_future_return,2025-11-30,SNDK,223.27999877929688,,,0.8111565375797212,0.7797057954091484,3.765848581673527,5.953596840085898,4.9241179865968405,-0.72188107362207,-1.0006338346246793,0.3921465410593121,2.8632373656442605,0.20323693623018224,4.728486917142878,-1.6687340798932677,5.298290550653745,-0.21130344766698994,0.21130344766698994,0.5202485294645585,1.8075603608164836,2.1616603595080415,12.454078612313152,3.9234841519721613,0.5164112471690272,-0.053583249987592674,0.9723867415716958,-0.21130344766698994,4.2022369129747705,4.349946350514591,3.9234841519721613,4.9241179865968405,0.22250707034437145,0.6563975735476977,3.255383906703573,1.1383646719636702,3.168483874759538,3.255383906703573,2.6882680497230176,0.9293786249584337,1.4887825901805805,1.3029776368444042,0.9315242677763811,1.1636017267326522,0.04176396128079198,-0.21130344766698994,0.21130344766698994,4.981247999659916,987049375.2037684,1.8761934676032115,0.4603174603174603,0.1746031746031746,0.0873015873015873,0.0664492227955851,1.9650959945901976,-0.1866900264286162,0.5918837185095183,0.28517272526421844,2.7411143125713453,0.7765597794356938,0.45634258182132514,0.990017868559264,0.5847465830653806,0.26494338075261026,1.2109595644820417,1.1426002627229774,0.06107957671500893,0.3995849438008916,-0.21130344766698994,0.21130344766698994,3.372038380919074,0.1746031746031746,0.9841269841269841,1851895589.9591415,21.339475595209237,0.6507936507936508,0.2698412698412698,0.15873015873015872,0.08799508416501069,0.060952824349860046,0.19399948241001796,0.08683780361999117,0.12015249449774945,0.8333333333333334,0.4012062837473458,-0.053583249987592674,1.1383646719636702,0.13576300026968402,0.12015249449774945,-0.034197584427035244,1.3836427165240832,0.06676043195552146,-0.21130344766698994,0.21130344766698994,0.14755609998635433,3654000009.686207,-0.026228348514561906,0.13577220713909752,0.02794529787711819,-0.015610505771934569,0.08690003194403473,0.19563106945396225,0.22139136418185545,1.0,3.0,1.0,1.0,0.0,63.0,126.0,0.9673295454545456,0.06314943649499427,1.5808402147547462,1.8455750126530135,1.8455750126530135,1.0,0.30813116183364575,0.43483282678561663,1,1,1,1,1,1
recent_month_top_future_return,2025-11-30,TER,181.74534606933597,0.4393553529961116,0.6607467171779671,1.0504697347958802,1.1144608809403551,0.6610947090087291,1.4590742452417476,1.3182009183770194,-0.6221140952763098,-0.2918374753399058,0.5043256324424963,0.0366977127577548,0.14402030215394124,1.1225698489230571,-0.7771775731767683,2.2276356902324292,-0.029652596806932663,0.029652596806932663,0.15836516260533062,0.8627137094192227,-0.5430178206251826,-0.2957797932429176,1.0263634430371136,0.3112549076536378,0.19472860436036354,0.3887561041333649,-0.026533181672120265,0.6960868231007096,1.013550394838281,0.6960868231007096,1.3182009183770194,0.1006237046203271,0.18716232147985523,0.5410233452002511,0.1652441481420337,0.45412331325621635,0.5410233452002511,0.808148113319128,0.5917488771422402,0.9779974039286747,1.131325560577124,-0.5865418502202644,-0.585933414594923,0.0238705724393525,-0.029652596806932663,0.029652596806932663,1.2922455161556963,466003760.0710854,1.1816997088877406,0.20634920634920634,0.07936507936507936,0.031746031746031744,0.03666448549944839,0.4528388370437978,-0.029652596806932663,0.18657778992623442,0.17628994870453707,1.5146601601869092,0.32054638071574515,0.10557966950591585,0.3224896667856194,0.21385413374798423,-0.40290104017558925,0.6694606301538286,0.8644703505415082,0.0278372942540631,0.15519349926612147,-0.029652596806932663,0.029652596806932663,0.6217700385057381,0.25396825396825395,0.8571428571428571,550676507.6165941,20.126658096007798,0.2698412698412698,0.07936507936507936,0.06349206349206349,0.041767181978514915,0.09728134878405648,0.13137318135588294,0.002542775005136738,0.0014715772942568428,1.0,0.15443911954777792,0.0014715772942568428,0.32054638071574515,0.01708208306619141,0.0014715772942568428,0.044590412624712084,0.5787288656228192,0.028575782147354033,-0.029652596806932663,0.029652596806932663,0.16759121231200935,630254474.2683774,0.08375150736091475,0.0489112243730818,0.06530400276461701,-0.015610505771934569,0.08690003194403473,0.19563106945396225,0.22139136418185545,2.0,7.0,2.0,1.0,1.0,63.0,126.0,0.8307765151515152,0.06415958272712885,0.32525141125374346,0.7602056207010355,0.7602056207010355,0.9867924528301887,0.30813116183364575,0.43483282678561663,1,1,1,1,1,0
recent_month_top_future_return,2025-11-30,TPL,286.7957458496094,-0.678384006267287,-0.45699264208543156,0.9943976202280614,1.0241141916079985,-0.39214132904279486,-0.32730276390938096,-0.22172723675543282,0.11600171307844231,0.04128628738540785,-0.16086406557890776,0.08833330068142586,-0.05037622042447343,-0.41735830620939507,0.14919647185795093,-0.5797894324530382,-0.46913545726081185,0.46913545726081185,-0.02964393895341788,0.7214528210378833,-0.5735707591377694,-0.6044999981521596,-0.18044094937002497,0.05879817145639692,-0.08354865052197635,-0.07358107003189773,0.01639667911096565,-0.10572552367699051,-0.16929790326748276,-0.22172723675543282,-0.10572552367699051,-0.035790684502693404,0.00917742902225882,-0.07253076489748189,0.0018885480326373827,-0.15943079684151662,-0.07253076489748189,-0.173561433285333,0.3824271784625745,1.3391197639886565,1.0927486541688378,-0.7277079593058049,-0.7505360440577759,0.017466856730460636,-0.2313591325536445,0.2313591325536445,0.012802555122471526,135242893.90004477,0.8879299369682364,0.19047619047619047,0.015873015873015872,0.023809523809523808,0.03421739228943558,0.36693548387096775,-0.12202500882054756,0.005980901504233804,-0.07253709708806966,1.1005424380425666,0.010432349454106093,0.040598894333738235,-0.07427903340771103,0.005303250901299128,-0.5921720944129071,0.41789678458256424,1.2254599983993688,0.019286379244090684,-0.026541771340250375,-0.15485252425329088,0.15485252425329088,0.0015994302715760522,0.14285714285714285,0.015873015873015872,120086214.25606863,18.60372050324439,0.20634920634920634,0.031746031746031744,0.015873015873015872,0.035096175456338446,-0.0745893392950171,-0.058320456212295646,-0.16370666468085643,-0.08383676839679866,0.3333333333333333,-0.04020523772653306,-0.08383676839679866,0.010432349454106093,-0.06822626262486409,-0.08383676839679866,-0.07696228153205209,0.5121157929656506,0.02230412991065361,-0.15485252425329088,0.15485252425329088,0.0015994302715760522,126595345.29767717,-0.04543900145466673,0.042126241302155934,-0.00992255823829713,-0.015610505771934569,0.08690003194403473,0.19563106945396225,0.22139136418185545,1.0,3.0,1.0,1.0,0.0,63.0,126.0,0.5348484848484849,-0.001194012634762709,0.21141983010139787,0.8232156874596113,0.8232156874596113,0.9905660377358491,0.30813116183364575,0.43483282678561663,1,1,1,1,1,0
recent_month_top_future_return,2025-11-30,WDC,163.07818603515625,1.748059596080262,1.9694509602621175,1.1359077055931857,1.0777295224218935,2.3481464842986695,2.7351757534750702,2.1779790788462776,-1.0999499249746902,-0.6225777574009395,0.5613906846858834,0.47396094768639196,0.2436320871309594,1.9823480093923154,-1.1426274464740023,4.242063083227638,-0.0625071984150285,0.0625071984150285,0.23012230252030252,1.152794829366708,-0.35414834945248186,0.3145352112122195,1.5554013214453382,0.5515700450889066,0.22972351792291068,0.5215226245280535,-0.04178543054392336,1.0780291538715874,1.6038031847210679,1.0780291538715874,2.1779790788462776,0.02096813190434821,0.2644801207923406,1.0353516323722753,0.49613863749698517,0.9484516004282406,1.0353516323722753,1.5743606915279151,0.5134244908939753,1.4635378661196357,1.2808758977843586,-0.8395175745659115,-0.8255003478520146,0.024031027065269092,-0.0625071984150285,0.0625071984150285,2.1390077776226835,850729046.0503896,1.474221682526283,0.25396825396825395,0.09523809523809523,0.023809523809523808,0.0398327799699582,0.2681306100778152,-0.0625071984150285,0.22701949360155704,0.2032136441401866,1.9427051447244355,0.2511244893552118,0.1643607164744604,0.36040309458044906,0.26947055962550626,-0.7395826898750326,0.6576330557182979,1.1426070774313446,0.03303223550653647,0.2138962903882431,-0.0625071984150285,0.0625071984150285,0.9963390616554955,0.20634920634920634,0.9841269841269841,1254163205.6423852,20.94973441952614,0.4126984126984127,0.1746031746031746,0.047619047619047616,0.0531800020578045,0.10748467824240393,0.18280568624071947,0.11623959113990216,0.0873443099827389,1.0,0.2214885289655257,0.02096813190434821,0.49613863749698517,0.10295481575467347,0.0873443099827389,0.037513174728328824,0.751416183816529,0.03848735765062642,-0.0625071984150285,0.0625071984150285,0.18243683625137752,1520675924.7996013,0.06477433352648565,0.06806989931058449,0.06528824892536123,-0.015610505771934569,0.08690003194403473,0.19563106945396225,0.22139136418185545,1.0,3.0,1.0,1.0,0.0,63.0,126.0,0.906060606060606,0.05558394803944644,0.5332835804695808,0.7138608384455398,0.7138608384455398,0.9830188679245283,0.30813116183364575,0.43483282678561663,1,1,1,1,1,0
recent_month_non_top10_control,2025-12-31,A,135.2578582763672,-0.18851563778433222,0.019209772170039274,1.169139274283061,1.1778358358225933,0.17046188583576516,0.22078608531825217,0.15778636252674771,-0.07276936801434486,0.02976910573912428,0.09209879610193683,-0.03195078874283008,-0.025067549714199555,0.04145214171255707,-0.09763835516764097,0.5473885726238262,-0.13441479498123676,0.13441479498123676,0.03936461297545435,0.6332627279218473,-0.6070970677033789,-0.5834647392401872,0.187555468265872,0.05275054372137662,0.09450402553330428,-0.0014014477316024454,-0.13330991461408925,0.08501699451240285,0.14345294176834086,0.08501699451240285,0.187555468265872,0.02345803319976647,0.0176654704408723,0.06014800735910675,0.1403193578637687,0.03561079232959452,0.06014800735910675,0.2720479378186613,0.2882529347852881,0.587511149275142,0.7670118405568433,-0.3797336119091147,-0.4501651281057081,0.013186858410405832,-0.13441479498123676,0.13441479498123676,0.21691567703062575,236696037.19060987,1.1265587816420355,0.06349206349206349,0.015873015873015872,0.007936507936507936,0.023410843611163423,0.5424748272645945,-0.11087779532203146,-0.026190575703605057,-0.0602640744056584,0.635406325402356,0.04878380307341712,0.08982613843768456,-0.0703060506267752,-0.05475288121044941,-0.2818988107236444,0.22109341405557553,0.7659740283130629,0.010687544928615754,-0.08133712371120805,-0.13441479498123676,0.13441479498123676,0.0,0.38095238095238093,0.0,266651999.27695137,19.401454996490163,0.031746031746031744,0.0,0.0,0.022763397206015314,-0.05289898253295022,-0.10463471050590789,-0.670500243171966,-0.11355043179652902,0.6666666666666666,0.028074539693254668,-0.11355043179652902,0.1403193578637687,-0.10685116470754663,-0.11355043179652902,-0.03083007924050085,0.16935181299763716,0.008779612782811834,-0.08836914787425698,0.08836914787425698,0.0,282139768.1652251,-0.01112634427359982,0.015155053412805305,-0.01159323549001845,-0.006699267088982386,0.024537215029512227,0.11633422081419065,0.2077254099543715,1.0,3.0,1.0,1.0,0.0,63.0,126.0,0.5224866815604056,-0.014556997939703664,-0.10636489750581513,-0.15893099468325556,-0.014556997939703664,0.2169811320754717,0.31819753801463424,0.4450700798480484,0,0,0,0,0,0
recent_month_non_top10_control,2025-12-31,AAPL,271.3558349609375,-0.11719928110046185,0.09052612885390965,1.060057177860667,1.0612458351840246,0.22806295726737602,0.3563971086025268,0.32783728199623563,-0.15559843698751874,-0.015353048197839003,0.24247697733304419,-0.17377525792862047,0.011697701048496878,0.21150306118204498,-0.2591355625918119,1.5400199275889805,-0.05007166831027843,0.05007166831027843,0.05598835666941149,0.7325070377590147,-0.2761143954403079,-0.22638220975494627,0.3124842337983966,0.08574706871441966,0.11963891948030181,0.05764843707800882,-0.04135139266414345,0.1722388450087169,0.2708534536011164,0.1722388450087169,0.32783728199623563,0.0968812192629327,0.03561367194157716,0.06870171940442371,0.06181520766834603,0.044164504374911484,0.06870171940442371,0.3919953836624759,0.21287859729808176,0.4971365647242639,0.8232934378850897,0.3554897792963707,0.3215113257679716,0.009206283648683351,-0.05007166831027843,0.05007166831027843,0.34614268392915304,12297609066.389318,0.986323481064881,0.07142857142857142,0.007936507936507936,0.0,0.01818690014453874,0.5619486001865366,-0.05007166831027843,0.02049650095966915,-0.0026771444144354506,0.7920144873044667,0.03236417355566945,0.05403522008684669,0.00648560284910582,0.01215903316161171,-0.38710278652926766,0.1752615522216933,0.6038388524039848,0.007733386116904767,-0.002432697282177876,-0.05007166831027843,0.05007166831027843,0.10948557921344437,0.31746031746031744,0.8888888888888888,12129420583.136154,23.21889979158392,0.031746031746031744,0.0,0.0,0.017870114449798833,-0.01282658091380584,-0.01901769221183669,-0.23686432485279668,-0.025067288626873463,0.8333333333333334,0.0495549887314789,-0.025067288626873463,0.11963891948030181,-0.018368021537891077,-0.025067288626873463,-0.013113856401601454,0.10582973456408833,0.005516212061894153,-0.05007166831027843,0.05007166831027843,0.003284447061661533,11521623390.639675,-0.00305841434386922,0.013896313650340811,-0.004839291367797927,-0.006699267088982386,0.024537215029512227,0.11633422081419065,0.2077254099543715,2.0,8.0,2.0,1.0,1.0,63.0,126.0,0.6299267485822306,-0.045538085253494565,-0.02734050789335063,-0.0655945125997155,-0.02734050789335063,0.1811320754716981,0.31819753801463424,0.4450700798480484,0,0,0,0,0,0
recent_month_non_top10_control,2025-12-31,ABBV,223.2125244140625,0.12305294739523887,0.33077835734961036,1.0032919951952188,1.00703123371664,0.11812763333283116,0.24724581529588296,0.2505382241748142,-0.15673021230331452,-0.03300985788831201,0.2581607300152644,-0.2642191815776158,0.0271121879394014,0.13420400336062355,-0.2565966757371656,1.0978809026284495,-0.05828134879674529,0.05828134879674529,0.0356418430021912,0.6468864483072263,-0.6520305203922807,-0.6541386766296606,0.21752836628650218,0.08262438730284422,0.1131097533316816,0.030160477569932675,-0.032969311086150865,0.09380801187149967,0.18729153411093868,0.09380801187149967,0.2505382241748142,0.10047518749048034,-0.0014936854706166791,-0.006058451562351408,-0.05151647460438913,-0.030595666591863635,-0.006058451562351408,-0.026812282357172208,0.2282016415214052,0.7435549951285285,0.9901684671042807,0.2038334086458804,0.20801011297434946,0.01024559774016336,-0.05828134879674529,0.05828134879674529,0.24499436884846792,1162023491.5493436,1.082243337749732,0.05555555555555555,0.007936507936507936,0.0,0.019570294574584642,0.473875738987146,0.02856803724605872,0.0036426874784456498,0.007911040625498522,0.8011482296261004,0.04430384008736166,0.06147373261942233,0.04792705600561398,0.0003221104910382522,-0.42494213865138086,0.22595806957593037,0.7509378654553944,0.010059158180499446,-0.012433425856756775,-0.032969311086150865,0.032969311086150865,0.07798643892886514,0.4126984126984127,0.6349206349206349,1257592182.037959,20.952464763842194,0.047619047619047616,0.0,0.0,0.01974418239792354,0.003177252994177815,0.0062709146769279744,0.02044727703188691,0.0034695035861873613,0.8333333333333334,0.039492332971787204,-0.05151647460438913,0.1131097533316816,0.010168770675169747,0.0034695035861873613,0.007822558486359377,0.16968047044977067,0.008083134013983332,-0.010180183813309984,0.010180183813309984,0.025446587766007056,1123932915.486363,0.002329377037588287,0.01537110741432736,-0.005648674788789276,-0.006699267088982386,0.024537215029512227,0.11633422081419065,0.2077254099543715,1.0,3.0,1.0,1.0,0.0,63.0,126.0,0.6007405696855129,-0.016130820641631627,0.023883997053414152,-0.04048376670784659,0.023883997053414152,0.30943396226415093,0.31819753801463424,0.4450700798480484,0,0,0,0,0,0
recent_month_non_top10_control,2025-12-31,ABNB,135.72000122070312,-0.17492731667011951,0.03279809328425198,0.968175358535686,0.9976455398425236,0.1361125252037938,0.05209303271862886,0.02554031265183565,0.014220680912422567,-0.0005422198563669323,-0.08251472322142395,0.20028776940332704,0.0005289959661174404,-0.090793908162355,0.09223273353006745,0.09964883683149918,-0.15921197645748997,0.15921197645748997,-0.0075206311918661894,0.5737578618554678,-0.4134566412009114,-0.34437764311737773,0.024998092795468718,0.008371230565600891,-0.014198359873246358,0.08909700191592407,0.13691063854316354,0.03976099356425822,0.03009979967052086,0.024998092795468718,0.03976099356425822,-0.06979239022100159,0.02820955510175982,0.1177730461819031,0.04216770568105255,0.09323583115239087,0.1177730461819031,0.5045750225707583,0.2563031688470478,0.7423035412850979,0.9106808079230453,-0.13249811679816037,0.006388228027978116,0.011601413255795348,-0.04530108522445642,0.04530108522445642,0.21678321773986742,597330615.6695653,0.9976159685723147,0.05555555555555555,0.0,0.007936507936507936,0.022523309004405884,0.6577982202982203,0.08461134307483276,0.03419072717687399,0.08306015840753878,0.8494331581994772,-0.07547023062006297,0.08702354346206928,0.07254623232778346,0.10100653692052064,-0.19869384765624998,0.23341037687886618,0.8151083615982212,0.010829183219885541,0.17309883762873257,-0.008981349068623357,0.008981349068623357,0.21678321773986742,0.09523809523809523,0.42857142857142855,595906560.7090905,20.205594437083146,0.06349206349206349,0.0,0.0,0.023864339010298635,0.0772996154704011,0.16626815730745625,0.8414990190483526,0.16009918539142132,0.5,0.007222484387380064,-0.07547023062006297,0.16009918539142132,0.1667984524804037,0.16009918539142132,0.03611359057995944,0.19025474987775595,0.009725598603008145,-0.008981349068623357,0.008981349068623357,0.14531646599749481,566459651.6148158,-0.0015742929446582732,0.018117675708237385,-0.0062239144204616625,-0.006699267088982386,0.024537215029512227,0.11633422081419065,0.2077254099543715,1.0,3.0,1.0,1.0,0.0,63.0,126.0,0.504263690783067,-0.04678754823461484,-0.0044945520547086115,-0.06955498346964528,-0.0044945520547086115,0.24339622641509434,0.31819753801463424,0.4450700798480484,0,0,0,0,0,0
recent_month_non_top10_control,2025-12-31,ABT,123.0040512084961,-0.07905377110046441,0.1286716388539071,0.9203098401404629,0.9238833408157365,-0.042611438196832,-0.053660482756572314,-0.07056808475901988,0.01921231276049884,0.06785095315331613,-0.010798837990104726,-0.04962289326572378,-0.06803581541770742,-0.18690230557321053,0.010146353503191374,-0.33780444931375997,-0.09429748057606291,0.09429748057606291,-0.0043577377226595715,0.5975062589089327,-0.581192045952005,-0.6064971475992964,-0.0027171316057037487,0.03497280406421187,0.051271740192089466,-0.02838675451261019,-0.045343132239521244,-0.05135577199852104,-0.04154699612108156,-0.07056808475901988,-0.0027171316057037487,0.009648966519228752,-0.023784404559869854,-0.060421731255828504,-0.07294546928657519,-0.08495894628534073,-0.060421731255828504,-0.33275823515642444,0.2089021766953541,0.8253884158882141,0.869203341876429,0.22729746540195928,0.19292564957678682,0.008841185491206927,-0.07885265115749707,0.07885265115749707,0.04428789786044662,786569409.6264794,0.9872471725098673,0.015873015873015872,0.0,0.007936507936507936,0.01871665467420434,0.6020021610627344,-0.012647699939712376,-0.009819713411608033,-0.006510116015056022,0.8202082109592138,0.04271145227814088,0.05397876084574138,0.013509170837133988,-0.018837384781773103,-0.25857183116232463,0.18157847010886205,0.9495918574201203,0.008871282622137008,-0.02082957493788562,-0.06495929463363781,0.06495929463363781,0.03331962400681898,0.9682539682539683,0.23809523809523808,776538425.6364974,20.470356686304104,0.015873015873015872,0.0,0.0,0.018521449973614677,-0.0038639926758349263,-0.024036555473994747,-0.1624244123369136,-0.028006100227637276,0.5,-0.010892537657076798,-0.07294546928657519,0.051271740192089466,-0.02130683313865489,-0.028006100227637276,0.0031064537845302276,0.17242543669817811,0.008012797372138976,-0.0247528504667216,0.0247528504667216,0.03331962400681898,701265408.9809237,0.0004711446958187704,0.01583184436741755,0.0018551585614912103,-0.006699267088982386,0.024537215029512227,0.11633422081419065,0.2077254099543715,1.0,3.0,1.0,1.0,0.0,63.0,126.0,0.3943776135647591,-0.12320489515603361,-0.06665042837639379,-0.1763901958190186,-0.06665042837639379,0.1169811320754717,0.31819753801463424,0.4450700798480484,0,0,0,0,0,0
recent_month_non_top10_control,2025-12-31,ACGL,95.91999816894533,-0.16906813054115477,0.03865727941321673,1.0906967786257673,1.0869465850826794,-0.002703286914176317,0.009259230270842744,0.053487039582186036,-0.005524628916870666,0.06108420013506377,-0.0035145489741752467,0.06071717897512641,-0.05480511066350491,-0.06284718123200461,0.0037155904187651245,0.270152125495623,-0.012355895219318791,0.012355895219318791,0.01505177265382307,0.7080219946691997,-0.32763218923933213,-0.28917098213584,0.1145712397172498,0.036965157329751024,0.06356032275017065,0.052039292456656394,0.017684702718363088,0.04796241066531537,0.07200689665491707,0.04796241066531537,0.1145712397172498,-0.008740253829701006,0.020328654079379893,0.05720263000095116,-0.04871603256699386,0.03266541497143893,0.05720263000095116,0.3190642658832309,0.19798859433016983,0.6558024377508552,0.9055191872244438,0.29200089126559714,0.3195136876125799,0.009683226863831561,-0.012355895219318791,0.012355895219318791,0.13220015093089077,203453664.50387257,0.9882000201754784,0.023809523809523808,0.0,0.0,0.018014526337911656,0.6684599348659372,-0.007271113978060129,0.04931154335518473,0.04521717328934316,0.7750830840444021,0.08817055759021808,0.058489810325465075,0.11134284419168927,0.03961580261994335,-0.19524888971132504,0.1792824710175655,0.7242280969892985,0.00840978496789604,0.040728184988837235,-0.012355895219318791,0.012355895219318791,0.13220015093089077,0.09523809523809523,0.6984126984126984,201052915.36750188,19.119078696885026,0.031746031746031744,0.0,0.0,0.01728586259989035,0.01999147185566752,0.030426308565787652,0.16400561657718893,0.021294719324870037,0.5,0.010127367100843165,-0.05480511066350491,0.08817055759021808,0.027993986413852423,0.021294719324870037,0.012786516101863876,0.12984140280859052,0.006244179097385082,-0.012355895219318791,0.012355895219318791,0.05476133267917782,217429847.94405982,-0.004834746662323863,0.013262555691320068,-0.0034078934205745703,-0.006699267088982386,0.024537215029512227,0.11633422081419065,0.2077254099543715,1.0,3.0,1.0,1.0,0.0,63.0,126.0,0.21110729220370053,0.0012510711934194951,0.04409928521352979,0.0007297716447085545,0.04409928521352979,0.37735849056603776,0.31819753801463424,0.4450700798480484,0,0,0,0,0,0
recent_month_non_top10_control,2025-12-31,ACN,262.8829040527344,-0.4341657383964198,-0.2264403284420483,1.0710595575364528,1.0851045030089292,-0.13158903389265275,-0.14891155608996054,-0.09785583659718766,0.12989801901406006,0.10234857350632509,-0.17082092042269137,0.25881769412650835,-0.10189080492633085,-0.2141900574113783,0.18585261030100464,-0.3678024470038944,-0.3195757650198875,0.3195757650198875,-0.0005632900996831447,0.6063922170891598,-0.7799562812276946,-0.7605931439019415,0.004492736909137429,0.06844425686929523,-0.026694108028819885,0.06639514288203818,0.16368935897603554,0.0320421824168724,-0.02044030575705928,-0.09785583659718766,0.0320421824168724,-0.05142900479057577,0.04682470502098557,0.08799677370381698,0.0141930382025095,0.06345955867430475,0.08799677370381698,0.337152557868997,0.2660554256621124,0.7747059063572072,0.9809981102335241,0.3208810336747674,0.4175695055922055,0.012745560138644193,-0.11529018274379021,0.11529018274379021,0.15368081381457643,1084043925.306641,0.8914482540648553,0.07936507936507936,0.0,0.0,0.02373268377791222,0.4957120364476902,0.0009297454288517137,0.06619437016999097,0.04486577180919049,0.8490495717273572,-0.00039982263591398226,0.0597611107092723,0.07277089540282433,0.10128441759361029,-0.19078542620821648,0.2609998697919081,0.7897119253092041,0.01239110103057119,0.09943244472848334,-0.02315582417240969,0.02315582417240969,0.14648322538265757,0.1746031746031746,0.8253968253968254,966369064.5442176,20.689056374640998,0.07936507936507936,0.0,0.0,0.0237116911138308,0.01929559664243552,0.08218695452228841,0.35514197489240124,0.07319998504970981,0.3333333333333333,-0.015503452854903529,-0.10189080492633085,0.07319998504970981,0.0798992521386922,0.07319998504970981,-0.008821943999303472,0.2061147096788193,0.009051446847981162,-0.02315582417240969,0.02315582417240969,0.027890633539257914,1040989441.7577834,-0.009268472264573835,0.019793965821857832,-0.006818614599485073,-0.006699267088982386,0.024537215029512227,0.11633422081419065,0.2077254099543715,1.0,3.0,1.0,1.0,0.0,63.0,126.0,0.5772061350747552,-0.017368521804886794,-0.22206481965074432,-0.2609392433168368,-0.017368521804886794,0.20566037735849058,0.31819753801463424,0.4450700798480484,0,0,0,0,0,0
recent_month_non_top10_control,2025-12-31,ADBE,349.989990234375,-0.4206650609416497,-0.21293965098727818,1.0510138181522648,1.0764368781269518,-0.08745080867643562,-0.15683347389206426,-0.09535260076211904,0.07654121376176848,0.07382554617721326,-0.08821858057293663,0.08039431475968362,-0.07544975721929081,-0.2116868215763097,0.08752833494886603,-0.3683228362217309,-0.24588998021824893,0.24588998021824893,-0.007487589907661518,0.6834478448189577,-0.605238121887067,-0.6083268437543616,-0.02152705458490578,0.04342837690366056,-0.0027677324711841145,0.013999065581907999,0.04958797460038267,-0.018811387000350566,-0.04523034744912513,-0.09535260076211904,-0.018811387000350566,-0.011073765270124603,0.00023680913675416804,-0.007824265813253017,-0.0352657758792525,-0.032361480842765245,-0.007824265813253017,-0.02857308266175545,0.25888321707187506,0.9796102138454567,1.0577489474865385,0.1742314948396404,0.2837574208711291,0.012208736029226213,-0.08437107791946497,0.08437107791946497,0.12032649510981197,1407220032.2457693,0.9305340226147514,0.05555555555555555,0.007936507936507936,0.007936507936507936,0.02375559915744867,0.6287329969447732,0.1012406182930291,0.014602143700934711,0.030614821182253005,0.9471961622858447,-0.059298853458769285,0.05985921975455907,0.02844463208611625,0.06791638287352098,-0.17355307349839877,0.2738334503797049,0.92612733501011,0.012049027487989883,0.10480734224528065,-0.027562483195236465,0.027562483195236465,0.12032649510981197,0.6984126984126984,0.42857142857142855,1309466117.3097157,20.992885347816113,0.07936507936507936,0.015873015873015872,0.015873015873015872,0.024348247798535085,0.032041348274911785,0.102365556103446,0.3677951581358365,0.09327456001037171,0.16666666666666666,-0.015096887381374935,-0.07544975721929081,0.09327456001037171,0.0999738270993541,0.09327456001037171,0.0038491232748028015,0.2536046436367793,0.010959943788002347,-0.0210891633447976,0.0210891633447976,0.08419811307376812,1507909132.2753906,-0.010970096210935476,0.024137422765897424,-0.007086795154575221,-0.006699267088982386,0.024537215029512227,0.11633422081419065,0.2077254099543715,2.0,8.0,2.0,1.0,1.0,63.0,126.0,0.6370044967634759,-0.16211889430431536,-0.2502356896367711,-0.30546584584241043,-0.16211889430431536,0.033962264150943396,0.31819753801463424,0.4450700798480484,0,0,0,0,0,0
recent_month_non_top10_control,2025-12-31,ADI,269.614990234375,0.08980093529339461,0.2975263452477661,1.05381934641999,1.0641220392816968,0.3610267815775259,0.2827286221491039,0.14794645463972889,-0.06070675441153739,0.06842805913196393,0.03634866307464435,0.07133497230921915,-0.05625574883165263,0.03161223382553824,-0.04026281925586539,0.5494904104191651,-0.043014987675279004,0.043014987675279004,0.04153037906355439,0.5773334611094912,-0.28586809155435045,-0.20896777150930645,0.2163745137716928,0.0646058683824015,0.11877308519583907,0.09289363859231559,-0.007971015903353695,0.0872397002281915,0.15052022287987107,0.0872397002281915,0.2163745137716928,-0.018456474847700854,0.06391055587095651,0.1076836353838635,-0.04708989222872506,0.08314642035435127,0.1076836353838635,0.35178496591096875,0.2692430146813146,0.7380231466471452,1.1369149803903307,-0.30845271653087225,-0.2906834816605227,0.012302355618173253,-0.043014987675279004,0.043014987675279004,0.23814681819631045,853045653.0668229,1.0658614771157058,0.0873015873015873,0.015873015873015872,0.007936507936507936,0.022590470941688465,0.5800391896487507,-0.043014987675279004,0.12074246856611515,0.06670540515266432,0.7368355860617611,0.13330188716483193,0.08271052165152741,0.16242196021467592,0.16566186414850237,-0.24100470425360587,0.3061064167566403,0.649145414896164,0.014903965561550127,0.13481361677478176,-0.043014987675279004,0.043014987675279004,0.20851627177179166,0.20634920634920634,0.42857142857142855,909228499.8249357,20.628106996597122,0.12698412698412698,0.015873015873015872,0.015873015873015872,0.02462608464727469,0.01615689700881262,0.07783392752176321,0.12931009199104357,0.02569489504927369,0.5,0.025994625250311026,-0.05625574883165263,0.13330188716483193,0.03239416213825608,0.02569489504927369,-0.02117447100079417,0.19870757690786733,0.009735027166118657,-0.043014987675279004,0.043014987675279004,0.0005904050849359077,941705758.1390381,-0.01345941646382176,0.01649547287433012,-0.014570655903600072,-0.006699267088982386,0.024537215029512227,0.11633422081419065,0.2077254099543715,1.0,3.0,1.0,1.0,0.0,63.0,126.0,0.6838436945065017,0.14631267187821173,0.31190999988228296,0.1767556592471724,0.31190999988228296,0.8962264150943396,0.31819753801463424,0.4450700798480484,0,0,0,0,0,0
recent_month_non_top10_control,2025-12-31,ADM,56.68618392944336,-0.025357040641547313,0.18236836931282419,0.97274120960247,0.9831809641990727,0.23041924336709574,0.2113488168109121,0.107840318892239,-0.1823219160466638,-0.028626364413454786,0.14157806270937034,-0.17113166479686992,0.026525198543490003,-0.008493901921951652,-0.13739392097973857,0.42812956013003584,-0.09711149913727035,0.09711149913727035,0.015624626304318268,0.5778280639583289,-0.5084426026719446,-0.5229698943957448,0.07921395447878421,0.09805021876764228,0.16606428479505175,-0.03986543808522647,-0.0156723717389452,-0.07448159715442482,0.037524225405532796,-0.07448159715442482,0.107840318892239,-0.04629621498268077,-0.015882922267219546,-0.029553602087499575,0.013223917585666323,-0.0540908171170118,-0.029553602087499575,-0.11208310445663609,0.25188711300262623,0.7767773042414542,1.0468014641519363,0.39454290226355493,0.3199254368545501,0.011504096387126905,-0.09711149913727035,0.09711149913727035,0.09211439670259569,194774473.86237252,0.9731203470227278,0.05555555555555555,0.007936507936507936,0.007936507936507936,0.024399114591833214,0.56946492867507,-0.05171013085361209,-0.007963752844830752,-0.025106274615775526,0.6988373492781553,0.011925641120999586,0.079102699395426,-0.042219216237115,0.002268706033418333,-0.29530945203050185,0.26367579869215335,0.7420483547668311,0.011443077415312244,-0.023025207323954078,-0.0852876510527667,0.0852876510527667,0.035258345321986795,0.8412698412698413,0.5555555555555556,189539003.59612116,19.06010539031015,0.07936507936507936,0.0,0.015873015873015872,0.025955125765596405,-0.02350226160635105,-0.035281185944026294,-0.27346776207419726,-0.05350675500043023,0.6666666666666666,0.019656012010349444,-0.05350675500043023,0.16606428479505175,-0.04680748791144784,-0.05350675500043023,-0.01767632134791819,0.19566019261134254,0.008246317654451966,-0.04675841128272873,0.04675841128272873,0.00034803628436463896,148797294.27751812,-0.00877598159203219,0.018562230085158803,-0.007321161440833834,-0.006699267088982386,0.024537215029512227,0.11633422081419065,0.2077254099543715,1.0,3.0,1.0,1.0,0.0,63.0,126.0,0.39370184596436963,0.1708121626038539,0.2099560543401815,0.2739238636379695,0.2739238636379695,0.8735849056603774,0.31819753801463424,0.4450700798480484,0,0,0,0,0,0
recent_month_top_future_return,2025-12-31,APA,23.9002742767334,-0.09237323532228126,0.11535217463209024,1.1574345298537945,1.1888576930039092,0.21226536389649997,0.47388709742870727,0.3707389981000955,-0.30554318019135196,-0.08852818433399512,0.34558703199208174,-0.32689484374263245,0.06904339238410473,0.2544047772859048,-0.3520468098506462,0.8490622965288918,-0.09741696975756242,0.09741696975756242,0.06144894815094726,0.5208185895945794,-0.5211816156448552,-0.5122314522671917,0.28221081376610035,0.1572097234110576,0.20373248956554657,0.04173420089837432,-0.0808111061679927,0.06519581790874351,0.23938187659164645,0.06519581790874351,0.3707389981000955,0.045650325187245766,0.02925482940707913,0.018692188249449293,-0.056689375401399955,-0.005845026780062934,0.018692188249449293,0.04165418950182103,0.4366452256986776,0.8626786478169987,1.0277151099148443,0.2319123641304348,0.2067511757723668,0.02066615968767675,-0.09741696975756242,0.09741696975756242,0.38207390934953245,148813563.92192993,1.0373896400984366,0.20634920634920634,0.05555555555555555,0.015873015873015872,0.03631520626565113,0.5084822993340343,-0.09741696975756242,0.05581241622184807,0.0049136551780206705,0.761022859777352,0.10242824914565829,0.09250657204045494,0.07991170849255047,0.05003020135941805,-0.42445481836095056,0.4487468961227084,0.8394141912426291,0.021190994758067485,-0.002785861067728601,-0.09741696975756242,0.09741696975756242,0.12927058988503548,0.2698412698412698,0.6031746031746031,154377649.51873657,18.854912434551263,0.20634920634920634,0.047619047619047616,0.031746031746031744,0.035671502933090356,-0.02067289676151718,-0.010777109115785999,-0.05422175495893265,-0.0204244953542847,0.6666666666666666,0.057290097587811784,-0.056689375401399955,0.20373248956554657,-0.013725228265302314,-0.0204244953542847,-0.029615365709349084,0.37668451288148336,0.016942055132579424,-0.09741696975756242,0.09741696975756242,0.02729954990462491,126134861.30619049,0.004888880609239754,0.028472178056495177,0.001802114248335096,-0.006699267088982386,0.024537215029512227,0.11633422081419065,0.2077254099543715,1.0,3.0,1.0,1.0,0.0,63.0,126.0,0.6198920919974795,0.08998943149452932,0.2534259458844319,0.7515769961072178,0.7515769961072178,0.9849056603773585,0.31819753801463424,0.4450700798480484,1,1,1,1,1,0
recent_month_top_future_return,2025-12-31,BE,86.88999938964844,2.7044764347721575,2.9122018447265288,1.1482285558692173,1.2479012975097836,3.4196337774176513,3.7043856318296546,2.632525046509564,-1.9912329867509677,-1.308641633617499,2.535535093021919,-2.508102200705541,0.5631270597989677,2.5161908256953733,-2.605092154193186,2.395099782762761,-0.3896888222962458,0.3896888222962458,0.18116828005281227,0.9265201338064832,-0.7823513714806893,-0.7763806400917118,1.323883412892065,1.0118862492176706,0.415886587079368,-0.019399842710348447,-0.36998328138524106,0.6412920597585963,1.5325668397200751,0.6412920597585963,2.632525046509564,0.5974688683153357,0.02177835735393896,0.0274328923163778,0.5627291490956186,0.0028956772868655722,0.0274328923163778,0.0227939595714366,1.0991295917838262,0.9882473970128328,1.0949717750984884,-0.32829785141845713,-0.4657250052946692,0.0508890327253133,-0.3896888222962458,0.3896888222962458,2.5845709657628557,1053530420.2708621,1.3899589483303967,0.5476190476190477,0.2222222222222222,0.1349206349206349,0.08530682244237785,0.3866605973697617,-0.15698531460736764,-0.14943007608807413,-0.18729680852086394,0.8672319845537868,-0.17342618918912067,0.3791247023757918,-0.342539369083265,-0.16506595476876795,-0.470570568630997,1.203515880178813,0.9025323021901125,0.0555824202060039,-0.12877412854765824,-0.3896888222962458,0.3896888222962458,0.12888135652357335,0.6349206349206349,0.14285714285714285,1464364034.9937682,21.104686880040827,0.6031746031746031,0.2222222222222222,0.1746031746031746,0.10039052773849148,-0.10704682480092365,-0.10926355020356704,-0.1883567703522394,-0.2045953763381908,0.6666666666666666,0.29353168312699646,-0.2045953763381908,0.5974688683153357,-0.19789610924920842,-0.2045953763381908,-0.09383865606554687,1.0862119580601437,0.05077675301268519,-0.2709347275788272,0.2709347275788272,0.12888135652357335,1074072003.7866502,-0.0061877494932025545,0.09147116397921264,-0.022873477881147797,-0.006699267088982386,0.024537215029512227,0.11633422081419065,0.2077254099543715,1.0,3.0,1.0,0.0,1.0,63.0,126.0,0.9631283296098985,0.7420876531300888,0.7915755468113275,0.559327960005781,0.7915755468113275,0.9886792452830189,0.31819753801463424,0.4450700798480484,1,1,1,1,1,0
recent_month_top_future_return,2025-12-31,DOW,22.873727798461918,-0.5815670812079359,-0.3738416712535644,1.0252828549422324,1.0495334988942917,-0.2935270331886898,-0.13229246332161415,-0.09100424435786003,0.05435482908358591,0.1245037229294852,-0.12154981064263859,0.15632192026802827,-0.12046810425251375,-0.20733846517205068,0.1257763539832497,-0.1800953991488698,-0.40057885695120665,0.40057885695120665,-0.013396177552794097,0.8239078180165041,-0.37782819600938156,-0.35619396983519325,0.03349947857162516,0.06241860269691387,0.07281761692797573,0.018431222176199524,0.15623367149113077,-0.03664941527427412,-0.031384727020169666,-0.09100424435786003,0.03349947857162516,-0.06902150167684751,0.02236195560450338,0.03477210962538968,0.04012206983051447,0.010234894595877453,0.03477210962538968,0.07509292410626502,0.5053113227097736,0.6436657915890115,0.9163744975276505,0.2324129089179614,0.20812621353876004,0.021336350261135856,-0.20743482252635426,0.20743482252635426,0.15333986536249244,315285839.008961,0.8872883912567394,0.2222222222222222,0.047619047619047616,0.03968253968253968,0.03535207522825706,0.7276955114942918,-0.018538095597674165,0.0188557307753896,0.016974370185977028,0.7159499785461553,0.0148557907038942,0.0716846093627975,-0.005143588777033026,0.049724898896945424,-0.08298457246020019,0.4630544094432013,0.7024047409935582,0.019710373830905327,0.04297084831973952,-0.07783422606693946,0.07783422606693946,0.14902301500834692,0.7142857142857143,0.8888888888888888,279749464.88029236,19.44940499587939,0.19047619047619047,0.047619047619047616,0.031746031746031744,0.032971178945949045,0.012870689148975378,0.002402187751839646,-0.06058885265855236,-0.01970662202858986,0.5,-0.01356679174926112,-0.12046810425251375,0.07281761692797573,-0.013007354939607474,-0.01970662202858986,0.0007061731878115207,0.32525161253087687,0.013362205270961927,-0.049207040980417394,0.049207040980417394,0.023642739373933797,250988135.32792956,0.0065437736537772295,0.025296352600531237,0.0026588589550804453,-0.006699267088982386,0.024537215029512227,0.11633422081419065,0.2077254099543715,1.0,3.0,1.0,1.0,0.0,63.0,126.0,0.7164160508678467,0.17835756433167238,0.32993921744408383,0.802537285840782,0.802537285840782,0.9905660377358491,0.31819753801463424,0.4450700798480484,1,1,1,1,1,0
recent_month_top_future_return,2025-12-31,GLW,87.26313781738281,0.669886094709963,0.8776115046643345,1.0409883118738998,1.0711453923813046,0.9378384047238326,0.7789280522597404,0.677449131338967,-0.36671219094531793,-0.2824928033264329,0.5661643108348708,-0.4951086625007737,0.202510141467235,0.5611149105247764,-0.6063934830048698,1.9091721796265075,-0.08763153368943966,0.08763153368943966,0.08638952259788701,0.5936090414028444,-0.47081884989603673,-0.43321754018921643,0.3949563280125341,0.19208197910008892,0.06425346308893376,0.08301624209668113,-0.08763153368943966,0.3107369403936491,0.46104746658171675,0.3107369403936491,0.677449131338967,0.22378042861951042,0.025795609847476086,0.07105564833409717,0.08594409152806537,0.04651843330458494,0.07105564833409717,0.1835799023192428,0.35483920128749036,1.0709592457494188,1.0907918364282203,0.8046008119079837,0.8766134221187578,0.015954083121419885,-0.08763153368943966,0.08763153368943966,0.7096325847613276,518378533.82619524,1.090912169152946,0.11904761904761904,0.007936507936507936,0.015873015873015872,0.026984222233660607,0.6139850094841716,-0.0233633996411321,0.016021824344911284,0.014192959476755362,1.0712109221918036,-0.05155773425082055,0.10361502824928708,-0.013710137851588922,0.05531536612156884,-0.21424138391559489,0.38705570400910455,0.9818181709685846,0.01828299101682249,0.08074847923514805,-0.08763153368943966,0.08763153368943966,0.1221324939494488,0.20634920634920634,0.42857142857142855,565505450.7786584,20.15323049410821,0.1746031746031746,0.0,0.031746031746031744,0.032054595018871535,0.014580630247482906,0.0682282597970767,0.1050081160652176,0.03990500820767995,0.8333333333333334,0.09413923311010065,-0.05155773425082055,0.22378042861951042,0.046604275296662334,0.03990500820767995,-0.010504078083894308,0.38001832337317687,0.01606061663803469,-0.08763153368943966,0.08763153368943966,0.04799514162532348,522919886.2106687,-0.007874925779849828,0.03083600468112675,-0.015405406117333875,-0.006699267088982386,0.024537215029512227,0.11633422081419065,0.2077254099543715,1.0,3.0,1.0,1.0,0.0,63.0,126.0,0.6824049808099902,0.17919138670057078,0.7206565205021895,0.5557764225389006,0.7206565205021895,0.9830188679245283,0.31819753801463424,0.4450700798480484,1,1,1,1,1,0
recent_month_top_future_return,2025-12-31,LITE,368.5899963378906,3.1828643427187338,3.3905897526731055,1.200047125320424,1.3181662603414175,4.912576121843168,4.0994743021974935,2.8774458847497497,-1.1021277376706915,-0.5290629795279251,0.7116559109269367,0.5536626382024517,0.15800551923223827,2.761111663935559,-1.6121273356203614,3.759415812297988,-0.06902913761097906,0.06902913761097906,0.31639299608521276,1.026859870488187,-0.0670332241459991,1.1134669430635085,2.3483829052218246,0.551210244745643,0.206486149613478,0.7083820135418823,-0.017775532444023856,1.7753181470790582,2.333715645683544,1.7753181470790582,2.8774458847497497,0.2251337226482668,0.39322816129972393,1.2653185491293883,0.23876829476779493,1.2407813340998761,1.2653185491293883,1.2897209254500086,0.7653970798699377,1.049815178334843,1.2817913234506728,-0.27301731996353695,-0.17591788548877163,0.03474858312172521,-0.06902913761097906,0.06902913761097906,3.0755195310470125,749075398.7073383,1.4369887962354213,0.4126984126984127,0.1746031746031746,0.06349206349206349,0.056925261967332615,0.6854613434182818,-0.06902913761097906,0.4286986078246704,0.2998412254110705,1.4952980701110228,0.6132169458256964,0.17643281337922664,0.8286862512525139,0.38488849317629703,-0.3389879677851607,0.9810793359717678,0.8190219102971195,0.045930063981094324,0.32837501234365885,-0.06902913761097906,0.06902913761097906,1.463672179895625,0.06349206349206349,0.8888888888888888,1076412955.4780264,20.79690001360637,0.5238095238095238,0.25396825396825395,0.1111111111111111,0.07074810355342293,0.11316474670640009,0.23156291465042678,0.1662237163455568,0.13356499011763945,1.0,0.262529270367519,0.13356499011763945,0.6132169458256964,0.14026425720662183,0.13356499011763945,0.040688457069998574,0.8035254719006267,0.037629531572036266,-0.06902913761097906,0.06902913761097906,0.21723192533155555,1254388739.3833706,-0.0052008462823923685,0.06272552078610173,-0.029551304481973517,-0.006699267088982386,0.024537215029512227,0.11633422081419065,0.2077254099543715,1.0,3.0,1.0,1.0,0.0,63.0,126.0,0.9255799965629834,0.06307821761577714,0.9015979275302934,0.9066171538779282,0.9066171538779282,0.9981132075471698,0.31819753801463424,0.4450700798480484,1,1,1,1,1,0
recent_month_top_future_return,2025-12-31,LYB,42.33768844604492,-0.5672927610412448,-0.3595673510868733,0.9979135788824113,1.0207612166112827,-0.3360437602302059,-0.17255241548883105,-0.21173667819715314,0.0022551470150191655,-0.0009525605249947056,-0.13220757205228262,0.04056226197167667,0.0012098914073632727,-0.3280708990113438,0.12009136811654719,-0.4988594738901383,-0.39538668583374215,0.39538668583374215,-0.053157840934100475,0.9952535598301274,-0.3805993925362673,-0.4373645532713968,-0.21268923872214784,0.0016473436838028003,-0.004057726247447047,-0.07905547574589888,0.15350183981951804,-0.20948153118213397,-0.21130248270047833,-0.21268923872214784,-0.20948153118213397,-0.1297248997657342,-0.028962353437363197,-0.09164531008060595,-0.053425826113780106,-0.11618252511011817,-0.09164531008060595,-0.23529935410852063,0.4244415296877433,0.883490859816451,0.9176385265127778,-0.11404787945072303,-0.19441991969134287,0.019773594958815623,-0.3214978561156717,0.3214978561156717,0.05110236952766822,235311528.1124781,0.95226779645205,0.2222222222222222,0.047619047619047616,0.03968253968253968,0.03328789327514786,0.5465296063420073,0.023130936895475518,-0.003124171977955781,-0.0156474731228734,0.725058674350208,0.055364168186049945,0.06757162990361855,-0.04037663927583546,-0.0009815056776161235,-0.4065043959622273,0.3894838998934902,0.9627874531095646,0.01886780377055725,-0.02486456075135124,-0.0995408852149754,0.0995408852149754,0.05110236952766822,0.9682539682539683,0.5873015873015873,224079590.35543412,19.22751186525967,0.23809523809523808,0.047619047619047616,0.031746031746031744,0.03289472404382111,-0.016282552014914575,-0.06825866624669885,-0.24192169079220446,-0.09071826611893019,0.3333333333333333,-0.03689210977541305,-0.1297248997657342,0.055364168186049945,-0.0840189990299478,-0.09071826611893019,-0.006128490336252068,0.37499021200563404,0.01670687419273872,-0.0937630951762719,0.0937630951762719,0.024124844158419423,237709399.9411265,0.0007164429287540575,0.02659188698768014,-0.00013855719795186072,-0.006699267088982386,0.024537215029512227,0.11633422081419065,0.2077254099543715,1.0,3.0,1.0,1.0,0.0,63.0,126.0,0.6714913788165205,0.13163973992687894,0.32840642277280563,0.8830973825369051,0.8830973825369051,0.9962264150943396,0.31819753801463424,0.4450700798480484,1,1,1,1,1,0
recent_month_top_future_return,2025-12-31,MRNA,29.489999771118164,-0.49849023745630083,-0.29076482750192933,1.1967001810571405,1.2658516408296296,0.04021161814140828,0.11031627876848749,0.06886551678224828,0.15529386820431323,-0.07123357145372655,-0.06379123664907826,0.20548693383152639,0.07140265684883329,-0.047468704031942366,0.07283018040019984,0.11505111224044551,-0.37954974692817756,0.37954974692817756,-0.00990453398852098,0.7946223749575152,-0.06997069399122902,0.06181045692379228,-0.00236805467147827,0.11583399624889823,-0.18504734141341117,0.11092693285186228,0.09996107582982738,0.22415938498656152,0.09688561569911051,-0.00236805467147827,0.22415938498656152,0.07222913076367243,0.0485679374880601,0.14169569718244812,0.051490512103541386,0.1171584821529359,0.14169569718244812,0.2176196707867448,0.5985645461499418,1.0103919043079639,1.0877961666843785,1.087787239006182,1.3698555152143763,0.028296405073545996,-0.15501437014978747,0.15501437014978747,0.3188729412406981,282711021.69206864,1.007465717323922,0.3492063492063492,0.0873015873015873,0.07142857142857142,0.04871117986224943,0.875588255437388,-0.0669132733071558,0.11060624232475691,0.08734927870321152,1.1221352037643142,-0.04344625595747986,0.11456431163585938,0.08578792108970013,0.21772311730319172,-0.07204404765607986,0.6511162188150815,0.9288430454647177,0.030347021362854925,0.3010779251939881,-0.15501437014978747,0.15501437014978747,0.3188729412406981,0.09523809523809523,0.42857142857142855,284821662.26437885,19.467373799442104,0.36507936507936506,0.09523809523809523,0.07936507936507936,0.05141358527952191,0.04915504670447057,0.24949617858355455,0.22339176451489898,0.13510393728743297,0.6666666666666666,0.016955439938764843,-0.18504734141341117,0.13510393728743297,0.14180320437641536,0.13510393728743297,-0.016934471552540242,0.6047847716356719,0.028183948814913446,-0.15501437014978747,0.15501437014978747,0.2256858032296345,305321762.4979383,-0.07103482365545122,0.052821786177355695,-0.04870968480263982,-0.006699267088982386,0.024537215029512227,0.11633422081419065,0.2077254099543715,1.0,3.0,1.0,1.0,0.0,63.0,126.0,0.7537191384544882,0.4944048842613209,0.816547986117296,0.722617824053458,0.816547986117296,0.9924528301886792,0.31819753801463424,0.4450700798480484,1,1,1,1,1,0
recent_month_top_future_return,2025-12-31,SEDG,28.850000381469727,0.9135980880051158,1.1213234979594873,1.1694668188530422,1.2603314031369242,0.7830655029246798,0.6153415115085952,0.41421573141912793,-0.5611701772559532,-0.2898977051904825,0.813725524111832,-1.0339957840721097,0.2578431532961367,0.2978815106049373,-0.6344859913794056,0.4444549284383005,-0.3642573886640952,0.3642573886640952,0.022742089228931173,0.7790626585324609,-0.1299083494492559,-0.3215636635053354,0.1243180262286454,0.28063659817656755,0.318004672483857,-0.1526058369872667,-0.30215344150166423,-0.14695444583682526,0.13052643727031601,-0.14695444583682526,0.41421573141912793,0.09402721271054437,-0.08432266117712328,-0.22027025996027771,-0.05162161749762462,-0.24480747498978994,-0.22027025996027771,-0.22858501437223328,0.9319634116210045,0.5996602689632625,1.0339731146932298,0.1990035339783327,-0.053072719173952065,0.041986099626209014,-0.3642573886640952,0.3642573886640952,0.18140869333887788,135292441.24123105,0.9735656573314379,0.5317460317460317,0.1349206349206349,0.15873015873015872,0.08029407420364484,0.7847568489904256,-0.1692375102922431,-0.15073201727198915,-0.15393412405026297,0.6182943346325028,0.04103729325868333,0.19564869608260274,-0.17782843385533476,-0.1814603395400104,-0.17066720096173116,0.9636251114938986,0.5799573126629856,0.04139815075329878,-0.14034782135631962,-0.3642573886640952,0.3642573886640952,0.013347421049532349,0.5555555555555556,0.12698412698412698,131716074.48899405,18.696159220684468,0.5555555555555556,0.09523809523809523,0.15873015873015872,0.07860902650309148,-0.0829624828930754,-0.14974764058043255,-0.37619007551407885,-0.21023812358241145,0.6666666666666666,0.07484209844486422,-0.21023812358241145,0.318004672483857,-0.20353885649342907,-0.21023812358241145,-0.03990148689406037,0.5588614300765713,0.02706222704161789,-0.11665644469512382,0.11665644469512382,0.013347421049532349,85913263.33656311,-0.025634085359111047,0.060198075437559374,-0.026981449905814303,-0.006699267088982386,0.024537215029512227,0.11633422081419065,0.2077254099543715,1.0,3.0,1.0,0.0,1.0,63.0,126.0,0.6649094918943691,0.07279030688743249,0.22703643181288236,0.7694973505043632,0.7694973505043632,0.9867924528301887,0.31819753801463424,0.4450700798480484,1,1,1,1,1,0
recent_month_top_future_return,2025-12-31,SNDK,237.3800048828125,,,0.97628898486899,1.0637506343526602,3.9859273648318405,5.298222699180291,4.234399401761238,-0.7102903992794678,0.2963558407813478,1.474090423889848,-0.3584040483160966,-0.053583249987592674,4.118065180947047,-3.118713026187487,4.313150647593641,-0.16149770482161552,0.16149770482161552,0.33606435014962477,1.4321891447079613,-0.6337736973052528,-0.22518000101197488,4.530755242542586,0.5173129111576446,0.22250707034437145,0.5471838178578181,-0.1500439334404895,3.5241090024817705,4.096421215595199,3.5241090024817705,4.530755242542586,1.1383646719636702,0.24911623199934518,1.1156863755737514,0.7765597794356938,1.0911491605442392,1.1156863755737514,0.9521183049815248,0.9817415962791981,0.8760498762995873,1.1935868418244258,-0.6872713671217505,-0.6675227301796391,0.045300228250420405,-0.16149770482161552,0.16149770482161552,4.83386613159028,1271048301.3038304,1.747120173156477,0.48412698412698413,0.1984126984126984,0.1111111111111111,0.07127908129191227,0.5977607565192109,0.04980574284537442,0.05476394038554422,0.08041044298347977,1.2447542515848709,0.12015249449774945,0.47181830784125295,0.1908894933137446,-0.01937832550950125,-0.4874573943748314,1.1717938513905586,0.7339640867358459,0.056372639830700226,0.054638833329257785,-0.16149770482161552,0.16149770482161552,1.0304507522631066,0.5238095238095238,0.8888888888888888,2220674128.264194,21.521076648565394,0.5873015873015873,0.25396825396825395,0.1746031746031746,0.09320066427111108,0.05765933670823786,0.11499613521513408,0.07342491535173408,0.06314943649499427,0.8333333333333334,0.3778583671248144,-0.053583249987592674,1.1383646719636702,0.06984870358397666,0.06314943649499427,0.04463393623772505,0.8600546039785508,0.0403089481271873,-0.05078373662529745,0.05078373662529745,0.22121616894661456,1767335531.0339065,0.000830595668360079,0.07754533779292129,-0.028707496241244246,-0.006699267088982386,0.024537215029512227,0.11633422081419065,0.2077254099543715,1.0,3.0,1.0,1.0,0.0,63.0,126.0,0.9738962164174829,1.427542287247309,1.6765522465349219,1.6764681682819806,1.6765522465349219,1.0,0.31819753801463424,0.4450700798480484,1,1,1,1,1,1
recent_month_top_future_return,2025-12-31,TPL,286.45330810546875,-0.423831341734181,-0.21610593177980952,1.221276790620993,1.2497846184038923,-0.3464222465801804,-0.2226565042680385,-0.18141951323141126,0.10778133834886328,0.07462621453074525,-0.11468025441090646,0.039295898472819446,-0.08354865052197635,-0.2977537340456019,0.10603515729332424,-0.44061105555924535,-0.39464961044825586,0.39464961044825586,-0.017926796585593707,0.6833917616126205,-0.18673218673218672,-0.2480398570405572,-0.106793298700666,0.05520439449122339,-0.035790684502693404,-0.055834145474388364,-0.025070763211899938,-0.07363817488254798,-0.12061699560487509,-0.18141951323141126,-0.07363817488254798,0.0018885480326373827,-0.02140998610207767,-0.07538435593808701,0.010432349454106093,-0.09992157096759924,-0.07538435593808701,-0.17816020808491909,0.41174525909510973,1.1250724278742898,1.027642152419519,1.1824175824175822,1.1798117482498474,0.018797516569662106,-0.19631564765779985,0.19631564765779985,0.04992151177032622,128894616.67439294,0.9477488322485565,0.1984126984126984,0.031746031746031744,0.031746031746031744,0.034266238261783974,0.8504139309163574,-0.0010091167642793941,-0.05113671010541976,-0.05297536150641291,1.0494382226591816,-0.08383676839679866,0.04302703717249764,-0.08493067887083794,-0.04980880848238334,-0.044886181468419384,0.4231267843050311,1.09480953581495,0.01879740304312561,-0.0021387472736198454,-0.15586164101757027,0.15586164101757027,0.04992151177032622,0.49206349206349204,0.15873015873015872,122159722.43628123,18.620839954925472,0.14285714285714285,0.047619047619047616,0.031746031746031744,0.03629624628594563,-0.02296386086711344,0.013499879436494666,-0.002577506881921433,-0.001194012634762709,0.3333333333333333,-0.03200820309491461,-0.08383676839679866,0.010432349454106093,0.005505254454219677,-0.001194012634762709,-0.02515291368791528,0.4632432383158636,0.020605082972952007,-0.06855619443489613,0.06855619443489613,0.04992151177032622,133811352.86748977,-0.02654552186508552,0.03980274599258936,-0.015000283752055088,-0.006699267088982386,0.024537215029512227,0.11633422081419065,0.2077254099543715,1.0,3.0,1.0,1.0,0.0,63.0,126.0,0.5718311422352065,0.21286800982943377,0.8253952324305689,0.6541456018440097,0.8253952324305689,0.9943396226415094,0.31819753801463424,0.4450700798480484,1,1,1,1,1,0
recent_month_non_top10_control,2026-01-31,A,133.28890991210938,-0.3062062809104271,-0.10950714333481759,1.1616679282591569,1.1756313788400818,0.25131450937147726,0.14093246883282884,0.17026822576104195,-0.1255527907608427,-0.10104582140229956,0.2773617264762136,-0.3612013300085698,0.09450402553330428,0.0669372348325965,-0.25410782929339815,0.6115159659949427,-0.14701511702733294,0.14701511702733294,0.03085097540813475,0.686602401731872,0.21570736955352343,0.11378294567879244,0.06922240435874238,0.06655117434205793,0.02345803319976647,-0.04386748612040092,-0.13573360827175096,0.044715435000199255,0.09473535503999453,0.044715435000199255,0.17026822576104195,0.1403193578637687,-0.015863293393308497,-0.0838396035323562,0.04878380307341712,-0.0736677046045554,-0.0838396035323562,-0.32791333354741276,0.2784362718707005,1.1000948680785627,0.9182571730478953,0.9031578947368422,0.875453629184227,0.012804222936311681,-0.14701511702733294,0.14701511702733294,0.18659793765418353,246991356.8073636,1.1476268472836095,0.07142857142857142,0.015873015873015872,0.0,0.023259102327206696,1.0874206838480738,-0.01260032204609618,-0.02798786374472617,-0.0599165709698255,1.096937054008379,-0.11355043179652902,0.0886776523344224,-0.12645447633451812,0.00034140621483924605,0.26445356210369253,0.2556761038819847,1.1980248021663784,0.012184366880106526,-0.011011717335513094,-0.14701511702733294,0.14701511702733294,0.00435212023864695,0.6984126984126984,0.015873015873015872,283453912.1191358,19.462560103963465,0.07936507936507936,0.0,0.0,0.024085829334484575,-0.041691100697951455,-0.024366368853787623,-0.0475243156448439,-0.014556997939703664,0.6666666666666666,0.029826298322337314,-0.11355043179652902,0.1403193578637687,-0.026863562579493183,-0.014556997939703664,-0.04957638813878629,0.3063063137718851,0.014851282925123352,-0.0987745812400278,0.0987745812400278,0.00435212023864695,271524655.5444627,-0.016900320131212343,0.028352625794532654,-0.004965817713914911,0.012306564639789519,-0.010171898927800793,0.10333099092844544,0.19669913757560953,1.0,3.0,1.0,1.0,0.0,63.0,126.0,0.5110586011342155,-0.09316408901800077,-0.1465066943919685,-0.1347503818449033,-0.09316408901800077,0.07924528301886792,0.273827870883127,0.4583860889543677,0,0,0,0,0,0
recent_month_non_top10_control,2026-01-31,AAPL,258.9988098144531,-0.09223486574657858,0.10446427182903095,1.0788687705528606,1.0845128630786316,0.2252577815211556,0.2673701146459224,0.25271621486581775,-0.23268112547018882,-0.1338588823185658,0.3040268336507608,-0.3433746579906124,0.11963891948030181,0.1493852239373723,-0.29206403920566937,1.1334222662102542,-0.09332958566347482,0.09332958566347482,0.02215864993678962,0.7759785645939385,0.07283870525989622,0.03062483634033586,0.11885733254725195,0.11677938050527006,0.0968812192629327,-0.010744166259716414,-0.08953454214479573,0.020035089395628924,0.13053621226956622,0.020035089395628924,0.25271621486581775,0.06181520766834603,-0.015041080860537792,-0.03934782433985162,0.03236417355566945,-0.02917592541205083,-0.03934782433985162,-0.24962874839296592,0.22296739917666122,0.8818333630215656,0.7069435829282325,2.386999149983879,2.2327616939383996,0.009713967918346975,-0.09332958566347482,0.09332958566347482,0.28484192362501926,12858678003.599585,0.9900417299333772,0.07936507936507936,0.007936507936507936,0.0,0.019078851952783832,1.8295817687153817,-0.043257917353196396,-0.04570946588083169,-0.0328563169217575,1.1495027172339074,-0.025067288626873463,0.06582181148034164,-0.06946385755380347,-0.06712613045406923,0.982734288202264,0.15762537205013832,1.2473885955211896,0.007138573195985303,-0.07163450400824445,-0.09332958566347482,0.09332958566347482,0.051803817248613715,0.6349206349206349,0.12698412698412698,12730627815.339998,23.26727656615824,0.015873015873015872,0.0,0.0,0.018569836377453054,-0.012123177174407695,-0.05747176923391917,-0.23160443531137978,-0.045538085253494565,0.6666666666666666,0.040015691014480326,-0.045538085253494565,0.11963891948030181,-0.057844649893284084,-0.045538085253494565,0.007104643968792512,0.19662009146012702,0.008751601745945818,-0.045538085253494565,0.045538085253494565,0.051803817248613715,13068389919.300842,0.023933089972152377,0.022553348266855476,0.0073920201915387285,0.012306564639789519,-0.010171898927800793,0.10333099092844544,0.19669913757560953,2.0,8.0,2.0,1.0,1.0,63.0,126.0,0.6352551984877126,0.01906579726125268,-0.021013334357660285,0.04672392293368821,0.04672392293368821,0.41320754716981134,0.273827870883127,0.4583860889543677,0,0,0,0,0,0
recent_month_non_top10_control,2026-01-31,ABBV,219.61192321777344,0.05665136285066508,0.2533505004262746,1.0106227121296223,1.0226121921382996,0.1705818942028876,0.23036601637514575,0.19788863458383577,-0.2199801789923005,-0.12172464356821489,0.16184457621254467,-0.1308214435928703,0.1131097533316816,0.09455764365539032,-0.1668655019641614,0.8068115813397776,-0.07347204345418423,0.07347204345418423,0.015569966580784023,0.5100963686194253,-0.3882663759895799,-0.3692884826439907,0.07616399101562088,0.11019854675597078,0.10047518749048034,-0.0005602381398259748,0.052782642363389365,-0.022091544408464725,0.08398702706366397,-0.022091544408464725,0.19788863458383577,-0.05151647460438913,-0.006050246197030873,0.031023132619674376,0.04430384008736166,0.04119503154747517,0.031023132619674376,0.11526809245205413,0.24527242687223857,1.245581868444772,1.0973061542775826,1.0714442115799683,1.0380301165338257,0.010743464279966617,-0.07347204345418423,0.07347204345418423,0.15984476399625835,1249436529.2257762,1.0972913097226913,0.07936507936507936,0.007936507936507936,0.0,0.020035287719414152,1.0811166739225078,-0.015598998597822766,-0.017854817763724773,-0.0026252590053048586,1.041433962556765,0.0034695035861873613,0.06561113717326301,-0.012717282995508561,-0.020617194011968376,0.5925513238795321,0.26913894348150574,1.1351270232005646,0.012239764909589352,-0.030086631320280777,-0.04856830968397363,0.04856830968397363,0.060597633028392384,0.7301587301587301,0.9523809523809523,1370995845.5695257,21.03880320803223,0.07936507936507936,0.0,0.0,0.022853498299606655,0.004128457153854015,-0.02917137545311388,-0.05280018647330834,-0.016130820641631627,0.6666666666666666,0.03228516487494837,-0.05151647460438913,0.1131097533316816,-0.028437385281421146,-0.016130820641631627,0.013359972514596974,0.3055068877415066,0.013860288509449922,-0.03691085557189633,0.03691085557189633,0.0419080141892183,1540811673.7395513,0.018906006517393825,0.023061137592661526,0.007444801564729042,0.012306564639789519,-0.010171898927800793,0.10333099092844544,0.19669913757560953,1.0,3.0,1.0,1.0,0.0,63.0,126.0,0.6305293005671078,0.04067087224049604,-0.02475221968239394,-0.044557830762674944,0.04067087224049604,0.39622641509433965,0.273827870883127,0.4583860889543677,0,0,0,0,0,0
recent_month_non_top10_control,2026-01-31,ABNB,129.3699951171875,-0.21042181102902702,-0.013722673453417489,0.9976636924851368,1.023084141957226,0.06110561893151156,-0.022442204192904103,-0.022959054911587562,0.0884342407799027,0.014072180836987025,-0.04433201861062863,0.06669644235952155,-0.014198359873246358,-0.126290045840033,0.045323478660480476,-0.08712644334140174,-0.19855038666407154,0.19855038666407154,0.014509519621919154,0.5708578396462058,0.006922104779411686,0.02944133741282573,-0.008886874074600537,0.04751904385749018,-0.06979239022100159,0.024501846216384404,-0.045822789885956894,0.06547518586831513,0.011209752294042344,-0.022959054911587562,0.06547518586831513,0.04216770568105255,0.03315449640817558,0.022364423748892914,-0.07547023062006297,0.03253632267669371,0.022364423748892914,0.08751457085357846,0.26351419880211746,0.998214453869716,0.9697802246446838,0.6021662629678717,0.5272048316593898,0.01197348981832865,-0.07639045939552236,0.07639045939552236,0.15985291424879366,609736740.0134616,0.97516374238188,0.05555555555555555,0.0,0.015873015873015872,0.023768043734187786,1.0738528456778778,-0.067409110326899,0.07526061305262988,0.0006156310473748317,1.2363840292625194,0.16009918539142132,0.08984945615959328,0.10582098879798285,0.031699432630161395,0.2800598824259686,0.25555085891138135,1.0293202815467288,0.011673556195626404,-0.026850991069956587,-0.07639045939552236,0.07639045939552236,0.15985291424879366,0.19047619047619047,0.746031746031746,594593161.2592546,20.203387968729984,0.06349206349206349,0.0,0.015873015873015872,0.025278377962617643,-0.04037922713043718,-0.037038130745021935,-0.17786988028383086,-0.04678754823461484,0.3333333333333333,-0.0006636063127419822,-0.07547023062006297,0.16009918539142132,-0.05909411287440436,-0.04678754823461484,-0.036375249066244675,0.26304368204417145,0.012070797029413775,-0.07639045939552236,0.07639045939552236,0.0,532761015.44966924,-0.019352231709668266,0.0293759123192228,-0.017393327377700385,0.012306564639789519,-0.010171898927800793,0.10333099092844544,0.19669913757560953,1.0,3.0,1.0,1.0,0.0,63.0,126.0,0.4878071833648393,0.04436890863267462,-0.023884953656306496,0.0849501886678512,0.0849501886678512,0.5471698113207547,0.273827870883127,0.4583860889543677,0,0,0,0,0,0
recent_month_non_top10_control,2026-01-31,ABT,107.84934997558594,-0.3262944593697428,-0.12959532179413324,0.84107083564194,0.8547022528596775,-0.15229480792465944,-0.1850786464309564,-0.1255872628471315,-0.05059511050021026,-0.04264612180268823,-0.016010020342919207,-0.09535009995261456,0.051271740192089466,-0.22891825377557695,0.014227142551597738,-0.5548345404197134,-0.20588446452424458,0.20588446452424458,-0.019311450184889667,0.9700114991539833,1.4885236128262997,1.211401323943687,-0.16823338464981974,0.027208281008581255,0.009648966519228752,-0.13188396895803467,-0.06765893790958877,-0.17618237334734177,-0.15666767361476433,-0.17618237334734177,-0.1255872628471315,-0.07294546928657519,-0.024886848790457217,-0.11136012029553377,0.04271145227814088,-0.10118822136773298,-0.11136012029553377,-0.40749551733498157,0.22635083740844442,1.7159909895405532,1.2073265473017023,4.553007506889234,3.8688497992022777,0.009448418531452592,-0.19234251369489608,0.19234251369489608,0.030645902141341663,845261018.0532788,1.1203257088305114,0.023809523809523808,0.0,0.007936507936507936,0.019271259266935892,2.4882057395895427,-0.09383036478520224,-0.038710831259719525,-0.10727849455281135,1.3114916322756536,-0.028006100227637276,0.06842510261508512,-0.14776050674139551,-0.04786192849261317,1.2610561070293929,0.2732793750071862,1.4213147166983808,0.010373424069333694,-0.1037388329545067,-0.15878965941884005,0.15878965941884005,0.030645902141341663,0.8095238095238095,0.031746031746031744,946967649.1973393,20.668775490268395,0.047619047619047616,0.0,0.015873015873015872,0.019899955078583824,-0.09256090053459132,-0.13342994033819178,-0.31719830274558075,-0.12320489515603361,0.5,-0.020087384280131165,-0.12320489515603361,0.051271740192089466,-0.13551145979582313,-0.12320489515603361,-0.07665037462515989,0.3884159974678494,0.01351166093928568,-0.14029063539721742,0.14029063539721742,0.030645902141341663,1299592719.223168,-0.022483766114773096,0.03138874003686448,0.014893807842757623,0.012306564639789519,-0.010171898927800793,0.10333099092844544,0.19669913757560953,1.0,3.0,1.0,1.0,0.0,63.0,126.0,0.43166351606805287,0.06450134868134816,-0.060658756383510815,-0.16413922437912198,0.06450134868134816,0.47358490566037736,0.273827870883127,0.4583860889543677,0,0,0,0,0,0
recent_month_non_top10_control,2026-01-31,ACGL,96.04000091552734,-0.16478765986590993,0.0319114777096996,0.9636843056707041,0.9638565360237467,0.05910896109740782,0.05480502687004818,0.115965647688274,-0.057440381931321394,-0.06669216143918888,0.0029049501172688785,0.10982826309280136,0.06356032275017065,0.012634656759828555,-0.0032324344782037606,0.6062906692248766,-0.01112028213047711,0.01112028213047711,0.005262096014880369,0.6948865230063781,-0.021933889403768947,0.08832664597562023,0.04927348624908512,0.036131328275955346,-0.008740253829701006,0.04865708459695939,0.07166400099222359,0.058525265756952605,0.07458813323143725,0.04927348624908512,0.115965647688274,-0.04871603256699386,0.024041558115289297,0.11273321321007024,0.08817055759021808,0.12290511213787103,0.11273321321007024,0.7258588215576444,0.19127071151619798,0.996568470445481,0.8119910700328077,0.9110114684832284,0.913402279881742,0.009427256606461805,-0.01112028213047711,0.01112028213047711,0.13361661392490554,197512314.2259386,1.052392133985378,0.015873015873015872,0.0,0.0,0.017790833287394465,1.3531015955714751,0.0012356130888416805,0.005409837045428745,0.02395265335069241,1.0825612122198793,0.021294719324870037,0.049888146085485204,0.022572431728208775,-0.011888206088216835,0.5557739557739558,0.15531010970997408,1.2273145693649261,0.007859201959646385,-0.031374546685992155,-0.01112028213047711,0.01112028213047711,0.1167441966921785,0.4126984126984127,0.9523809523809523,207860405.856626,19.152377291481557,0.0,0.0,0.0,0.016487858025291634,0.017254354401913696,-0.01905534118910379,0.006563362753385605,0.0012510711934194951,0.6666666666666666,0.019470064076997234,-0.04871603256699386,0.08817055759021808,-0.011055493446370024,0.0012510711934194951,0.028006881060790745,0.19061436041671628,0.009624252823974616,-0.003527664946873177,0.003527664946873177,0.059459451725543566,211625091.88530332,0.029047786018442157,0.018876066996542127,0.01502887039418166,0.012306564639789519,-0.010171898927800793,0.10333099092844544,0.19669913757560953,1.0,3.0,1.0,1.0,0.0,63.0,126.0,0.17901701323251418,0.04279467483519239,-0.0005206481807701335,-0.016451497459317954,0.04279467483519239,0.4056603773584906,0.273827870883127,0.4583860889543677,0,0,0,0,0,0
recent_month_non_top10_control,2026-01-31,ACN,258.3170166015625,-0.5049925896901994,-0.3082934521145899,1.079999843387221,1.0891857781508179,-0.11429519740432814,-0.11352474717040084,-0.012953817094719322,0.08205369511081495,0.02707095236272139,-0.06364654259943214,0.11778499331380465,-0.026694108028819885,-0.11628480802316477,0.06709226780909183,-0.04433302467435448,-0.331393728181713,0.331393728181713,0.020293721301895662,0.7054629388097101,0.41844690472477786,0.49523942256717435,0.014117135268002068,0.04181057948906063,-0.05142900479057577,0.028220411659802158,-0.048330584862148696,0.06909987801609563,0.023421065396459457,-0.012953817094719322,0.06909987801609563,0.0141930382025095,0.04774737699329101,0.05413845071437251,-0.00039982263591398226,0.0643103496421733,0.05413845071437251,0.17894268718285528,0.29219339735718,1.3131710385750126,1.0354317323963538,1.7662949822605172,1.7182485275423764,0.013783830875377894,-0.0862964852799245,0.0862964852799245,0.13364308344395837,1120774655.5188496,0.9305215621555063,0.11904761904761904,0.0,0.0,0.026199914958795072,1.3341997832517132,-0.06314066110751482,0.04656363695784416,-0.018073376694950127,1.302210200297835,0.07319998504970981,0.04291150489001296,0.05456008770836962,0.022476728269825497,0.8346704614212404,0.302546315620321,1.2682352660139864,0.014202468923256807,0.016874142482026455,-0.0862964852799245,0.0862964852799245,0.09850009136288507,0.1746031746031746,0.7777777777777778,1042904983.2776994,20.765275910327983,0.12698412698412698,0.0,0.0,0.02682097102000776,-0.03969099961010314,-0.0010198008844871653,-0.045265900472617394,-0.017368521804886794,0.3333333333333333,-0.0014164056679961863,-0.05142900479057577,0.07319998504970981,-0.029675086444676313,-0.017368521804886794,-0.04616486026708899,0.38369990707228935,0.018669823444516488,-0.0862964852799245,0.0862964852799245,0.014195082972694228,1198805104.603068,-0.043951143145820826,0.03473894562819655,-0.0248556326369892,0.012306564639789519,-0.010171898927800793,0.10333099092844544,0.19669913757560953,1.0,3.0,1.0,1.0,0.0,63.0,126.0,0.6227788279773157,-0.20831441123974725,-0.2478759605374521,-0.3163954604932677,-0.20831441123974725,0.020754716981132074,0.273827870883127,0.4583860889543677,0,0,0,0,0,0
recent_month_non_top10_control,2026-01-31,ADBE,293.25,-0.5263368291589532,-0.32963769158334366,0.9374244918704713,0.965008361767816,-0.2179583140214587,-0.24201303686183884,-0.1801560066022876,0.011481307807106877,0.0022754065584490446,-0.04858957411218001,-0.08969610040871334,-0.0027677324711841145,-0.28348699753073303,0.041870332081394235,-0.6348704282047974,-0.3681454628090718,0.3681454628090718,-0.02346981821726213,0.837735225429353,0.5180421958866983,0.3081187068773281,-0.17788060004383854,0.006079288908085195,-0.011073765270124603,-0.12974448685170514,-0.10590352770801503,-0.1686746987951807,-0.17557043514710227,-0.1801560066022876,-0.1686746987951807,-0.0352657758792525,-0.03376935440571682,-0.13828567452089335,-0.059298853458769285,-0.12811377559309256,-0.13828567452089335,-0.5003418419208803,0.2837681495288872,1.117785014918567,0.9739725593793903,1.699650316605236,1.2619859922689,0.013483333699356989,-0.20195393561410424,0.20195393561410424,0.009918396980549637,1464499635.7789054,0.9548806431445648,0.07142857142857142,0.007936507936507936,0.015873015873015872,0.025034339836320935,1.602165012059005,-0.15222662261061481,-0.037826148308747864,-0.10594021572521706,0.9682308542716217,0.09327456001037171,0.0832306546286754,-0.08396590282954652,-0.10360103887832361,0.7794920779948917,0.2763823908670038,1.147655551641838,0.012759587091333662,-0.16074104847729453,-0.17978910580585128,0.17978910580585128,0.009918396980549637,0.4126984126984127,0.12698412698412698,1398422354.097542,21.05861054893452,0.06349206349206349,0.015873015873015872,0.015873015873015872,0.02470989245575766,-0.09907003784973989,-0.1576603525902711,-0.5111068503057459,-0.16211889430431536,0.16666666666666666,-0.02954174356221236,-0.16211889430431536,0.09327456001037171,-0.17442545894410488,-0.16211889430431536,-0.05801140059968879,0.3171917852545613,0.016508757760159205,-0.16211889430431536,0.16211889430431536,0.009918396980549637,1508802399.072411,-0.01200752473688771,0.029470213059748354,-0.013702220597121673,0.012306564639789519,-0.010171898927800793,0.10333099092844544,0.19669913757560953,2.0,8.0,2.0,1.0,1.0,63.0,126.0,0.6678638941398866,-0.10516622792119568,-0.17108268770313828,-0.1607842929121378,-0.10516622792119568,0.06037735849056604,0.273827870883127,0.4583860889543677,0,0,0,0,0,0
recent_month_non_top10_control,2026-01-31,ADM,66.3688735961914,0.16844668840492139,0.3651458259805309,0.9840014883595481,0.9997021017555046,0.44843383977700446,0.29707291958196547,0.26355682395556235,-0.12734637812450766,-0.17994862119026966,0.12678597521952573,-0.005404584481688124,0.16606428479505175,0.1602258330271169,-0.14217543321772474,0.9823067075802642,-0.013483893516921364,0.013483893516921364,0.012759263391917575,0.7146635399493965,0.3318142414860681,0.49347170632210524,0.08360820276529268,0.09252531389234224,-0.04629621498268077,0.1100899305518308,0.043828054927582905,0.13621044583105468,0.16112515751730325,0.08360820276529268,0.26355682395556235,0.013223917585666323,0.034076401194974126,0.1213813907378376,0.011925641120999586,0.1315532896656384,0.1213813907378376,0.42381483464522285,0.26830400517653713,1.0996933429268128,1.067453091365589,2.3829506134004403,2.9607997236574035,0.012363398606259055,-0.013483893516921364,0.013483893516921364,0.2713001871123457,209057253.86906275,0.9577307701431704,0.07936507936507936,0.007936507936507936,0.007936507936507936,0.025757861644016587,1.7787432049486718,0.07180375753584534,0.05725106674065672,0.10187100451554265,1.0504126814850778,-0.05350675500043023,0.10061549920087723,0.10816580306788559,0.09786841664496926,0.9899586751372356,0.28640193975146355,1.0302029680011315,0.012683604797172406,0.1552852600958976,-0.013483893516921364,0.013483893516921364,0.2120930621401227,0.047619047619047616,0.873015873015873,200220564.75203377,19.114930145603573,0.1111111111111111,0.0,0.015873015873015872,0.02589343931976174,0.0809203949560311,0.16466932826430725,0.5789219808229197,0.1708121626038539,0.6666666666666666,0.043703839353743425,-0.05350675500043023,0.1708121626038539,0.15850559796406438,0.1708121626038539,0.04507264974123748,0.295052128373239,0.016191108987224593,-0.013483893516921364,0.013483893516921364,0.1708121626038539,235540829.03871083,0.0036979939991810262,0.02577623935070316,-0.002016525010260839,0.012306564639789519,-0.010171898927800793,0.10333099092844544,0.19669913757560953,1.0,3.0,1.0,1.0,0.0,63.0,126.0,0.4177693761814745,0.03343310992710635,0.08806852570167889,0.11576046766211823,0.11576046766211823,0.6849056603773584,0.273827870883127,0.4583860889543677,0,0,0,0,0,0
recent_month_non_top10_control,2026-01-31,ADP,242.9541015625,-0.3640842170608456,-0.16738507948523607,0.838242201196985,0.8468339364856445,-0.1651583606016893,-0.19031854855523722,-0.19319623652644846,0.03958625835407259,0.014461624317559485,-0.15459767843461547,0.10894064969549144,-0.017608953856506404,-0.2965272274548939,0.14753920778732443,-1.0407341015236085,-0.23211217764340986,0.23211217764340986,-0.031886114416834976,0.8513569176125814,0.39515971380537196,0.331460866656492,-0.17873461220888898,0.020031049497577183,-0.02968446388611845,-0.07686411121697467,0.08085806063896162,-0.15360997817237587,-0.17518027563590444,-0.19319623652644846,-0.15360997817237587,-0.11311756117470484,-0.009192882241661038,-0.04565702873912403,-0.019208545010929945,-0.035485129811323235,-0.04565702873912403,-0.2611806927870714,0.18563457874937897,1.0842662849025635,0.9416894366281107,1.027154462307561,0.9451163077651212,0.008659298452615528,-0.19196930483713925,0.19196930483713925,0.0034557001027324397,545763009.5830888,1.0845110121343142,0.007936507936507936,0.0,0.007936507936507936,0.01630508180299434,1.6312685714285715,0.04377196107226511,0.004983884765636937,-0.04054415263506539,1.049468032884094,0.014072656556608276,0.042703218525426016,-0.02696647038843636,-0.009082162427813567,0.6981598984771573,0.17481012188119932,1.1514053813590337,0.00872754415541192,-0.020374105553778388,-0.07245398807315673,0.07245398807315673,0.0034557001027324397,0.5079365079365079,0.015873015873015872,591885993.908425,20.19882459813491,0.0,0.0,0.0,0.017105855225377116,-0.04379043684700068,-0.028559489874295463,-0.20106394992603,-0.0404696119944673,0.16666666666666666,-0.03433607989435311,-0.11311756117470484,0.014072656556608276,-0.05277617663425682,-0.0404696119944673,-0.04133797963314645,0.20127731505004148,0.010627262270686291,-0.07217498089543728,0.07217498089543728,0.0034557001027324397,586463619.3400792,-0.030717624680588917,0.019632579743386905,-0.017561456706963963,0.012306564639789519,-0.010171898927800793,0.10333099092844544,0.19669913757560953,1.0,3.0,1.0,1.0,0.0,63.0,126.0,0.32041587901701324,-0.1315128399019233,-0.17000748638382535,-0.1342227601141548,-0.1315128399019233,0.04716981132075472,0.273827870883127,0.4583860889543677,0,0,0,0,0,0
recent_month_top_future_return,2026-01-31,ARM,105.36000061035156,-0.5363418916019261,-0.3396427540263166,0.9845701752749747,0.9497855701339909,-0.07619467083628717,-0.3485841657473877,-0.2547480062928271,-0.0006057535496521993,0.01651506919597534,0.20120252749226353,-0.5807809277616779,-0.021679946535145933,-0.35807899722127257,-0.12483039397658724,-0.5614758129438251,-0.41014442117060934,0.41014442117060934,-0.038499748001975975,0.6000225789699474,0.33643774970305573,-0.17084515338888617,-0.23823293709685178,0.00971456826453589,0.02299188772108196,-0.24086257158007418,-0.3303118677784952,-0.2553537598424793,-0.24944490107738607,-0.2553537598424793,-0.23823293709685178,0.20022616956095485,-0.14598005603252995,-0.37957840026941436,-0.20174307082802156,-0.36940650134161357,-0.37957840026941436,-0.9934564197464882,0.4537114518917208,0.9571769301447262,0.8421179593549502,0.4326600300960759,0.3808898089530861,0.021147187115135434,-0.41014442117060934,0.41014442117060934,0.0035241713888036763,672425787.1492113,0.9100482179441879,0.2222222222222222,0.031746031746031744,0.023809523809523808,0.03839474697310144,1.4974516673808382,0.00845205238579605,-0.12962078257103538,-0.12941304232695883,0.8642043972889761,-0.19364119557949844,0.1495171282656309,-0.22277956249732667,-0.10876181488981251,0.4903666686736108,0.38207856200302753,1.1366304678716381,0.019172230254984067,-0.014332174771677031,-0.37957840026941436,0.37957840026941436,0.0035241713888036763,0.9682539682539683,0.1746031746031746,611939889.2948575,20.232144617180396,0.2222222222222222,0.015873015873015872,0.031746031746031744,0.03844291845920472,-0.056880189883672716,-0.003332069806328608,-0.08320796708541343,-0.03613573356933686,0.3333333333333333,-0.038330314871661,-0.20174307082802156,0.20022616956095485,-0.04844229820912638,-0.03613573356933686,-0.05570243360454852,0.4342821346932239,0.02056480564804552,-0.11610735480052148,0.11610735480052148,0.0035241713888036763,721771027.4810064,-0.05549079936391843,0.051686732171405764,-0.047997682393556285,0.012306564639789519,-0.010171898927800793,0.10333099092844544,0.19669913757560953,1.0,4.0,1.0,0.0,1.0,63.0,126.0,0.8059546313799621,0.20966207488537458,0.43583900819030275,0.9962035507387319,0.9962035507387319,0.9924528301886792,0.273827870883127,0.4583860889543677,1,1,1,1,1,0
recent_month_top_future_return,2026-01-31,BE,151.3699951171875,5.222723916154274,5.419423053729883,1.1330477038738807,1.2363016575634094,7.262554456261954,5.328177033210113,3.0484086009130786,-2.2585304447889807,-1.1891339684271762,2.5346350847681043,-2.389281037228942,0.415886587079368,2.945077609984633,-2.9030545533739165,2.853334174370988,-0.08476935923695539,0.08476935923695539,0.20525468210629993,0.7215214535854709,-0.33837019803861723,-0.24219962835099584,1.8592746324859024,1.1297940954410763,0.5974688683153357,0.4254275006430308,-0.07317708510690657,0.789878156124098,1.8991871298410263,0.789878156124098,3.0484086009130786,0.5627291490956186,0.05171472514643316,0.14535404753916237,-0.17342618918912067,0.15552594646696316,0.14535404753916237,0.13121634113316535,1.068367185412166,0.8540935013537009,1.0368565265893839,1.1024758907167822,2.6626972902213923,0.05166027689504853,-0.08476935923695539,0.08476935923695539,3.1930748342191686,1274815573.242333,1.2316789985653298,0.6031746031746031,0.24603174603174602,0.1349206349206349,0.0894880371533645,0.8865243575449169,0.3049194630592904,0.22494990504792178,0.3406228583414954,1.1406620360758455,-0.2045953763381908,0.41033173779255055,0.3856645741238227,0.4083176995780464,0.3737988098701859,1.1077434889885347,0.8237335440836157,0.055190888350612935,0.7228323285823424,-0.08476935923695539,0.08476935923695539,0.9666102730484629,0.031746031746031744,0.4603174603174603,1570163568.6066036,21.174445635342607,0.6666666666666666,0.2698412698412698,0.1746031746031746,0.09694795212028195,0.2611959149808345,0.7036244889362229,0.8132596928172856,0.7420876531300888,0.6666666666666666,0.3233584486821833,-0.2045953763381908,0.7420876531300888,0.7297810884902993,0.7420876531300888,0.1104345427839093,0.9124854701200753,0.0496002428317994,-0.08476935923695539,0.08476935923695539,0.7420876531300888,1678236149.498567,0.004092766126587044,0.08285281949263384,-0.010912188059753913,0.012306564639789519,-0.010171898927800793,0.10333099092844544,0.19669913757560953,1.0,3.0,1.0,0.0,1.0,63.0,126.0,0.9644612476370511,0.02840723518837951,-0.10490843718221354,0.8719693102466648,0.8719693102466648,0.9886792452830189,0.273827870883127,0.4583860889543677,1,1,1,1,1,0
recent_month_top_future_return,2026-01-31,CIEN,251.80999755859372,1.6930185503098325,1.889717687885442,1.1207933349731585,1.1422308922715148,2.749404166585253,2.0961513818931663,1.712300813133735,-0.9836675961102181,-0.032615868071545595,1.0456700308101325,-0.71979597864953,0.012171530885243254,1.6089698222052895,-1.3864267609731324,2.665728792584561,-0.02877306194773188,0.02877306194773188,0.18595879305349028,0.8433940689921445,0.5128599384959462,1.00586173700506,1.6796849450621893,0.558743400243299,0.5501755483307564,0.29589687747207316,-0.02877306194773188,0.7286332170235168,1.3735396584064805,0.7286332170235168,1.712300813133735,0.3037687962944826,0.10848577598600251,0.3258740521606025,0.07524225296279785,0.3360459510884033,0.3258740521606025,0.47797653287516756,0.6423387172382121,1.2042838918938923,1.0614000560791623,1.7746539053153305,1.987495650193599,0.02765116275067484,-0.02877306194773188,0.02877306194773188,1.9063942674574794,480337215.7719688,1.314175780487709,0.3412698412698413,0.1111111111111111,0.03968253968253968,0.0476101489801903,1.6041335584009222,0.006297285748938175,0.12846983163717862,0.12431239761167023,1.4027540008210948,0.14524258081475394,0.20110172579682664,0.2330933317651871,0.0944460531024447,0.715062945681838,0.6817783504984555,1.1346182666906448,0.0308849254013485,0.055400130553671545,-0.02877306194773188,0.02877306194773188,0.4270898379922148,0.25396825396825395,0.746031746031746,631247535.4344201,20.263208635868082,0.36507936507936506,0.14285714285714285,0.07936507936507936,0.05748813486786606,0.05768449772285589,0.03566158943463571,0.09916422309257868,0.07670929497568446,1.0,0.19388500071061976,0.012171530885243254,0.5501755483307564,0.06440273033589494,0.07670929497568446,0.043313608964679506,0.7735581703097645,0.0349153935612211,-0.02877306194773188,0.02877306194773188,0.11811194019687687,579069114.9843489,0.041363391438284935,0.060632441567287074,0.01340964099430031,0.012306564639789519,-0.010171898927800793,0.10333099092844544,0.19669913757560953,1.0,3.0,1.0,1.0,0.0,63.0,126.0,0.8652173913043477,0.38477429644504957,0.5417577330145154,1.0951511941740164,1.0951511941740164,0.9981132075471698,0.273827870883127,0.4583860889543677,1,1,1,1,1,1
recent_month_top_future_return,2026-01-31,DELL,113.89878845214844,-0.07155918225278501,0.12513995532282451,0.9153261558461346,0.9091517160032144,0.2622244490502885,-0.055287745068322236,-0.13067898142595757,-0.05567781109056691,0.07501135532635372,0.22531649196132597,-0.5158499792054686,-0.07943321377041512,-0.23400997235440302,-0.15985450581818506,-0.2930093121431956,-0.30288292580925247,0.30288292580925247,-0.01841680158662984,0.6231932794847087,1.631569915669739,0.8670107311434354,-0.05566762609960385,0.0655824929566864,0.16062220542727856,-0.14613725923250664,-0.27312683260566006,-0.18635679251652448,-0.12423446668069531,-0.18635679251652448,-0.05566762609960385,0.14683807178291408,-0.09336518099234858,-0.29053348724414263,-0.1769025433777086,-0.28036158831634184,-0.29053348724414263,-0.6796864495360284,0.4459891751225091,0.867025358597042,0.9584363296576071,2.669104829613426,2.3502491435342248,0.021159301112551588,-0.30288292580925247,0.30288292580925247,0.030341248635718854,906435072.8958251,0.9492079571844477,0.2222222222222222,0.031746031746031744,0.03968253968253968,0.03544607367758479,1.1172281006071119,-0.05399778919184739,-0.06505806909558043,-0.08486882048987132,0.8041680837801284,-0.056018122380921076,0.1372958573252914,-0.13805284289510056,-0.10128738458661346,0.670943807398952,0.42745222807144134,0.9046248892785389,0.020583573529841036,-0.09027322477836297,-0.29053348724414263,0.29053348724414263,0.030341248635718854,0.9682539682539683,0.12698412698412698,860395383.8637822,20.572902591400858,0.2222222222222222,0.015873015873015872,0.047619047619047616,0.03712665488991691,-0.05440403147087014,-0.08934928202672687,-0.22473873309287234,-0.08690285529748554,0.3333333333333333,-0.01529940960272295,-0.1769025433777086,0.16062220542727856,-0.09920941993727506,-0.08690285529748554,-0.03258784786423474,0.38668392449099237,0.018157785443788703,-0.10062085054403946,0.10062085054403946,0.030341248635718854,852965636.4624023,-0.011552296508820059,0.03880466861126979,-0.014874977125399202,0.012306564639789519,-0.010171898927800793,0.10333099092844544,0.19669913757560953,2.0,7.0,2.0,1.0,1.0,63.0,126.0,0.833648393194707,0.29395318167891604,0.4342012983907366,0.831496967434129,0.831496967434129,0.9867924528301887,0.273827870883127,0.4583860889543677,1,1,1,1,1,0
recent_month_top_future_return,2026-01-31,INTC,46.470001220703125,1.1949632654519602,1.3916624030275697,1.2184288801312955,1.2940909704391228,1.3119403153615865,1.0745536612536846,1.346969849055506,-0.9618729108305215,-0.43855093765102615,1.0196971322915869,-0.8576566404121984,0.22979804645106938,1.2436388581270605,-1.1849293571761175,1.8856308757039,-0.14451396388481696,0.14451396388481696,0.1360553623259939,0.9975238238876679,0.4280862517614954,0.6594940504431202,0.9084189114044798,0.4815586342140583,0.37782335570688486,0.22535192045289465,-0.10743240486493588,0.3850969382249845,0.8801618995616568,0.3850969382249845,1.346969849055506,0.19195238711935314,0.07897243740758841,0.16204049187938852,0.014253555161292786,0.1722123908071893,0.16204049187938852,0.2157894389028348,0.714333789508345,1.485871114081857,1.051216510650193,1.2303885321020793,1.8088388488747404,0.031042597240347414,-0.14451396388481696,0.14451396388481696,1.4065252462934366,4031552166.310336,1.0319562051721645,0.38095238095238093,0.1349206349206349,0.047619047619047616,0.04666624653839226,1.2978759327910463,0.012250137092734148,0.1313474818982281,0.13314381187453317,1.6667892309952972,-0.09023667957324677,0.1714542431471967,0.14571005047608,0.18790773359021196,0.3146531688200658,0.7509194736464918,1.413477717509235,0.03268453953693755,0.3118023803953278,-0.14451396388481696,0.14451396388481696,0.3822130486932165,0.09523809523809523,0.746031746031746,4160385274.4992332,22.148873521233842,0.3968253968253968,0.12698412698412698,0.07936507936507936,0.04784850454116909,0.08823095756041743,0.2607696292214039,0.244344859160246,0.2593495745010346,0.8333333333333334,0.16382337322773133,-0.09023667957324677,0.37782335570688486,0.24704300986124506,0.2593495745010346,0.01467314904764594,1.0614079436430794,0.04990432804657234,-0.14451396388481696,0.14451396388481696,0.2593495745010346,6628480415.726454,-0.030845251036857424,0.07642409614580138,0.008770044095005147,0.012306564639789519,-0.010171898927800793,0.10333099092844544,0.19669913757560953,1.0,3.0,1.0,1.0,0.0,63.0,126.0,0.9672967863894139,-0.018506576022391363,-0.05035506974648807,1.033139678826633,1.033139678826633,0.9943396226415094,0.273827870883127,0.4583860889543677,1,1,1,1,1,1
recent_month_top_future_return,2026-01-31,LITE,391.8399963378906,3.409931565275879,3.606630702851488,1.1026764216510274,1.1264481822454342,5.636856203619026,3.122028260061394,2.559592930778355,-1.1513821252379266,-0.6092126616648286,0.8310319241085953,0.1130045964514046,0.206486149613478,2.4562619398499095,-1.6155564102183553,3.0011829985277325,-0.014040604150043379,0.014040604150043379,0.23146086098201635,1.312652962806679,1.0576828313864168,3.000210571944499,1.9503802691135266,0.5760162892200894,0.2251337226482668,0.4922394596391124,0.04532098486043834,1.4082108055404285,1.9727280018107702,1.4082108055404285,2.559592930778355,0.23876829476779493,0.22695459104802462,0.9440365205599999,0.6132169458256964,0.9542084194878007,0.9440365205599999,0.8854836381922674,0.8528613323592714,1.1639201995590984,1.250057039917119,3.4506583072100314,3.7313979004456925,0.040118630794500405,-0.014040604150043379,0.014040604150043379,2.6730408250559385,976831110.5627272,1.469175957906294,0.49206349206349204,0.1984126984126984,0.09523809523809523,0.0663865160127997,2.254792243474026,0.054988533460935685,0.11276989413533478,0.1429644788055786,1.572190478020577,0.13356499011763945,0.1913093466848406,0.2050682492459064,0.027076860176151962,0.9559874354782418,1.066125312588801,0.9310936720425721,0.05057634117549983,-0.01482178655973665,-0.014040604150043379,0.014040604150043379,1.080271793736427,0.2698412698412698,0.9365079365079365,1435136782.5736637,21.084526001178904,0.5714285714285714,0.23809523809523808,0.15873015873015872,0.08146939264150055,0.07717499361117142,-0.029459442381949974,0.0635444731441463,0.06307821761577714,1.0,0.24670805343144211,0.06307821761577714,0.6132169458256964,0.050771652975987625,0.06307821761577714,0.08726354875331332,0.9926625321558418,0.049379972541873804,-0.014040604150043379,0.014040604150043379,0.2084502585594159,1592539146.9213576,0.08887090981925438,0.08602325995157183,0.05254673457539161,0.012306564639789519,-0.010171898927800793,0.10333099092844544,0.19669913757560953,1.0,3.0,1.0,1.0,0.0,63.0,126.0,0.9502835538752363,0.7887657709656675,0.7934871792914742,1.3027766837414223,1.3027766837414223,1.0,0.273827870883127,0.4583860889543677,1,1,1,1,1,1
recent_month_top_future_return,2026-01-31,MRVL,78.8610610961914,-0.49508980719945206,-0.29839066962384253,1.1423155228053827,1.1984374748999005,0.35504144313644037,0.02188326886716685,-0.016684297545819682,-0.043276709369914346,0.27370800076182045,0.167127891733718,-0.32461893498733485,-0.21774291134014345,-0.12001528847426512,-0.14080674570779717,-0.030102366848926733,-0.3359306182312426,0.3359306182312426,0.028555781184805173,0.38753032738600396,-0.570905295899157,-0.6384838685026006,0.25702370321600077,0.17188574194903458,0.3372037888467887,-0.06542750242214079,-0.21180846456988622,-0.05996100691573403,0.06012613291814902,-0.05996100691573403,0.25702370321600077,0.1157614237295781,-0.023957945238397116,-0.15749104325361685,-0.04629827891090199,-0.14731914432581605,-0.15749104325361685,-0.3051772194963997,0.5542520171105596,0.657913488395999,0.93110029818696,0.7391797182787079,0.6163194630740316,0.025054250674974937,-0.21180846456988622,0.21180846456988622,0.26832085981707254,1516437382.7691882,0.9721895171940999,0.3333333333333333,0.07142857142857142,0.06349206349206349,0.04168920107059167,0.4290225194709539,-0.05991229791228103,-0.03509899766628233,-0.0753608912534306,0.7966549486009673,-0.04944068995730666,0.19147194758542885,-0.11659071372518448,-0.06288514752575924,0.21555113989520502,0.5160642184023662,0.7065978710103402,0.025229691355804072,-0.04324746683082126,-0.21180846456988622,0.21180846456988622,0.029952949783242477,0.6190476190476191,0.746031746031746,1474264527.0094614,21.11142507730504,0.36507936507936506,0.09523809523809523,0.06349206349206349,0.04451423047810153,-0.05806646554421979,-0.05578368597802996,-0.19372732346100613,-0.07064264487069394,0.3333333333333333,0.011473447916220125,-0.21774291134014345,0.3372037888467887,-0.08294920951048346,-0.07064264487069394,-0.0497843070386913,0.3646498780277272,0.01821949786117933,-0.1247169920444885,0.1247169920444885,0.0,1186017733.3712623,-0.03132365070295606,0.040674083585820094,-0.03421604554313329,0.012306564639789519,-0.010171898927800793,0.10333099092844544,0.19669913757560953,2.0,7.0,2.0,1.0,1.0,63.0,126.0,0.9197542533081287,0.03509880590843473,0.25506843385807354,1.0936729216347119,1.0936729216347119,0.9962264150943396,0.273827870883127,0.4583860889543677,1,1,1,1,1,1
recent_month_top_future_return,2026-01-31,SNDK,576.25,,,1.1062548751358243,1.4879513735046663,16.946122362085212,11.706725896117423,12.426142231686875,-8.290224088428602,-2.4436763160461368,3.6442220488089294,-1.753287444351293,0.22250707034437145,12.32281124075843,-10.535207627229237,11.39079229620164,0.0,-0.0,0.506149794783695,2.2584338873216048,4.914445070585345,16.098273920719063,9.982465915640738,4.2599196046544705,1.1383646719636702,1.5254539462044034,0.024613421238373734,4.135918143258273,8.848175430195296,4.135918143258273,12.426142231686875,0.7765597794356938,0.39629689777867494,1.8909346044576365,0.12015249449774945,1.9011065033854373,1.8909346044576365,1.5702568310680314,1.0908935839195735,1.1328678886275527,1.1038839800110192,8.791431441967276,22.769113878058455,0.05199397120947681,0.0,-0.0,13.161956732575277,2506013689.7789907,1.7310132480497296,0.5476190476190477,0.2619047619047619,0.11904761904761904,0.0804497912244042,3.0303799811212495,0.16149770482161552,0.6050960632215163,0.8937564098110271,1.928410421731412,0.06314943649499427,0.576738224572728,1.5808402147547462,0.8794208140070541,1.0997999316005473,1.2042199511856235,1.0262562997030216,0.05593800134850378,1.1080272469669663,0.0,-0.0,1.9645538919880603,0.0,0.6190476190476191,4337942896.801418,22.190666086009827,0.5714285714285714,0.2698412698412698,0.14285714285714285,0.09633737388923709,0.5928584739556917,1.1109475178076709,1.1551205965927314,1.427542287247309,1.0,0.6247126233306314,0.06314943649499427,1.427542287247309,1.4152357226075194,1.427542287247309,0.35887188279234894,1.2358383111323112,0.05851162222628785,0.0,-0.0,1.427542287247309,7536855370.552571,0.16633035445508426,0.07703712919676751,0.11013289993224173,0.012306564639789519,-0.010171898927800793,0.10333099092844544,0.19669913757560953,1.0,3.0,1.0,1.0,0.0,63.0,126.0,0.9863894139886578,0.10257698108731028,0.1025423459530912,0.9028373271420824,0.9028373271420824,0.9905660377358491,0.273827870883127,0.4583860889543677,1,1,1,1,1,0
recent_month_top_future_return,2026-01-31,VRT,186.0969696044922,0.39657816434675985,0.5932773019223694,0.8828721359042463,0.8882589800468915,1.1827804293326447,0.4508368686132098,0.2795463441753345,-0.04496153282529991,0.18107273488399533,0.3249611316866532,-0.35923744849717465,-0.12396985461850196,0.17621535324688908,-0.313822660985856,0.5389178104116668,-0.06534123370609424,0.06534123370609424,0.06134336794802886,0.5091443519641242,-0.41724691326068386,-0.43722154268407,0.46061907905932986,0.11965252813267781,0.18308524909044022,0.10189602264216635,-0.013552761514311618,0.23458481135003462,0.32491674486156635,0.23458481135003462,0.46061907905932986,0.27840378447859226,-0.013180256144328384,-0.03427631681052146,-0.06773276963263053,-0.024104417882720663,-0.03427631681052146,-0.062454733091654745,0.5187179543422319,0.9662052261625863,1.058028852648926,0.7482818870122305,1.009104994375861,0.024873712381825466,-0.06534123370609424,0.06534123370609424,0.5293217312185663,1084694368.178855,1.0009665629091369,0.3492063492063492,0.07936507936507936,0.05555555555555555,0.047927472432528026,0.8428260794963547,0.1409588832383668,0.015923662438462882,0.07795665427496634,0.949623838486014,-0.09859224912286302,0.17079532299538708,0.035887191711034605,0.0437530128446626,0.21281581640898573,0.5488185620811097,0.9132125496800524,0.02646541696322858,0.136314292680493,-0.04572026184212308,0.04572026184212308,0.2426081375821061,0.015873015873015872,0.4603174603174603,1085742793.5228863,20.80553019295183,0.3968253968253968,0.047619047619047616,0.09523809523809523,0.050813460943780746,0.07988857289493789,0.13821377028587967,0.2976692298693948,0.14918824550048426,0.5,0.0533970676159202,-0.12396985461850196,0.27840378447859226,0.13688168086069474,0.14918824550048426,0.04912890729152175,0.5011879983898303,0.02367446105812445,-0.04572026184212308,0.04572026184212308,0.15797973448991565,875311141.2146432,0.010381619442431544,0.04756765480512886,-0.015420806225227124,0.012306564639789519,-0.010171898927800793,0.10333099092844544,0.19669913757560953,2.0,7.0,2.0,1.0,1.0,63.0,126.0,0.8997164461247638,0.36905150691809996,0.34622223209791425,0.7647877989359015,0.7647877989359015,0.9849056603773585,0.273827870883127,0.4583860889543677,1,1,1,1,1,0
recent_month_top_future_return,2026-01-31,WDC,250.04510498046875,3.905776373037231,4.10247551061284,0.9533017198542496,0.9821648625441394,4.7270836529714195,2.918154887682406,2.1862079813684008,-1.1003242536281919,-0.06543674297003266,0.9111050058325825,-0.24389782901902302,0.02096813190434821,2.0828769904399556,-1.5190008045548413,3.271040048992652,-0.10536284739415691,0.10536284739415691,0.23370329755025643,0.8233295100320103,0.07721984716905239,0.79594866020625,2.120771238398368,0.6172502990642188,0.49613863749698517,0.5740960048851034,-0.10536284739415691,1.085883727740209,1.797620982502326,1.085883727740209,2.1862079813684008,0.2511244893552118,0.20234554125764848,0.6672071768135595,0.0873443099827389,0.6773790757413602,0.6672071768135595,0.8479101232944146,0.6683525571757106,1.5263591771789988,1.1773491503285356,5.107510838353696,7.871436614189381,0.03129839808306395,-0.10536284739415691,0.10536284739415691,2.398247845683009,1304222153.6026244,1.3095502771137213,0.35714285714285715,0.15079365079365079,0.05555555555555555,0.052230863721745326,1.9288705408873623,-0.02560861398686043,0.2537980988845254,0.3123942152121726,1.720429210770254,0.05558394803944644,0.20747247225267582,0.5332835804695808,0.30058478342491246,1.2853466014031194,0.7868843153107269,1.2964371501462189,0.03772586435928625,0.3952611770094161,-0.10536284739415691,0.10536284739415691,0.8130109859666355,0.031746031746031744,0.9841269841269841,1707944482.6681712,21.258556428077373,0.4444444444444444,0.20634920634920634,0.1111111111111111,0.06453625724880442,0.1952520728620093,0.45443479525966346,0.4436084125263132,0.45254537388274385,1.0,0.22728414844357905,0.02096813190434821,0.49613863749698517,0.44023880924295433,0.45254537388274385,0.10865218382943609,1.0201460592361975,0.048165217117034226,-0.10536284739415691,0.10536284739415691,0.45254537388274385,2276335715.6329927,0.013934882275081106,0.07297570817750279,-0.03894457803061402,0.012306564639789519,-0.010171898927800793,0.10333099092844544,0.19669913757560953,1.0,3.0,1.0,1.0,0.0,63.0,126.0,0.9467863894139887,0.11777159833711637,0.08148285746297246,0.7373135071577661,0.7373135071577661,0.9830188679245283,0.273827870883127,0.4583860889543677,1,1,1,1,1,0
recent_month_non_top10_control,2026-02-28,A,120.87117004394533,-0.24460085794932696,-0.04348730138921353,1.037499935617186,1.029890743710552,0.09093729847685084,0.0612412526013022,-0.030390726900976328,-0.13880212536265835,-0.02222379988366241,0.22400307184012713,-0.4318406211026924,0.02345803319976647,-0.09767200353556527,-0.17744682236158893,-0.10787459378770889,-0.2264826765956075,0.2264826765956075,0.00029107829434127375,1.0715947898093021,1.8294593888743798,1.241391483752773,-0.05261452678463874,0.07455471509563397,0.1403193578637687,-0.13250221065565027,-0.18876502584512722,-0.16919285226363467,-0.08406603531641658,-0.16919285226363467,-0.030390726900976328,0.04878380307341712,-0.056291196682302425,-0.20783754926256526,-0.11355043179652902,-0.18978735629830923,-0.20783754926256526,-0.831055143845373,0.28172274707039513,0.8967099143903735,0.8877123385059867,1.3969026548672567,1.1735974025617208,0.01291014391689255,-0.2264826765956075,0.2264826765956075,0.0033891911573356026,272973516.5433853,1.0811696467168765,0.07936507936507936,0.015873015873015872,0.0,0.024843433407576863,2.0754292282272933,-0.06528690847699958,-0.06769636985092742,-0.09964520789630738,1.0941533101217824,-0.014556997939703664,0.09422544266682961,-0.10636489750581513,-0.09824940886118294,0.8332675277793447,0.2500887586121911,1.0101356886618582,0.012473363294801618,-0.10367906536397475,-0.21230202550433253,0.21230202550433253,0.0033891911573356026,0.9841269841269841,0.015873015873015872,295130680.4442754,19.502928804160597,0.07936507936507936,0.0,0.0,0.02423690862898767,-0.07056883319837626,-0.0934697954377034,-0.36878619512790006,-0.09316408901800077,0.5,-0.0014517207695468604,-0.11355043179652902,0.1403193578637687,-0.06971857646708568,-0.09316408901800077,-0.04627587059668914,0.25262358040731486,0.01256579885852606,-0.1034788999746935,0.1034788999746935,0.0033891911573356026,311727911.3051278,-0.022335392221466077,0.03231880195176548,-0.014244697006925766,-0.023445512550915093,-0.01805019296425603,0.06728127663458894,0.20111355656011343,1.0,3.0,1.0,1.0,0.0,63.0,126.0,0.4680529300567108,-0.05882277568408578,-0.04585867445618619,0.11912394922471514,0.11912394922471514,0.730188679245283,0.35160530576878785,0.6144490366112131,0,0,0,0,0,0
recent_month_non_top10_control,2026-02-28,AAPL,263.93682861328125,-0.1039773408665432,0.09713621569357023,1.086276562246188,1.0951043197306607,0.3193125227482616,0.27660024824433327,0.14018923961386376,-0.16122146433399764,-0.10070636800445398,0.20237923226280707,-0.2541016763804632,0.0968812192629327,0.07290796297927482,-0.1919116837315199,0.6077811664397115,-0.0760431913609586,0.0760431913609586,0.018549885185787707,1.0432670989366852,2.593957964997318,2.4080696749915393,0.039482871609409775,0.08144140020327595,0.06181520766834603,-0.008706727217645427,-0.0760431913609586,-0.021032224720133885,0.052879962167713214,-0.021032224720133885,0.14018923961386376,0.03236417355566945,-0.012237683923367326,-0.05172244411765614,-0.025067288626873463,-0.03367225115340011,-0.05172244411765614,-0.22447187555436887,0.23065742631524885,1.4365210677233855,0.9989635957016775,-0.21718045852921897,-0.20225537985939024,0.010113634059380948,-0.0760431913609586,0.0760431913609586,0.16708646574561636,12964972417.915573,0.9828969378178013,0.0873015873015873,0.0,0.0,0.019357288404344086,1.2918340843264344,0.017286394302516217,-8.04194674476344e-05,-0.003848107283622393,1.2764721960488172,-0.045538085253494565,0.053058021795460854,-0.02734050789335063,0.038068984933366634,0.13011735861137352,0.2304183719671757,1.4380114289493855,0.009940730492169168,0.05001972051489889,-0.0760431913609586,0.0760431913609586,0.07185729558688769,0.9365079365079365,0.42857142857142855,12743231688.461472,23.26826611971585,0.07936507936507936,0.0,0.0,0.019655596725482685,0.0028522759550202448,0.0666658458871856,0.0575407514307461,0.01906579726125268,0.6666666666666666,0.02325350397797214,-0.045538085253494565,0.0968812192629327,0.042511309812167775,0.01906579726125268,-0.016519173611933446,0.3313442523287094,0.015281508263428936,-0.04923336193396721,0.04923336193396721,0.03284074249756741,14623315269.677298,-0.006412556649864287,0.02647277048087359,-0.02132359574292131,-0.023445512550915093,-0.01805019296425603,0.06728127663458894,0.20111355656011343,2.0,8.0,2.0,1.0,1.0,63.0,126.0,0.5421550094517958,-0.039329287398935375,0.02714066721380215,0.1823283593962639,0.1823283593962639,0.7924528301886793,0.35160530576878785,0.6144490366112131,0,0,0,0,0,0
recent_month_non_top10_control,2026-02-28,ABBV,228.54373168945312,-0.0535967981414478,0.14751675841866563,1.1073219671978798,1.1245001032362272,0.27703503067329316,0.2466078101993372,0.11993251920403947,-0.046976776480594395,-0.10225167375224009,0.09002616219273385,-0.06258979593970282,0.10047518749048034,0.05265124256945053,-0.09249615295100844,0.4640274134531486,-0.03578934330626149,0.03578934330626149,0.006571887531082732,0.7696410079392475,2.0193176683235428,2.102156773705915,0.017680845451799376,0.05118192484011202,-0.05151647460438913,0.03457031771679464,0.05818770807967333,0.07295574272344507,0.0701897024597613,0.017680845451799376,0.11993251920403947,0.04430384008736166,-0.0022832250192487136,0.02743636625303103,0.0034695035861873613,0.04548655921728706,0.02743636625303103,0.10808347102745837,0.25845998690365884,1.0400733266178825,0.9821413372542069,0.2107909758086437,0.2600349008957026,0.011476470206705234,-0.03578934330626149,0.03578934330626149,0.13329070900649498,1354760516.2418306,1.0408379754315886,0.0873015873015873,0.007936507936507936,0.0,0.02166940468614796,1.1877083055592588,0.045218669431437375,0.00385005298507779,0.03853077317223974,1.0981554245616516,-0.016130820641631627,0.05326771507340413,0.023883997053414152,0.022499560694340337,0.34854685713004296,0.2538442371642643,1.0589853895424433,0.011775864397882557,0.047436305323980354,-0.0033496402525362567,0.0033496402525362567,0.0842833219206569,0.12698412698412698,0.42857142857142855,1410086192.9198008,21.066916669907673,0.07936507936507936,0.0,0.0,0.02334864071630068,0.0403225340414608,0.037129569012090746,0.1512955692743778,0.04067087224049604,0.6666666666666666,0.02021201802641744,-0.05151647460438913,0.10047518749048034,0.06411638479141113,0.04067087224049604,0.028766752468422307,0.2688173383765028,0.013183391259420104,-0.0033496402525362567,0.0033496402525362567,0.06895129761408247,1604350567.0163836,0.016178839592666527,0.024972915408980532,0.016459225948294076,-0.023445512550915093,-0.01805019296425603,0.06728127663458894,0.20111355656011343,1.0,3.0,1.0,1.0,0.0,63.0,126.0,0.595179584120983,-0.06286626604820633,-0.0818978461650216,-0.05409237191846461,-0.05409237191846461,0.2528301886792453,0.35160530576878785,0.6144490366112131,0,0,0,0,0,0
recent_month_non_top10_control,2026-02-28,ABNB,135.11000061035156,-0.2281892002487519,-0.027075643688638462,1.00899779037127,1.034657351310607,0.04736434581667881,0.020391185511422272,0.035087733654228126,0.032637883801276635,0.07766142338626025,-0.10373095106222363,0.2586160102762781,-0.06979239022100159,-0.03219354298036081,0.11979732555982636,0.12479964495162703,-0.052391647669877583,0.052391647669877583,0.00405592008009692,0.8435301198984356,1.5764183483328709,1.9754670567745842,0.11274915704048838,0.03899497244980476,0.04216770568105255,0.06670941165077182,0.058181780067280475,0.06772561745550476,0.0718541693834071,0.035087733654228126,0.11274915704048838,-0.07547023062006297,0.016805060011499506,0.1548850592140545,0.16009918539142132,0.17293525217831052,0.1548850592140545,0.47505758541178106,0.2811525118346956,1.6453331412022736,1.159634963993611,0.8536954103317453,0.9359418526255632,0.012900042057666984,-0.03541091207617564,0.03541091207617564,0.21131432222843993,615390508.1102523,1.0047421584228058,0.0873015873015873,0.007936507936507936,0.015873015873015872,0.026142682126982078,1.7782429640575188,0.04097954731934672,-0.054460118005464575,0.031173326842692584,1.4146972923303411,-0.04678754823461484,0.09125532775591592,-0.0044945520547086115,-0.07132606242323669,0.5990010088334441,0.3260342829381405,1.4188371274491327,0.014853355959093095,-0.035671103157948414,-0.03541091207617564,0.03541091207617564,0.1651431672738184,0.49206349206349204,0.15873015873015872,618308787.391602,20.242498548226266,0.1111111111111111,0.015873015873015872,0.031746031746031744,0.028594244845180757,0.05921966947802915,-0.015668579497655988,0.09591420530081415,0.04436890863267462,0.5,0.009097605104911513,-0.07547023062006297,0.16009918539142132,0.06781442118358971,0.04436890863267462,0.07905640351249899,0.4625895454538891,0.022554816076288627,-0.01357962030937343,0.01357962030937343,0.1651431672738184,748987810.0457327,0.05863179545123898,0.037736437861305615,0.03497670347486359,-0.023445512550915093,-0.01805019296425603,0.06728127663458894,0.20111355656011343,1.0,3.0,1.0,1.0,0.0,63.0,126.0,0.5552930056710774,-0.06535416913008418,0.03885722726876928,-0.013322500507929824,0.03885722726876928,0.5830188679245283,0.35160530576878785,0.6144490366112131,0,0,0,0,0,0
recent_month_non_top10_control,2026-02-28,ABT,114.80577850341795,-0.3422398450142562,-0.14112628845414277,0.9657324965883343,0.9622841082971313,-0.11673441697035647,-0.06918646199662237,-0.11458331617161288,0.06054166660904825,-0.008461709189165112,-0.024022446824359833,-0.06876746320234695,0.009648966519228752,-0.18186459280620182,0.021793406144906102,-0.5053772082507686,-0.15466294147724735,0.15466294147724735,-0.033738328037415166,1.3515024806443996,4.144339916031721,3.6669970780763412,-0.123045025360778,0.037635000973722604,-0.07294546928657519,-0.047198136818870084,-0.040478315332781345,-0.05404164956256463,-0.09722333036498516,-0.123045025360778,-0.05404164956256463,0.04271145227814088,-0.04721973342505603,-0.09278991002670678,-0.028006100227637276,-0.07473971706245075,-0.09278991002670678,-0.3492476445704622,0.22672830175348263,0.8239225587768038,1.171821691004965,-0.24516581676306515,-0.19647799391349896,0.009439336132082695,-0.1402475165556294,0.1402475165556294,0.09712395284236308,905090980.4981959,1.12468025942145,0.023809523809523808,0.0,0.007936507936507936,0.01937179875070224,1.5544996417202128,0.06599974939213327,-0.07547091940831785,-0.009704034052419708,0.7566533019803383,-0.12320489515603361,0.07133573019819457,-0.06665042837639379,-0.06568260226258893,0.17033589019450623,0.26568514195945,0.7031125683210389,0.00990439632395603,-0.009368610012532752,-0.09278991002670678,0.09278991002670678,0.09712395284236308,0.9682539682539683,0.3333333333333333,1017937958.7467254,20.74104480994329,0.031746031746031744,0.0,0.015873015873015872,0.019119663259069657,0.033765804824666734,0.07070784082466264,0.3452841688670999,0.06450134868134816,0.5,-0.01788244953192138,-0.12320489515603361,0.06450134868134816,0.08794686123226325,0.06450134868134816,0.036932038955241,0.1868065625278487,0.00918865701315338,0.0,-0.0,0.09671039858108155,1156778462.675585,0.020730397762381614,0.0160046612952284,0.007813013606921437,-0.023445512550915093,-0.01805019296425603,0.06728127663458894,0.20111355656011343,1.0,3.0,1.0,1.0,0.0,63.0,126.0,0.39149338374291115,-0.11757627664812365,-0.21478655085190723,-0.2596731766448873,-0.11757627664812365,0.09056603773584905,0.35160530576878785,0.6144490366112131,0,0,0,0,0,0
recent_month_non_top10_control,2026-02-28,ACGL,100.1500015258789,-0.12318870909051682,0.0779248474695966,0.8777688803867145,0.8963077446237017,0.053766840920944414,0.16372303470833827,0.09417680390630334,0.06617546534141061,0.009647706403553613,0.026111651060013452,0.0402214353794359,-0.008740253829701006,0.026895527271714403,-0.02784371746685399,0.47168954447432454,-0.017944712402583662,0.017944712402583662,0.020039761787594257,0.9235705830676527,1.4758244206773616,1.6400534959830528,0.10382451030985695,0.03574832859155301,-0.04871603256699386,0.0731717941886929,-0.012859931161325,0.16035226924771395,0.11945119448795809,0.09417680390630334,0.16035226924771395,0.08817055759021808,0.02644460439715335,0.06633308643944935,0.021294719324870037,0.08438327940370538,0.06633308643944935,0.3421441722869545,0.19965845121977188,1.2630278097925545,0.9710315932484199,0.002752459164335308,0.045664924594462475,0.009376345788036696,-0.017944712402583662,0.017944712402583662,0.18212936830559356,199507485.92942858,1.0301522163229917,0.031746031746031744,0.0,0.0,0.018786021410387918,1.2715205263910743,-0.006824430272106552,0.02489873446862334,0.04191377026837406,1.377831759698875,0.0012510711934194951,0.046845177910857363,0.04409928521352979,0.05611755189741463,0.1909006466364187,0.19387466399344702,1.30070722577348,0.008804994053250852,0.07083006938498904,-0.017944712402583662,0.017944712402583662,0.10479867446320923,0.23809523809523808,0.4444444444444444,205523078.80322894,19.141068896072213,0.031746031746031744,0.0,0.0,0.018700892068359298,0.03518493939982226,0.064781503405549,0.16970284370307864,0.04279467483519239,0.6666666666666666,0.01600912275783419,-0.04871603256699386,0.08817055759021808,0.06624018738610749,0.04279467483519239,0.014593352849899155,0.25217417635068207,0.010824763078559708,-0.017944712402583662,0.017944712402583662,0.046280821653579496,193376795.79158965,0.012444553862936747,0.024983951391186133,0.007464201486869326,-0.023445512550915093,-0.01805019296425603,0.06728127663458894,0.20111355656011343,1.0,3.0,1.0,1.0,0.0,63.0,126.0,0.16871455576559544,-0.04153772939318867,-0.056814801345119736,-0.10793814301834992,-0.04153772939318867,0.2962264150943396,0.35160530576878785,0.6144490366112131,0,0,0,0,0,0
recent_month_non_top10_control,2026-02-28,ACN,204.505859375,-0.5962238710504899,-0.3951103144903765,0.924039766696961,0.9624989775574737,-0.337908357893676,-0.21856976155307273,-0.19713807869349087,0.03168429868211953,0.043529045064178096,-0.038350543427310035,-0.1267694326522255,-0.05142900479057577,-0.2644193553280798,0.032018102613955324,-0.5465331728921918,-0.4092973560754397,0.4092973560754397,-0.012260944258352002,1.1644432483449922,4.308495681863828,3.431957001856155,-0.15360903362931277,0.022505445874396336,0.0141930382025095,-0.1754069084489508,-0.2525485253952633,-0.16545378001137134,-0.17206696411139166,-0.19713807869349087,-0.15360903362931277,-0.00039982263591398226,-0.04636676734846956,-0.16511997607953555,0.07319998504970981,-0.14706978311527952,-0.16511997607953555,-0.38373344765550466,0.36070651969807876,1.6540874050544847,1.192932771087992,0.4528115209146375,0.15016994429298314,0.01624102159234903,-0.2766340949965247,0.2766340949965247,0.08992171997302356,1192206673.6311533,1.0653035231884362,0.15873015873015872,0.007936507936507936,0.015873015873015872,0.0293733661224706,1.6036011743252856,-0.1903376097166002,-0.11565595641907833,-0.18249231185408255,1.3434951674095645,-0.017368521804886794,0.09578846796577249,-0.22206481965074432,-0.1841236000109716,0.5486712412598793,0.4302986280929345,1.3865721901041457,0.01899314211553376,-0.251156078939485,-0.2766340949965247,0.2766340949965247,0.08992171997302356,0.47619047619047616,0.031746031746031744,1270061969.7880337,20.96233153212252,0.2222222222222222,0.015873015873015872,0.031746031746031744,0.03270366100591883,-0.14258243831612105,-0.27822121565107827,-0.3491458374076834,-0.20831441123974725,0.3333333333333333,-0.03168645620315075,-0.20831441123974725,0.07319998504970981,-0.18486889868883216,-0.20831441123974725,-0.07669095404768544,0.5966401111536295,0.029528902169871404,-0.2176618586737028,0.2176618586737028,0.08992171997302356,1657094690.5930293,-0.007767783196059419,0.050854180452469366,0.0378813445525481,-0.023445512550915093,-0.01805019296425603,0.06728127663458894,0.20111355656011343,1.0,3.0,1.0,1.0,0.0,63.0,126.0,0.7215500945179585,-0.049971288930061974,-0.13652016758669427,-0.09612679608335639,-0.049971288930061974,0.269811320754717,0.35160530576878785,0.6144490366112131,0,0,0,0,0,0
recent_month_non_top10_control,2026-02-28,ADBE,262.4100036621094,-0.6027689626096583,-0.40165540604954486,0.9146566837629941,0.947037907827638,-0.3678238310313242,-0.2663759068717746,-0.2643397962380648,0.0354308765608764,0.008237751339721378,-0.10252314570427667,-0.0777786077718845,-0.011073765270124603,-0.33162107287265374,0.08403804276190363,-0.867596423544261,-0.4184690866476327,0.4184690866476327,-0.05468257615880334,1.0967250700437547,1.828875818444124,1.318824548012338,-0.25610204489834343,0.01854127656653554,-0.0352657758792525,-0.17920899439797422,-0.13724449015985518,-0.2289089196771884,-0.24978358693786554,-0.2643397962380648,-0.2289089196771884,-0.059298853458769285,-0.08122363715850811,-0.18030175347616118,0.09327456001037171,-0.16225156051190515,-0.18030175347616118,-0.5384539986559678,0.3046805969510539,1.329357139559835,1.0990224047625141,-0.10761421319796949,-0.20146306024642735,0.01401016767136293,-0.28588142991292453,0.28588142991292453,0.06376686984502444,1522537777.246251,1.0094308996587058,0.09523809523809523,0.007936507936507936,0.023809523809523808,0.02708491420278188,1.2823670960899147,-0.08625848584226947,-0.1605700933369486,-0.13300698017802415,1.0186103196762963,-0.16211889430431536,0.0870532584140435,-0.2502356896367711,-0.16236350562578972,0.18311493417083113,0.33485080234562553,1.209581473315909,0.015142857638741129,-0.13545493557766297,-0.26604759164812075,0.26604759164812075,0.06376686984502444,0.7142857142857143,0.06349206349206349,1536896678.2500494,21.15303107689465,0.1111111111111111,0.015873015873015872,0.031746031746031744,0.028934989942890905,-0.05070319364492104,-0.14735911405025603,-0.25965089674150743,-0.10516622792119568,0.16666666666666666,-0.04660815947054762,-0.16211889430431536,0.09327456001037171,-0.08172071537028058,-0.10516622792119568,-0.012343346324883986,0.40502932684223597,0.01872348895173146,-0.10556275378437519,0.10556275378437519,0.06376686984502444,1682601710.6999714,0.01452918681725146,0.035037854858196445,0.024150945418781156,-0.023445512550915093,-0.01805019296425603,0.06728127663458894,0.20111355656011343,2.0,8.0,2.0,1.0,1.0,63.0,126.0,0.6587901701323252,-0.07366335719405293,-0.06215463332562288,-0.012194703564547549,-0.012194703564547549,0.3905660377358491,0.35160530576878785,0.6144490366112131,0,0,0,0,0,0
recent_month_non_top10_control,2026-02-28,ADI,353.7106018066406,0.37090008735507585,0.5720136439151893,1.0635967533294393,1.0924950354070226,0.6828245065326317,0.5957738882190335,0.42636063499837995,0.09863235869001885,0.026820602967671192,0.06000303352973324,0.2856163561136176,-0.018456474847700854,0.359079358363791,-0.08074124535502913,1.518527352653083,-0.013885791728268426,0.013885791728268426,0.0732764001004178,0.9568909209666885,1.3591535699115727,2.1745227868193426,0.45318123796605114,0.05099773717893785,-0.04708989222872506,0.28316929175287275,-0.013885791728268426,0.5249929936883988,0.46817828888427665,0.42636063499837995,0.5249929936883988,0.13330188716483193,0.11550476087812722,0.3456193896433508,0.02569489504927369,0.36366958260760684,0.3456193896433508,1.31059526602882,0.28077244328425655,0.9452501141257649,0.939236632444672,0.38675776284728536,0.5870899983272853,0.013431407519712285,-0.013885791728268426,0.013885791728268426,0.5854645819578681,1007904006.3323733,1.2037820858461892,0.09523809523809523,0.015873015873015872,0.007936507936507936,0.024795647690442794,1.8235861821944523,0.01065137681147299,0.1277020230823167,0.15248992670107775,1.3187891946673775,0.14631267187821173,0.08793109407058552,0.31190999988228296,0.13670330533502972,0.4893954168698196,0.2637117641135678,1.0064025203802378,0.013179061466504863,0.15224779301017466,-0.013885791728268426,0.013885791728268426,0.3843306908115778,0.031746031746031744,0.9841269841269841,1213296787.075515,20.91660710975536,0.06349206349206349,0.015873015873015872,0.0,0.02478437013130637,0.09101225652299427,0.15756796298409004,0.5443133823481517,0.1444608718603304,0.6666666666666666,0.06403732647937031,-0.04708989222872506,0.14631267187821173,0.1679063844112455,0.1444608718603304,0.0585806206322943,0.26540018405781335,0.013644967404298245,-0.013885791728268426,0.013885791728268426,0.1444608718603304,1586023312.03032,0.015530248331920626,0.02870874409638729,-0.0018123688641639157,-0.023445512550915093,-0.01805019296425603,0.06728127663458894,0.20111355656011343,1.0,3.0,1.0,1.0,0.0,63.0,126.0,0.6603024574669187,-0.10302104614435292,0.13415089001758274,0.16682822293539923,0.16682822293539923,0.7811320754716982,0.35160530576878785,0.6144490366112131,0,0,0,0,0,0
recent_month_non_top10_control,2026-02-28,ADM,68.5877914428711,0.31318814306557874,0.5143016996256922,0.9901221847281968,1.0053294653642504,0.4656788348181786,0.3058014581500139,0.11983659492625875,0.03903606311832819,0.054360899640591986,-0.022160583041460735,0.16737581522077483,-0.04629621498268077,0.05255531829166982,0.025378637253055336,0.4700503780428504,0.0,-0.0,0.02633457959256269,1.0968949157505137,3.4052465344797334,4.044955432791327,0.17419749456685074,0.028029068981882385,0.013223917585666323,0.11962099971709628,0.03357752019915461,0.15887265804458695,0.1509689158458988,0.11983659492625875,0.17419749456685074,0.011925641120999586,0.06110243197924037,0.1452152321793141,-0.05350675500043023,0.16326542514357012,0.1452152321793141,0.6025306473447574,0.25494415178479934,0.8243654128470772,0.9453398760918574,-0.06622405713010493,-0.035005023384848344,0.01188192341543218,0.0,-0.0,0.2526171027285362,214559529.23531002,0.9759054666731337,0.07142857142857142,0.0,0.007936507936507936,0.026714864144880723,1.4768882330736761,0.013483893516921364,0.09774212032497376,0.07945080301982776,1.0592463718548193,0.1708121626038539,0.08101723838841524,0.2099560543401815,0.07377004387173436,0.2565524950366205,0.2410088728585859,0.8720307200571054,0.011589038349005348,0.028486167353725333,0.0,-0.0,0.21037716294957853,0.0,0.6984126984126984,209389817.5075531,19.15970823300062,0.06349206349206349,0.0,0.0,0.02581488084690639,0.026415271186901013,0.013475714464567634,0.15907867318234267,0.03343310992710635,0.6666666666666666,0.021598643542419194,-0.05350675500043023,0.1708121626038539,0.056878622478021446,0.03343310992710635,0.02052578480895173,0.21016714093902403,0.010503093432931512,0.0,-0.0,0.06312661628271643,266427358.5184733,0.013148628435948106,0.026836294387919735,0.01643014512120522,-0.023445512550915093,-0.01805019296425603,0.06728127663458894,0.20111355656011343,1.0,3.0,1.0,1.0,0.0,63.0,126.0,0.28223062381852554,0.05286787819138716,0.07966394432709722,0.1631807512820722,0.1631807512820722,0.7735849056603774,0.35160530576878785,0.6144490366112131,0,0,0,0,0,0
recent_month_top_future_return,2026-02-28,ALAB,118.83000183105467,0.3971380139818237,0.5982515705419371,0.7999206144317836,0.8742642909313785,0.30985449991304215,-0.13091490130778316,-0.34780458934469205,-0.01565155757387937,-0.04530062016011516,-0.13518106496467241,-0.11067794177797485,0.0746432839259541,-0.415085865979281,0.10194558260204478,-0.37426619768932895,-0.5282277293652567,0.5282277293652567,-0.09042295657851185,0.7674455047584892,1.1288498059615226,0.605452907163545,-0.3931052095048072,0.023007912963521986,-0.04657819322692136,-0.2654708134237843,0.0076102394693778885,-0.3634561469185714,-0.3681219819226902,-0.3931052095048072,-0.34780458934469205,-0.15593521798621246,-0.025669672717911762,-0.24585900674264727,0.05578468539413328,-0.22780881377839124,-0.24585900674264727,-0.2399162270017304,0.9292973597188112,1.3658244481889286,1.1027366188957568,0.20445202279734653,-0.04976071760545464,0.04295338683696388,-0.5282277293652567,0.5282277293652567,0.0,1014577297.390081,0.8283193523942839,0.5396825396825397,0.15079365079365079,0.11904761904761904,0.07285687860734394,1.0599431983637841,-0.1530951179206399,-0.0898229788978967,-0.24381265472437796,0.9158244530468248,-0.09461412259807755,0.11391539135058826,-0.2857056900992785,-0.17155301801098055,0.3025631094121015,1.0247702284050757,1.2385772130761552,0.04770107838400206,-0.2667851117572171,-0.36681407262507204,0.36681407262507204,0.0,0.20634920634920634,0.0,840394009.9280947,20.54938140045577,0.6031746031746031,0.1746031746031746,0.12698412698412698,0.0768180116300427,-0.21782486890583774,-0.2591706116106415,-0.16628697060197487,-0.21106091034858365,0.3333333333333333,-0.06296007913995127,-0.21106091034858365,0.0746432839259541,-0.18761539779766856,-0.21106091034858365,-0.16107760707811514,1.2692570535413736,0.0551234299165258,-0.36681407262507204,0.36681407262507204,0.0,854483257.9180037,-0.06666769416227347,0.10356329893396503,-0.05433794027547334,-0.023445512550915093,-0.01805019296425603,0.06728127663458894,0.20111355656011343,1.0,4.0,1.0,0.0,1.0,63.0,126.0,0.9057655954631381,-0.07767401510315752,0.6388117688497024,1.8852141784105925,1.8852141784105925,1.0,0.35160530576878785,0.6144490366112131,1,1,1,1,1,1
recent_month_top_future_return,2026-02-28,AMD,200.2100067138672,0.8037933680360121,1.0049069245961255,1.0583061096614073,1.1189279247723556,0.8080917605366496,0.1355567437253844,0.23107668144100457,-0.44937275152229106,0.006391734543084615,0.3375760453063017,-0.4171972109506886,-0.00516516984233617,0.16379540480641563,-0.3106978470853915,0.3397088380716738,-0.242575504542193,0.242575504542193,0.05216422767347262,0.8457252291840849,0.6782291778325651,0.5446066144751152,0.2374684159840892,0.26131015761594495,0.5830397783886911,-0.10948670875471989,-0.05196120751095723,-0.2182960700812865,0.08341634244793576,-0.2182960700812865,0.2374684159840892,-0.15067154878022626,-0.011542188911723206,-0.07962116564438693,-0.015492093670292695,-0.0615709726801309,-0.07962116564438693,-0.13385946230915055,0.6802198104491195,1.2303196796809461,0.8744403293216141,-0.21788803492882602,-0.3385432999453236,0.02728413857694929,-0.242575504542193,0.242575504542193,0.3246659224717421,10130114189.531466,0.7682648014176993,0.30952380952380953,0.0873015873015873,0.05555555555555555,0.04335345821070276,1.094098285426768,-0.14063458889290792,0.0005049211505507856,-0.084418575895292,0.7653334033616632,0.10538845573162892,0.27417820739083426,-0.06513819905537421,-0.07767387438184692,0.05618975553099448,0.594811635060214,1.40697957130525,0.024099521380323764,-0.1623825258886601,-0.22901258333045404,0.22901258333045404,0.04005198292918011,0.38095238095238093,0.23809523809523808,7782610166.159009,22.775157615934297,0.2857142857142857,0.07936507936507936,0.047619047619047616,0.04040581124009688,-0.10054356976789325,-0.19243947543679785,-0.1843359753026633,-0.15426853239039462,0.3333333333333333,0.06047181490617839,-0.15426853239039462,0.5830397783886911,-0.13082301983947953,-0.15426853239039462,-0.0499126546781371,0.8368878193043946,0.035363104008969415,-0.2060829069367529,0.2060829069367529,0.04005198292918011,9012975115.781948,-0.018207817983581842,0.0464761945118989,-0.023546824310208825,-0.023445512550915093,-0.01805019296425603,0.06728127663458894,0.20111355656011343,2.0,8.0,2.0,1.0,1.0,63.0,126.0,0.9530245746691871,0.016083042075494047,0.770590771424323,1.5777931086308223,1.5777931086308223,0.9924528301886792,0.35160530576878785,0.6144490366112131,1,1,1,1,1,1
recent_month_top_future_return,2026-02-28,ARM,127.4499969482422,-0.23331042355501375,-0.03219686699490032,1.319137807813755,1.3333248678860437,0.02336595480426129,-0.09849692697971912,-0.07851927410924009,-0.1709802462569564,-0.020710409966220533,-0.019882872160669307,-0.039943040766528326,0.02299188772108196,-0.14580055074382903,0.018693361182042456,-0.16181777482433346,-0.2864740766305257,0.2864740766305257,-0.03869806144448562,0.7056769415029667,0.9963440446411391,0.8769109396537089,-0.09922968407546062,0.09331326217809104,0.20022616956095485,-0.04908535044560569,0.1390483230209255,-0.2494995203661965,-0.14241615951696573,-0.2494995203661965,-0.07851927410924009,-0.20174307082802156,-0.05288581982801399,-0.05982591292719763,-0.19364119557949844,-0.041775719962941604,-0.05982591292719763,-0.13550466196933597,0.4852326896379538,1.0768510152902668,0.9098819427611208,-0.37130102813743515,-0.23948669721842797,0.022059033379779505,-0.2864740766305257,0.2864740766305257,0.2190338902730371,710052398.8165659,0.9365264018224648,0.23015873015873015,0.047619047619047616,0.023809523809523808,0.04171801122381254,0.965964930429835,0.27755630152516564,0.04693314479261046,0.09988071180798364,0.896718263380473,-0.03613573356933686,0.18115186650423853,0.16595004843838557,0.08434768754867106,-0.1893686842379414,0.4415044623389854,1.1835063041502538,0.019474892819335853,0.14434121370608755,-0.10202209874424872,0.10202209874424872,0.2190338902730371,0.8571428571428571,0.2698412698412698,664982818.1690882,20.31527176245042,0.1746031746031746,0.047619047619047616,0.015873015873015872,0.041024318834251935,0.0795083770467564,0.1139969368811602,0.40124922481315567,0.20966207488537458,0.5,0.0002266886984257551,-0.20174307082802156,0.20966207488537458,0.23310758743628968,0.20966207488537458,0.05042360944353841,0.5225233144886575,0.022281178852194706,-0.032564204995000345,0.032564204995000345,0.2190338902730371,793347843.728892,0.001737006663536711,0.04595918214393764,-0.004872199509293851,-0.023445512550915093,-0.01805019296425603,0.06728127663458894,0.20111355656011343,1.0,4.0,1.0,0.0,1.0,63.0,126.0,0.8135160680529301,0.1869753032691881,0.6502158678719332,1.7719891487199795,1.7719891487199795,0.9962264150943396,0.35160530576878785,0.6144490366112131,1,1,1,1,1,1
recent_month_top_future_return,2026-02-28,DDOG,111.95999908447266,-0.2404958289505037,-0.03938227239039027,1.3466001037611708,1.3383392905984721,-0.05022054892161654,-0.20017143519282077,-0.18086036666644334,-0.13146688127065387,-0.0329036510071784,0.17069068686882227,-0.4709844002112753,0.04184958682483653,-0.24814164330103228,-0.11943334667600969,-0.2907761055804799,-0.4394151892641447,0.4394151892641447,-0.030374802768510123,0.8319312452360472,1.0040859258060602,0.4022715212884105,-0.21376401767362174,0.06841162362323779,0.1433286835457741,-0.22681214139475214,-0.10146532123772267,-0.3123272479370972,-0.23565054409238742,-0.3123272479370972,-0.18086036666644334,-0.017197979815398723,-0.11838222596294357,-0.30029371334245303,-0.1501155542671161,-0.282243520378197,-0.30029371334245303,-0.49841868356906005,0.6219918459441142,1.4373316464999537,0.9686507860644568,-0.07211223285695556,-0.19667253575562516,0.02461248530060738,-0.4394151892641447,0.4394151892641447,0.09106857102028543,716576994.8714181,0.9726238082014893,0.25396825396825395,0.07936507936507936,0.05555555555555555,0.03920427141223581,1.3087032903166154,0.052199744829960926,-0.0889179578060394,-0.11829815767513707,1.3455676816986148,-0.04904770865150532,0.11044488294151299,-0.17670420941264942,-0.0944728180459391,0.24922877772827756,0.6024928904994487,1.483849150982168,0.026253601032032257,-0.09999297724118128,-0.30029371334245303,0.30029371334245303,0.09106857102028543,0.9682539682539683,0.06349206349206349,696959845.6214178,20.362238358200806,0.2698412698412698,0.09523809523809523,0.07936507936507936,0.04258332324303012,-0.07882306019013419,-0.19355340463375315,-0.15015594355342823,-0.13424069947833162,0.3333333333333333,-0.02757061197362352,-0.1501155542671161,0.1433286835457741,-0.11079518692741652,-0.13424069947833162,-0.05154614228879628,0.8940085640403992,0.04195986152682458,-0.13657746074306665,0.13657746074306665,0.09106857102028543,882406339.978972,-0.02778320757265884,0.0782971049527623,0.025659812384507763,-0.023445512550915093,-0.01805019296425603,0.06728127663458894,0.20111355656011343,2.0,7.0,2.0,1.0,1.0,63.0,126.0,0.8510396975425332,0.05439446246056412,0.18068956343658304,1.2092712408553394,1.2092712408553394,0.9830188679245283,0.35160530576878785,0.6144490366112131,1,1,1,1,1,1
recent_month_top_future_return,2026-02-28,DELL,147.37969970703125,0.2666654926567358,0.4677790492168492,1.0338125159350255,1.0864851205731283,0.3468849086656174,0.12486069788423837,0.22192187977082134,-0.3039054282957345,-0.1691056626961398,0.09558035677292742,0.01973890960205371,0.16062220542727856,0.1546406031362324,-0.1066026133958402,0.38954034263726,-0.09796314384818527,0.09796314384818527,-0.015880910635627243,1.3781025653769856,4.964365891030895,5.652172189976538,0.05281621707468154,0.15227508622512753,0.14683807178291408,0.12160445200793335,0.19122991653894617,-0.08198354852491319,0.06425151610686324,-0.08198354852491319,0.22192187977082134,-0.1769025433777086,-0.03325113778830091,0.11531926637498113,-0.056018122380921076,0.13336945933923716,0.11531926637498113,0.18067503127475,0.5697019165418639,1.65205353408929,1.1203560193464819,2.1184476510754844,3.0351252600082645,0.02460076527837106,-0.09796314384818527,0.09796314384818527,0.33321333688721566,992211059.5945026,0.9204439070783367,0.2698412698412698,0.03968253968253968,0.05555555555555555,0.03871264506175008,3.008483817238446,0.29053348724414263,-0.022311799244374986,0.2205327646148132,1.2562225085617493,-0.08690285529748554,0.18029894574643618,0.1815049555697521,0.013030276355765924,1.1305753564154788,0.6382689714309042,1.4745790673333947,0.02527714921422961,0.05288717563606582,0.0,-0.0,0.33321333688721566,0.0,0.42857142857142855,913274624.3395003,20.632547187786944,0.2857142857142857,0.031746031746031744,0.06349206349206349,0.03845658637508797,0.24116301865495005,0.08857727971663087,0.3123247265688372,0.29395318167891604,0.5,0.04693165630549891,-0.1769025433777086,0.29395318167891604,0.31739869422983114,0.29395318167891604,0.22544744811927697,0.9411780646004279,0.038105058638785834,0.0,-0.0,0.3125333061912434,1144867769.5920672,0.21017970054859791,0.05061936597123244,0.1716488157998437,-0.023445512550915093,-0.01805019296425603,0.06728127663458894,0.20111355656011343,2.0,7.0,2.0,1.0,1.0,63.0,126.0,0.8569943289224953,0.10838731933859247,0.41542753892976636,1.8512448290014079,1.8512448290014079,0.9981132075471698,0.35160530576878785,0.6144490366112131,1,1,1,1,1,1
recent_month_top_future_return,2026-02-28,FLEX,63.02000045776367,0.4621221645515834,0.6632357211116968,1.0614680966434362,1.0733949495790192,0.48983455305950896,0.26368561875928487,0.175307752949045,-0.1673103121886632,-0.08819374344895525,0.1023872023093646,-0.03623934565163056,0.08112648965816494,0.10802647631445605,-0.10915989629131095,0.3936863273374547,-0.12569368955520255,0.12569368955520255,0.022715192574461973,0.8958763074788705,1.1334789790589865,1.2746040407480694,0.08711400950008974,0.08369618509561136,0.07848885874157241,0.004533319528438717,-0.01994485407669344,0.00799744076038178,0.09013973440317218,0.00799744076038178,0.175307752949045,-0.054542543545177735,0.018223354339262476,0.06614785665773404,0.022162029184014997,0.08419804962199007,0.06614785665773404,0.1357427874114564,0.44529804764791103,1.3052257148154982,1.0943297920351085,0.05551894129122403,0.05518406087089622,0.021542422629956665,-0.12569368955520255,0.12569368955520255,0.175307752949045,273322182.5301307,1.098430112646803,0.2619047619047619,0.047619047619047616,0.031746031746031744,0.04030042411236097,1.2232309705539404,-0.0002774758220810414,0.01171811317188376,-0.011150047486159331,1.028660994662115,0.043363171565415026,0.05148966847571761,0.04303214775922837,0.008478448033374608,0.22376062106485728,0.4873029198761783,1.1927169709856749,0.02374589297068339,-0.006908976291223223,-0.12569368955520255,0.12569368955520255,0.11441204788669479,0.8412698412698413,0.9523809523809523,300225315.7454415,19.520043806537334,0.30158730158730157,0.06349206349206349,0.015873015873015872,0.04526674398574585,-0.02111442200708491,-0.01081515373836095,-0.0005458675937453299,-0.00031726614012062004,0.6666666666666666,0.028380123243978168,-0.054542543545177735,0.08112648965816494,0.023128246410794473,-0.00031726614012062004,-0.015204772534269995,0.5812144625471904,0.027471416222679353,-0.0461631489503318,0.0461631489503318,0.07122214000165483,280134856.01067317,-0.023536136873129276,0.04783061685826555,-0.015681597228974886,-0.023445512550915093,-0.01805019296425603,0.06728127663458894,0.20111355656011343,1.0,3.0,1.0,1.0,0.0,63.0,126.0,0.6886578449905483,0.03871784527111011,0.45271346218277286,1.3925737493504209,1.3925737493504209,0.9867924528301887,0.35160530576878785,0.6144490366112131,1,1,1,1,1,1
recent_month_top_future_return,2026-02-28,INTC,45.61000061035156,0.7209261185427733,0.9220396751028868,1.2262307817190958,1.274570329990796,1.332992449630872,1.3035354731216997,0.8731006117380036,-0.732565510562678,-0.5136370752986614,0.6657084491939904,-0.5412015688666638,0.37782335570688486,0.8058193351034146,-0.748593731410677,1.2443752896842424,-0.16034608124827687,0.16034608124827687,0.0984325547923357,0.9574526831353914,-0.17194557382867348,-0.06884710048484699,0.35946353643934215,0.37603300656424443,0.19195238711935314,0.10839205418891962,-0.136989533342732,0.14053510117532553,0.45769974978422373,0.14053510117532553,0.8731006117380036,0.014253555161292786,0.09146964886566633,0.1245068803273266,-0.09023667957324677,0.14255707329158263,0.1245068803273266,0.16594148890340477,0.7016376964215925,0.6878642153378987,1.0693637425310156,-0.30971866540318016,-0.32249340939873394,0.02974260632692029,-0.16034608124827687,0.16034608124827687,0.9004166920979817,4179807799.027587,1.0950366941622272,0.35714285714285715,0.11904761904761904,0.047619047619047616,0.04771618699832877,0.8703545121953227,-0.015832117363459908,0.12654272380143738,0.03149439804910115,1.0314313812187048,0.2593495745010346,0.18198817329462283,0.2360433258617649,0.04908215366035029,-0.03169767101215759,0.7503059129462347,0.6432462481941199,0.03260548168490815,-0.055130870027844336,-0.16034608124827687,0.16034608124827687,0.265187283650842,0.3968253968253968,0.7619047619047619,4577042914.480663,22.244318974907948,0.4126984126984127,0.15873015873015872,0.06349206349206349,0.051211673043362584,-0.036611975149273945,-0.02937038827386862,-0.038345150330985546,-0.018506576022391363,0.6666666666666666,0.12243926948215454,-0.09023667957324677,0.37782335570688486,0.00493893652852373,-0.018506576022391363,-0.02849961054304051,0.48263146350052943,0.02334753591733088,-0.09843841722110724,0.09843841722110724,0.045381606549703024,4415788149.08311,0.002726125602383611,0.051915302514438294,0.0015371202795151362,-0.023445512550915093,-0.01805019296425603,0.06728127663458894,0.20111355656011343,1.0,3.0,1.0,1.0,0.0,63.0,126.0,0.959640831758034,-0.03244901386606058,1.0714755994870693,1.5143608588145518,1.5143608588145518,0.9905660377358491,0.35160530576878785,0.6144490366112131,1,1,1,1,1,1
recent_month_top_future_return,2026-02-28,MRVL,81.62899017333984,-0.30846625664658933,-0.1073527000864759,1.0436320678299378,1.086229645941618,0.3601905260251317,0.01782890944133575,0.301143734197481,-0.4290637191021387,-0.3281104949485899,0.4229233524549565,-0.5085074551034724,0.3372037888467887,0.23386245756289203,-0.3867278368459969,0.542787612221394,-0.1841438828491535,0.1841438828491535,0.010661687679575982,0.5033660918536683,0.8026451635871694,0.6483673948678743,-0.02696676075110893,0.22433001189176785,0.1157614237295781,-0.03929103752880181,-0.13784560393825152,-0.12791998490465772,0.04875232951390477,-0.12791998490465772,0.301143734197481,-0.04629827891090199,-0.041929096984034464,-0.0855841026485159,-0.04944068995730666,-0.06753390968425987,-0.0855841026485159,-0.18832999851894752,0.5548095192611903,0.8014099640756056,0.8190863612622101,0.609820846646637,0.6663236360904394,0.025198209764176027,-0.1841438828491535,0.1841438828491535,0.312837407505411,1518785253.9146302,0.8746270179944923,0.3492063492063492,0.07936507936507936,0.047619047619047616,0.042931621212066666,1.2228414106225358,0.027664581720732717,-0.0500384883941013,-0.0032438858996589603,0.7769410739504699,-0.07064264487069394,0.15535168452263554,-0.03802331144343418,-0.055788173714721334,0.51640782344588,0.45443691032528444,0.97841937306908,0.02126599458519699,-0.027167489580158577,-0.1841438828491535,0.1841438828491535,0.10796137654164628,0.9206349206349206,0.25396825396825395,1328370617.6053607,21.00721892934012,0.2857142857142857,0.06349206349206349,0.031746031746031744,0.040769207942800076,0.02311580163541138,-0.032964940151803845,0.07893937796792592,0.03509880590843473,0.5,0.05361373412431649,-0.07064264487069394,0.3372037888467887,0.05854431845934982,0.03509880590843473,0.03460722500192359,0.4446298768999145,0.019970906407790846,-0.008014580021469153,0.008014580021469153,0.10796137654164628,1041045467.5239563,0.028996835620321626,0.039321128677593346,0.026050069419388144,-0.023445512550915093,-0.01805019296425603,0.06728127663458894,0.20111355656011343,2.0,7.0,2.0,1.0,1.0,63.0,126.0,0.9064272211720226,0.2125107542333473,1.0226792936904605,1.5107432045629259,1.5107432045629259,0.9886792452830189,0.35160530576878785,0.6144490366112131,1,1,1,1,1,1
recent_month_top_future_return,2026-02-28,MU,412.1334533691406,3.217571671819217,3.4186852283793305,1.1973823163774515,1.2325768303595384,3.374163818800226,2.7822517618692935,2.4685736029077403,-1.6249994567600583,-1.001475036532709,0.9883042647940958,-0.24381592650300554,0.4059323166825075,2.4012923262731514,-1.72408526461665,3.8204555048520654,-0.05808586806119098,0.05808586806119098,0.22031402681450785,1.3892803929103565,1.2187042672303652,2.8705037203000514,1.4670985663750313,0.8197924723050877,0.3382149947862205,0.4107531506046884,0.00831758981633779,0.843574146147682,1.5930821051434847,0.843574146147682,2.4685736029077403,0.05679935238412459,0.25536539065847497,0.7444883382910903,0.2073972628220928,0.7625385312553463,0.7444883382910903,1.1172688993520903,0.6461464083988403,1.0298964058233362,1.0312625693481994,-0.4384109880073457,-0.44180854848125173,0.03269902949978211,-0.05808586806119098,0.05808586806119098,2.484089709294545,8136724234.28877,1.3786135715981385,0.42857142857142855,0.18253968253968253,0.047619047619047616,0.04974670679837564,1.1729156802735476,-0.010103963076135147,0.24908972853343747,0.14081369620234407,1.3236597541203343,0.45362808188767456,0.18864802985338197,0.44483376930442553,0.15864927169785603,-0.11608051775516037,0.666346605300499,0.998675251516472,0.033334915722626215,0.09300073876491655,-0.05808586806119098,0.05808586806119098,0.8292682893791876,0.2857142857142857,0.7619047619047619,11217398457.74197,23.1407318437335,0.42857142857142855,0.19047619047619047,0.031746031746031744,0.052554594132418725,0.02197420895854063,0.03153303354886927,-0.00909126080139415,-0.006049905538305755,0.8333333333333334,0.24265368383738573,-0.006049905538305755,0.45362808188767456,0.017395607012609338,-0.006049905538305755,0.00774928399992314,0.6654638636456232,0.031243936322539453,-0.05808586806119098,0.05808586806119098,0.10480912395980257,14916587992.626953,-0.012008191044621808,0.05686469501509458,-0.01625071402155942,-0.023445512550915093,-0.01805019296425603,0.06728127663458894,0.20111355656011343,2.0,7.0,2.0,1.0,1.0,63.0,126.0,0.9706049149338374,-0.1803915633187605,0.2546432232299223,1.3556707179949274,1.3556707179949274,0.9849056603773585,0.35160530576878785,0.6144490366112131,1,1,1,1,1,1
recent_month_top_future_return,2026-02-28,SNDK,635.3599853515625,12.36046608153788,12.561579638097992,1.0967315278139518,1.234264125210366,15.85752211466825,13.803355369462157,11.109014114161447,-8.92153616545771,-6.446268992656196,3.255383906703573,-1.4098088940505593,1.1383646719636702,11.041732837526858,-9.263439101508434,9.700688892785697,-0.08648333391252272,0.08648333391252272,0.49779396432868395,2.220403855156368,0.3621245558256967,2.876027600178687,4.6627451215052504,4.605705502489989,0.7765597794356938,0.9421903169672643,0.12482011375446722,2.1874779487037377,5.986412394790146,2.1874779487037377,11.109014114161447,0.12015249449774945,0.5630263784540901,1.8455750126530135,0.06314943649499427,1.8636252056172695,1.8455750126530135,1.7001955865597023,1.1451778566389348,0.9113222436742024,0.9478942205008329,-0.5551608639673997,-0.5095306083236882,0.05564661872934277,-0.08648333391252272,0.08648333391252272,11.489876129195784,4599781519.703769,1.6383259325331085,0.6031746031746031,0.2698412698412698,0.14285714285714285,0.08671196700630114,1.1497047578656692,-0.08648333391252272,0.6886132064113653,0.3902953796808204,1.5785506069269208,1.427542287247309,0.5952468422561361,1.6765522465349219,0.5763200945441647,-0.1373342366714202,1.0855074717535778,0.9614176602877617,0.04991941448278232,0.3658531577220465,-0.08648333391252272,0.08648333391252272,2.2686488804988314,0.2698412698412698,0.9206349206349206,7535941347.7172365,22.742949591376657,0.5396825396825397,0.25396825396825395,0.12698412698412698,0.08747378551909599,0.112238573549861,0.31236444879034364,0.09828901906180977,0.10257698108731028,1.0,0.6047242751211211,0.06314943649499427,1.427542287247309,0.12602249363822537,0.10257698108731028,0.027788730053411426,1.0436260537182083,0.05001667566853306,-0.08648333391252272,0.08648333391252272,0.17811978441110243,14379660529.2495,0.006389691262905117,0.08091868265217489,-0.014838849888816785,-0.023445512550915093,-0.01805019296425603,0.06728127663458894,0.20111355656011343,1.0,3.0,1.0,1.0,0.0,63.0,126.0,0.9902646502835539,-3.141289434949179e-05,0.7258090453381247,1.6677474495515643,1.6677474495515643,0.9943396226415094,0.35160530576878785,0.6144490366112131,1,1,1,1,1,1
recent_month_non_top10_control,2026-03-31,A,113.76119232177734,-0.2523895220411634,-0.015560785918951936,0.9515017618352187,0.9505565881038514,-0.02622177570033657,-0.08742583567368967,-0.10834236996194735,-0.14609237344570158,-0.10972086478971865,0.06014800735910675,-0.2190790020423623,0.1403193578637687,-0.07216849439596529,-0.050588624721308206,-0.38992538193294213,-0.27198311259797847,0.27198311259797847,-0.04325113125967339,1.2791811814339724,1.5993684210526316,1.1862482123464932,-0.218063234751666,0.07605320110632457,0.04878380307341712,-0.14520468192092784,-0.09639534326333221,-0.25443474340764893,-0.1936134493737541,-0.25443474340764893,-0.10834236996194735,-0.11355043179652902,-0.08580983733291114,-0.15893099468325556,-0.014556997939703664,-0.0996739079665514,-0.15893099468325556,-0.587074484996664,0.27785410999630605,0.8898706219331575,0.9743131641936086,-0.43017352778290563,-0.4636923025369858,0.012954488580963132,-0.27198311259797847,0.27198311259797847,0.03628522060829775,279779653.17694044,1.0216499212502463,0.07936507936507936,0.007936507936507936,0.0,0.025274875946926897,1.177792969681553,-0.01850811274023645,-0.10009968419424775,-0.07020135427517082,0.8836726417266498,-0.09316408901800077,0.09584858588026406,-0.1465066943919685,-0.10161633903045031,-0.13968180234583671,0.2707169170946999,0.9133312107813507,0.01354765360225138,-0.0892866339175945,-0.23081013824456897,0.23081013824456897,0.03628522060829775,0.873015873015873,0.031746031746031744,285836860.6356424,19.47093179217486,0.09523809523809523,0.0,0.0,0.026263664458668748,-0.02127748106666727,-0.07658600916309932,-0.23790404120038638,-0.05882277568408578,0.3333333333333333,-0.015165188916855568,-0.11355043179652902,0.1403193578637687,-0.010440280519675715,-0.05882277568408578,0.005346876080515761,0.2472542096690968,0.012280199465978914,-0.05226410565995909,0.05226410565995909,0.03628522060829775,262587711.458079,0.016624016508479,0.027243909912548023,0.014655511315667225,-0.048382495164410066,-0.059257086716704155,-0.03617387556598206,0.23682873612221145,1.0,3.0,1.0,1.0,0.0,63.0,126.0,0.39896030245746694,0.0137743465236555,0.18906824380300935,0.1676213928502137,0.18906824380300935,0.6962264150943396,0.4766177326289938,0.8917236858277389,0,0,0,0,0,0
recent_month_non_top10_control,2026-03-31,AAPL,253.55638122558597,-0.08931996997855429,0.14750876614365716,1.0272452164359305,1.0358439102236974,0.24073844267196165,0.09534640931991656,-0.0013992489943873698,-0.08761827565252545,-0.058135080714024734,0.06870171940442371,-0.1342962320041392,0.06181520766834603,0.03477462657159469,-0.06419526360532812,-0.006561977844595216,-0.1123817542321266,0.1123817542321266,-0.0037135188496909555,1.1897599010938,0.8172062314974939,0.6980074744492502,-0.059534329708412104,0.044583084650514665,0.03236417355566945,-0.04444942478959102,-0.036554667981507305,-0.08901752464691282,-0.049983701116570765,-0.08901752464691282,-0.0013992489943873698,-0.025067288626873463,-0.01908272577403536,-0.0655945125997155,-0.045538085253494565,-0.006337425883011338,-0.0655945125997155,-0.2668144575522707,0.21323586082203305,0.9070565947931836,1.1529166394702368,-0.31462624280571816,-0.3415815042781002,0.009353686454298992,-0.1123817542321266,0.1123817542321266,0.036709413408525515,12284171224.882204,1.0015606828331374,0.05555555555555555,0.0,0.0,0.019770351602297884,0.8551290889221771,-0.010583144930827126,-0.020542134555989633,-0.02369984498238764,0.9947538508437521,0.01906579726125268,0.04354105345954132,-0.021013334357660285,-0.055479507286279706,-0.3060226297526212,0.24584317207348147,0.7867495044654526,0.011020736024681869,-0.0611142542753913,-0.08662633629178573,0.08662633629178573,0.02970191195810523,0.5714285714285714,0.7777777777777778,12303342920.032198,23.23313684459643,0.07936507936507936,0.0,0.0,0.021472880570281194,-0.017223192960405975,-0.06934331516093162,-0.20333935827056207,-0.039329287398935375,0.5,0.000551752867660793,-0.045538085253494565,0.06181520766834603,0.009053207765474691,-0.039329287398935375,-0.0007225532245714872,0.19341699380502653,0.009376391885724885,-0.03776310555028273,0.03776310555028273,0.029031290418426448,10369917092.749023,0.013234800933169755,0.02173337061130627,0.01133307773297898,-0.048382495164410066,-0.059257086716704155,-0.03617387556598206,0.23682873612221145,2.0,8.0,2.0,1.0,1.0,63.0,126.0,0.47202268431001887,0.06919119500662885,0.23073217897426046,0.1412056914241986,0.23073217897426046,0.7452830188679245,0.4766177326289938,0.8917236858277389,0,0,0,0,0,0
recent_month_non_top10_control,2026-03-31,ABBV,214.1760406494141,-0.1639671210468232,0.07286161507538824,0.9262972361184887,0.9440909322885436,0.1999117264480763,0.04952654349572039,-0.04629694933053696,0.009142227635102529,0.05179997087397914,-0.006058451562351408,-0.03442531514549518,-0.05151647460438913,-0.010123073764554902,0.0058131826226903716,-0.17219670141478996,-0.09640566697648578,0.09640566697648578,-0.00595462887673015,1.0209737327906407,1.599924927273296,1.494670173059649,0.005503021543442177,0.0276480872361635,0.04430384008736166,-0.024989270290484922,-0.04620426335488592,-0.037154721695434434,-0.025982883160843073,-0.04629694933053696,0.005503021543442177,0.0034695035861873613,-0.008889156618441807,-0.04048376670784659,-0.016130820641631627,0.018773320008857564,-0.04048376670784659,-0.1464994085051428,0.2688608373456364,0.9629719607691715,1.0278210205204346,0.036617153689776805,-0.02855109608421902,0.01213292652110653,-0.09640566697648578,0.09640566697648578,0.061289232567833585,1444411642.8666978,1.0884088390151576,0.0873015873015873,0.007936507936507936,0.007936507936507936,0.02328998755855508,1.2584015059374511,-0.07582393418850053,-0.01028638821017458,-0.019115266134092535,1.0158701524414504,0.04067087224049604,0.045167098314411736,-0.02475221968239394,-0.03712751677447701,0.08640205646566734,0.2763408202185706,0.9369062721460718,0.012892404092511587,-0.08682286042253728,-0.07917357444103679,0.07917357444103679,0.061289232567833585,0.30158730158730157,0.09523809523809523,1572110399.272519,21.175684757668463,0.09523809523809523,0.0,0.015873015873015872,0.02563867782419756,-0.017769767217810872,-0.07683251911467515,-0.2428155398180363,-0.06286626604820633,0.5,-0.007011557563363672,-0.06286626604820633,0.04430384008736166,-0.014483770883796265,-0.06286626604820633,-0.0012238355788770638,0.2589054477127688,0.011899941279365656,-0.07917357444103679,0.07917357444103679,0.061289232567833585,1614588924.726795,0.04157888358997508,0.026070146842729996,0.027534494105270202,-0.048382495164410066,-0.059257086716704155,-0.03617387556598206,0.23682873612221145,1.0,3.0,1.0,1.0,0.0,63.0,126.0,0.5878071833648393,-0.020308286242734175,0.00936247817346536,0.16661747258400572,0.16661747258400572,0.6415094339622641,0.4766177326289938,0.8917236858277389,0,0,0,0,0,0
recent_month_non_top10_control,2026-03-31,ABNB,126.27999877929688,-0.17973849882862458,0.057090237293586865,0.995263592377518,1.013769460903049,-0.045791126842117724,-0.03255956515548586,0.04002636043190577,0.03938214529646622,-0.042081063564111676,0.1177730461819031,-0.18732802965154838,0.04216770568105255,0.07620023599788783,-0.10958134390155105,0.13041947681574265,-0.11170515246015766,0.11170515246015766,0.009681388419669146,1.004116255715489,0.6654631872400714,0.5496219227822854,-0.002054703132205904,0.0407390551287519,-0.07547023062006297,-0.01356967315351354,-0.0894694814007595,0.07940850572837199,0.03912672100935729,-0.002054703132205904,0.07940850572837199,0.16009918539142132,-0.01768784163692938,-0.06955498346964528,-0.04678754823461484,-0.010297896752941127,-0.06955498346964528,-0.190038149131987,0.306904776872056,1.178274898084224,1.1925698118580148,-0.4392244364084019,-0.47587345743538545,0.014017765509706855,-0.09845083046938286,0.09845083046938286,0.13214988114382908,594905680.7234325,0.99170749134941,0.1111111111111111,0.007936507936507936,0.023809523809523808,0.028184257267668107,1.0011355103386386,-0.06303991839320722,0.019999503167260846,-0.01905113799529612,1.1026854093085412,0.04436890863267462,0.09050284700016059,-0.023884953656306496,0.03938615416228508,-0.1989830309779902,0.3660053720126338,0.9880133526510122,0.01706665316342165,-2.3293645829092213e-05,-0.09845083046938286,0.09845083046938286,0.08899620365904348,0.8412698412698413,0.5079365079365079,589972420.2197484,20.195586350076177,0.15873015873015872,0.015873015873015872,0.047619047619047616,0.03234573445245473,-0.029583318490381427,-0.042080192114095416,-0.18072699352426727,-0.06535416913008418,0.5,0.009837308620064414,-0.07547023062006297,0.16009918539142132,-0.016971673965674117,-0.06535416913008418,-0.03118647378146233,0.36161819469048323,0.01676818778393639,-0.07044539487857326,0.07044539487857326,0.027752876670377402,490170643.24533373,-0.019679389996218766,0.034489660684064526,-0.00585716281852644,-0.048382495164410066,-0.059257086716704155,-0.03617387556598206,0.23682873612221145,1.0,3.0,1.0,1.0,0.0,63.0,126.0,0.5602079395085067,0.11149827341749274,0.0556699306877837,0.13319613150785314,0.13319613150785314,0.5811320754716981,0.4766177326289938,0.8917236858277389,0,0,0,0,0,0
recent_month_non_top10_control,2026-03-31,ABT,101.30734252929688,-0.4483141302103929,-0.21148539408818146,0.8575858812774386,0.8721598421970703,-0.23451076228882195,-0.2186873131382836,-0.22615412606690743,0.026697831523531557,0.06089021579570819,-0.060421731255828504,-0.1159684645631901,-0.07294546928657519,-0.18998025050092537,0.04976393024788883,-0.9684465390453898,-0.24598651418341166,0.24598651418341166,-0.03404323557558164,1.6751723857175256,2.9409901491875456,2.245838125051531,-0.16526391027119924,0.030521882122839288,0.04271145227814088,-0.12828316211323743,-0.12748024167164262,-0.19945629454337588,-0.1969581102938275,-0.22615412606690743,-0.16526391027119924,-0.028006100227637276,-0.05995927807452084,-0.1763901958190186,-0.12320489515603361,-0.11713310910231445,-0.1763901958190186,-0.6366337454166907,0.2335225714057799,0.8834381843740255,1.1864677093753184,-0.059788563699152864,-0.17033512364139103,0.010078120757695961,-0.22989130775196365,0.22989130775196365,0.007754175956013354,1013332578.3737425,1.212809794122105,0.023809523809523808,0.0,0.007936507936507936,0.019943740927062806,1.3335298278707852,-0.09964962627857366,-0.02151715440473767,-0.0684824878855671,0.9993020437024381,0.06450134868134816,0.0799088254116441,-0.060658756383510815,-0.04311808855991439,-0.1361012618384143,0.2770669903832499,0.7445952194005857,0.011346295828645112,-0.08176568657373173,-0.19243953630528043,0.19243953630528043,0.007754175956013354,0.9206349206349206,0.015873015873015872,1228979675.7546804,20.92945013098567,0.031746031746031744,0.0,0.015873015873015872,0.02069242686509784,-0.0651150802094812,-0.10090786585815903,-0.5699210163101714,-0.11757627664812365,0.3333333333333333,-0.039086656726480117,-0.12320489515603361,0.06450134868134816,-0.06919378148371358,-0.11757627664812365,-0.045804571985637366,0.20630275649307592,0.01142213210037651,-0.09629438362786469,0.09629438362786469,0.007754175956013354,1326520403.2921565,-0.02031511198938518,0.023974179706463917,-0.008862065142817399,-0.048382495164410066,-0.059257086716704155,-0.03617387556598206,0.23682873612221145,1.0,3.0,1.0,1.0,0.0,63.0,126.0,0.4009451795841209,-0.11016280685942059,-0.1610302355165727,-0.11065284508345641,-0.11016280685942059,0.01509433962264151,0.4766177326289938,0.8917236858277389,0,0,0,0,0,0
recent_month_non_top10_control,2026-03-31,ACGL,95.98999786376952,-0.23880422417381675,-0.001975488051605301,0.9478741199649706,0.9679330420908172,0.05425584455174115,0.04872718391733932,0.05797414650303723,-0.03593411525111323,0.05417972418389283,0.05720263000095116,-0.056472858356242606,-0.04871603256699386,0.09414802206901929,-0.05724437485832867,0.300336286110484,-0.05873705918795513,0.05873705918795513,0.014331193679139265,1.0640729008673446,0.8138311632318702,0.8151548457830857,0.11215387068693006,0.04536372855274179,0.08817055759021808,0.013007932735698668,-0.04638116396863634,0.022040031251923997,0.0640560161472971,0.022040031251923997,0.11215387068693006,0.021294719324870037,0.0006172678318503433,0.0007297716447085545,0.0012510711934194951,0.05998685836141271,0.0007297716447085545,0.0035327050686621998,0.1930307764467408,0.9088546987468865,1.0701706740455288,-0.053458128965486185,-0.09277532906384034,0.009084533701501625,-0.05873705918795513,0.05873705918795513,0.1330263984971749,196273581.19136265,0.9702190248677135,0.031746031746031744,0.0,0.0,0.018827862760180836,1.1615984979567795,-0.04079234678537147,-0.009218875810108496,-0.003117678378459665,0.9762538484176321,0.04279467483519239,0.05194647813143161,-0.0005206481807701335,-0.04397207436725625,-0.03538673188627328,0.20657587614154038,0.8492614503359309,0.00969275540660686,-0.055249156497185314,-0.05873705918795513,0.05873705918795513,0.058907846089402804,0.5873015873015873,0.7936507936507936,190428362.55077785,19.06478663745575,0.031746031746031744,0.0,0.0,0.020166809607120213,-0.0020619498586615936,-0.05392471009790378,-0.23676730905495338,-0.04153772939318867,0.6666666666666666,0.010542876830586245,-0.04871603256699386,0.08817055759021808,0.006844765771221395,-0.04153772939318867,0.01459689312063328,0.1754369281763802,0.009006165191505872,-0.04468556273046986,0.04468556273046986,0.04144515320291342,173756185.66945395,0.024363143772648144,0.018379894577804496,0.015831667785930703,-0.048382495164410066,-0.059257086716704155,-0.03617387556598206,0.23682873612221145,1.0,3.0,1.0,1.0,0.0,63.0,126.0,0.13922495274102079,-0.01593914796693985,-0.06927806723484542,0.011146991547419383,0.011146991547419383,0.21132075471698114,0.4766177326289938,0.8917236858277389,0,0,0,0,0,0
recent_month_non_top10_control,2026-03-31,ACN,194.28643798828125,-0.5950202703989587,-0.3581915342767472,0.8323869478531057,0.8569352087075421,-0.3332606519582183,-0.2372581237340432,-0.19590428115761682,-0.010935725819185338,-0.011252849138297383,0.08799677370381698,-0.3489360170206538,0.0141930382025095,-0.15973040559163476,-0.06503496215922,-0.5319577302743109,-0.38342959369977225,0.38342959369977225,-0.03789092270119043,1.498869081139966,2.5009123162696403,1.5873869055436458,-0.2071571302959142,0.006407252142705192,-0.00039982263591398226,-0.18439954688616034,-0.28962579746519945,-0.20684000697680216,-0.20330047281011107,-0.2071571302959142,-0.19590428115761682,0.07319998504970981,-0.12152270278394517,-0.2609392433168368,-0.017368521804886794,-0.20168215660013267,-0.2609392433168368,-0.5833952162457858,0.3682703906879899,0.9020856389949432,1.2145341549319202,-0.12888905704160514,-0.17241959366231785,0.016759154852242213,-0.31278162163760914,0.31278162163760914,0.03545692679310153,1229633204.0072608,1.178748668818273,0.16666666666666666,0.007936507936507936,0.015873015873015872,0.03121958895334732,1.5010974682168858,-0.03614752664108445,-0.1570747653257526,-0.1113045012607683,0.9474831821969003,-0.20831441123974725,0.09573021017771949,-0.2478759605374521,-0.10124075583668779,0.02105989307447831,0.4472769677406859,0.7427420919632424,0.02109381006969096,-0.055552362852823944,-0.31278162163760914,0.31278162163760914,0.03545692679310153,0.8253968253968254,0.38095238095238093,1449428502.3583064,21.094435180072075,0.25396825396825395,0.015873015873015872,0.031746031746031744,0.038016608374998026,-0.022685198429140296,-0.032773760963981324,-0.15042013703068904,-0.049971288930061974,0.3333333333333333,-0.03144350355973178,-0.20831441123974725,0.07319998504970981,-0.001588793765651908,-0.049971288930061974,-0.011402076350089607,0.33221143070669273,0.016273907469391776,-0.07772093834511873,0.07772093834511873,0.03120297116544779,1567526900.212315,0.006854921120858837,0.03962810735575024,0.014634443943054132,-0.048382495164410066,-0.059257086716704155,-0.03617387556598206,0.23682873612221145,1.0,3.0,1.0,1.0,0.0,63.0,126.0,0.7127599243856333,-0.0911013295157781,-0.04858327607942847,-0.3671123517956365,-0.04858327607942847,0.07924528301886792,0.4766177326289938,0.8917236858277389,0,0,0,0,0,0
recent_month_non_top10_control,2026-03-31,ADBE,243.0800018310547,-0.6030321553991073,-0.3662034192768958,0.9394210712692433,0.9329688847554215,-0.37169148375945515,-0.31853099660122997,-0.3109000656809222,0.07021658747973669,0.025189988324766377,-0.007824265813253017,-0.2976415800291574,-0.0352657758792525,-0.27472619011494015,0.005434219838511778,-0.9380884517982526,-0.42217360924412495,0.42217360924412495,-0.05744214731067809,1.2885858266529604,1.1623192514885172,0.5018045723512496,-0.28571007735615583,0.0355722253557551,-0.059298853458769285,-0.19107614132893969,-0.282868440475066,-0.24068347820118552,-0.27909787374608785,-0.3109000656809222,-0.24068347820118552,0.09327456001037171,-0.11319371604195905,-0.30546584584241043,-0.16211889430431536,-0.24620875912570628,-0.30546584584241043,-0.8202388409798295,0.3314187111939686,1.2370540834606514,1.1236868640828865,-0.10244792279628101,-0.16856462205960276,0.015080572555248578,-0.3246089317948967,0.3246089317948967,0.03508774323649799,1470441870.998407,1.0814900194576589,0.12698412698412698,0.007936507936507936,0.031746031746031744,0.028174196078829386,1.190147774709674,-0.0443833320221817,-0.0650749942799147,-0.08912267762059511,0.995778874367294,-0.10516622792119568,0.08568282214342705,-0.17108268770313828,-0.030800436826034394,-0.10784358326130328,0.3724108522799424,1.1008886220898302,0.017553906849529028,-0.06177833562873036,-0.31043092367030245,0.31043092367030245,0.03508774323649799,0.9841269841269841,0.031746031746031744,1590268207.6774235,21.187168523655668,0.1746031746031746,0.0,0.047619047619047616,0.03138555288457615,-0.05449697608211834,-0.07575792969389095,-0.17967423173280628,-0.07366335719405293,0.16666666666666666,-0.057039758124535676,-0.16211889430431536,0.09327456001037171,-0.02528086202964286,-0.07366335719405293,-0.0502368642513642,0.4099828700177651,0.018585918762804837,-0.14293771237596387,0.14293771237596387,0.03508774323649799,1680970536.485799,0.0028756210106428703,0.03740684631574939,0.015219099132917302,-0.048382495164410066,-0.059257086716704155,-0.03617387556598206,0.23682873612221145,2.0,8.0,2.0,1.0,1.0,63.0,126.0,0.6755198487712666,0.01242391085120964,0.06635671179249902,-0.15657395619507286,0.06635671179249902,0.3905660377358491,0.4766177326289938,0.8917236858277389,0,0,0,0,0,0
recent_month_non_top10_control,2026-03-31,ADI,317.2709655761719,0.36476723148610724,0.6015959676083187,0.9750807126144218,0.9963155108323309,0.35085248701002825,0.2794154702017235,0.3034729865934429,-0.09648071418327575,0.0644136335223684,0.1076836353838635,0.0690720238633089,-0.04708989222872506,0.33964686215942497,-0.1267173273462705,0.9625770534464826,-0.1154763090822325,0.1154763090822325,0.06097470940075267,1.14020930671484,1.3931542799709642,1.8161578424074243,0.3678866201158113,0.08097801709568431,0.13330188716483193,0.08051238289467588,-0.0724613214069535,0.20699227241016716,0.2927839597064738,0.20699227241016716,0.3678866201158113,0.02569489504927369,0.044665977367363,0.1767556592471724,0.14631267187821173,0.23601274596387656,0.1767556592471724,0.546859671947807,0.3152713702314694,1.1716572616237746,1.0252101465337808,-0.2984859644815452,-0.3707566743056031,0.015274614551830514,-0.1154763090822325,0.1154763090822325,0.42212836209974935,1105703108.6679125,1.1641805142667576,0.14285714285714285,0.015873015873015872,0.007936507936507936,0.02645551481076434,1.175308619405202,-0.10159051735396407,0.0017081080859697728,-0.01516246456681336,1.1591879696917906,0.1444608718603304,0.10823197125506202,0.02655731557000096,-0.0642391321027147,-0.13129518275792185,0.32321940767291063,1.1428459478138497,0.01542723211228824,-0.10867344426703529,-0.1154763090822325,0.1154763090822325,0.1767556592471724,0.38095238095238093,0.9682539682539683,1287238013.6753628,20.97576468604925,0.15873015873015872,0.015873015873015872,0.0,0.02781661803219405,-0.02805188162179284,-0.11824644626206715,-0.2788950671263225,-0.10302104614435292,0.6666666666666666,0.04994323126326163,-0.10302104614435292,0.14631267187821173,-0.05463855097994286,-0.10302104614435292,0.008477950297947068,0.36938999031377867,0.017954684730305585,-0.0684314346052054,0.0684314346052054,0.0496205344229812,1256828810.9126499,0.017523776731588114,0.031205928774346386,0.016987069224576157,-0.048382495164410066,-0.059257086716704155,-0.03617387556598206,0.23682873612221145,1.0,3.0,1.0,1.0,0.0,63.0,126.0,0.6963137996219281,0.2644119297810239,0.30084236416006216,0.25183220817720864,0.30084236416006216,0.8075471698113208,0.4766177326289938,0.8917236858277389,0,0,0,0,0,0
recent_month_non_top10_control,2026-03-31,ADM,72.21388244628906,0.3306317002825063,0.5674604364047178,0.9192101135772881,0.9186765221911085,0.41130421933712125,0.17903997962107776,0.2362748246822428,-0.03051449310515153,-0.016135028112825633,-0.029553602087499575,0.3034774657254691,0.013223917585666323,0.2724487002482249,0.03764903895572669,0.8573044020212045,0.0,-0.0,0.031199259497054266,1.2918106253228587,1.5438188109468385,2.2406314880363425,0.22013979656941718,0.01526566100289328,0.011925641120999586,0.14163963699571136,0.0852876510527667,0.20576033157709128,0.22072498427625042,0.20576033157709128,0.2362748246822428,-0.05350675500043023,0.06766263230999425,0.2739238636379695,0.1708121626038539,0.33318095035467366,0.2739238636379695,0.9601248580651538,0.2756020196854172,1.2426108805351337,1.0351892631008333,-0.1947182888211746,-0.1521447534048208,0.013131802049011626,0.0,-0.0,0.3188403111360367,230236323.77654183,1.1633494300521492,0.0873015873015873,0.007936507936507936,0.007936507936507936,0.028494854134671416,1.1438998514746446,0.0,0.030916313382585825,0.06049212988654151,1.3309531817151947,0.03343310992710635,0.0742268121898139,0.08806852570167889,0.034383653546583126,-0.16005733397037747,0.2853002516672484,1.2003707194691957,0.014739499178827067,0.03476236341744299,0.0,-0.0,0.2739238636379695,0.0,0.9682539682539683,267845296.04274204,19.40592012196178,0.09523809523809523,0.015873015873015872,0.0,0.030628557747195993,0.04643626345162466,0.0559817793730788,0.154374062355384,0.05286787819138716,0.8333333333333334,0.03812599240476385,-0.05350675500043023,0.1708121626038539,0.10125037335579723,0.05286787819138716,0.03661444896865684,0.34246606835855753,0.017706895171160815,0.0,-0.0,0.09853409137596891,320727460.2302915,0.029938888544495557,0.03360651860645875,0.007735761564627408,-0.048382495164410066,-0.059257086716704155,-0.03617387556598206,0.23682873612221145,1.0,3.0,1.0,1.0,0.0,63.0,126.0,0.39073724007561433,0.02545054958058013,0.1047737093852461,0.057968342620317914,0.1047737093852461,0.49433962264150944,0.4766177326289938,0.8917236858277389,0,0,0,0,0,0
recent_month_top_future_return,2026-03-31,ALAB,109.5999984741211,0.5999401902619925,0.836768926384204,0.9081745503748321,0.9645395557599284,0.2121212197918747,-0.3984632255221424,-0.4402451646277584,0.13580899898492926,0.027346100851118105,-0.15035751778626927,-0.1908302793283374,-0.04657819322692136,-0.40407128906177636,0.09905736751315175,-0.46945325355995315,-0.5648721758397908,0.5648721758397908,-0.07796945321873017,0.9196342888220312,1.093295058437564,0.37908832873835974,-0.4128990637766403,0.07182860816860454,-0.15593521798621246,-0.2606534165718791,-0.15396363259870371,-0.30443616564282916,-0.385860131349076,-0.4402451646277584,-0.30443616564282916,0.05578468539413328,-0.13009923372331644,-0.3411877971146067,-0.09461412259807755,-0.2819307103979025,-0.3411877971146067,-0.35573321455712426,0.9377827532119455,0.929166967843184,1.0227437439820029,-0.010084359546203792,-0.08697508195366377,0.04375468116582505,-0.513818027613786,0.513818027613786,0.09304878970193764,866499808.5000538,0.8470057170333629,0.5476190476190477,0.15873015873015872,0.14285714285714285,0.0743488038130191,1.063614769128188,-0.04918209328602696,-0.1934110890589965,-0.19574391500097488,0.6791849834589045,-0.21106091034858365,0.09197677574984141,-0.27234097711363914,-0.15008830836623954,0.05303874241861606,0.9591114440617357,0.9085041813362924,0.044490533295847526,-0.07431527901623047,-0.415996165911099,0.415996165911099,0.09304878970193764,0.5555555555555556,0.015873015873015872,733930291.6078597,20.413924612869828,0.5714285714285714,0.14285714285714285,0.15873015873015872,0.07380872022647035,-0.09488686459906026,-0.10364967816272763,-0.08914146180957559,-0.07767401510315752,0.16666666666666666,-0.08834629564480322,-0.21106091034858365,0.05578468539413328,-0.029291519938747457,-0.07767401510315752,-0.07983251999777785,0.8713567572975763,0.04230470967224794,-0.1408638493665545,0.1408638493665545,0.09304878970193764,551953136.365618,-0.0636040327543439,0.07574882553116848,-0.01487575233935523,-0.048382495164410066,-0.059257086716704155,-0.03617387556598206,0.23682873612221145,1.0,4.0,1.0,0.0,1.0,63.0,126.0,0.8879017013232514,0.7768248923757639,2.128193529897447,3.4071167494379413,3.4071167494379413,1.0,0.4766177326289938,0.8917236858277389,1,1,1,1,1,1
recent_month_top_future_return,2026-03-31,AMD,203.42999267578125,0.7432179536346246,0.9800466897568361,1.0823585118887127,1.1525575451396768,0.43361523203575913,0.2508761395067798,0.2573706725854561,-0.32218934671150756,-0.4630945654712809,0.32369128221272514,-0.3737940595887349,0.5830397783886911,0.29354454815143816,-0.30747344996146586,0.36519742210172496,-0.23039381451273533,0.23039381451273533,-0.03629148286183059,1.052205614004069,1.4056197275972622,1.2850914979341193,-0.20572389288582482,0.23738745838016315,-0.15067154878022626,-0.06087749813229304,-0.02681218727734158,-0.06481867412605147,-0.004390631475473398,-0.20572389288582482,0.2573706725854561,-0.015492093670292695,-0.026284132883675038,-0.050102777376009766,0.10538845573162892,0.009154309340694389,-0.050102777376009766,-0.07821773145180472,0.7047439467241531,0.8125139380944135,0.9089191021699093,0.3514997253484242,0.37323595229622164,0.029653456248467918,-0.23039381451273533,0.23039381451273533,0.2573706725854561,10119157040.119291,0.7950733863484255,0.35714285714285715,0.1111111111111111,0.05555555555555555,0.04507743847031026,1.377221130189146,0.012399823061972737,-0.09049997348921957,-0.043658079485596746,0.8505894261146626,-0.15426853239039462,0.2732966698206096,-0.14066659761226008,-0.035467926039733255,0.11691452561345961,0.6405552353161956,0.8939342744086434,0.028176222022488377,0.004471747358342659,-0.2166127602684813,0.2166127602684813,0.06535740207904706,0.7301587301587301,0.31746031746031744,8045472454.879155,22.80837534231392,0.3492063492063492,0.1111111111111111,0.047619047619047616,0.04343336319050039,0.009290956062544264,-0.001664695115217829,0.028087043322615576,0.016083042075494047,0.5,0.06401318355915009,-0.15426853239039462,0.5830397783886911,0.06446553723990411,0.016083042075494047,0.009999171249934102,0.5726142795010412,0.02814493330809865,-0.07645167871268377,0.07645167871268377,0.06535740207904706,6872926551.551528,-0.0026034751010977075,0.04624617338175136,-0.008142405286293286,-0.048382495164410066,-0.059257086716704155,-0.03617387556598206,0.23682873612221145,2.0,8.0,2.0,1.0,1.0,63.0,126.0,0.9574669187145557,0.7425650248110034,1.536990582349759,1.8555768277019151,1.8555768277019151,0.9905660377358491,0.4766177326289938,0.8917236858277389,1,1,1,1,1,1
recent_month_top_future_return,2026-03-31,DELL,163.35379028320312,0.597257024579245,0.8340857607014565,1.1028976946472187,1.1621515445536472,0.35490754262865276,0.3543627167603547,0.16692814459960403,0.06927758726444688,-0.14941035084040544,-0.10891933875386373,0.41848444924308426,0.14683807178291408,0.2031020201655861,0.1426369658896165,0.28397002099907764,-0.10803751997438482,0.10803751997438482,0.003921485807401703,1.6175178038238864,3.687322692005332,5.138354259054593,0.017517793759198597,0.11176407540588032,-0.1769025433777086,0.23747814514864252,0.12849817807791042,0.23620573186405092,0.14021722340761786,0.017517793759198597,0.23620573186405092,-0.056018122380921076,0.11610017742236423,0.30956511048922053,-0.08690285529748554,0.3688221972059247,0.30956511048922053,0.46866356163117584,0.5878372090557624,0.9040476735448588,1.1236569603619664,-0.5903374398069041,-0.5459352130741897,0.026238457759799817,-0.10803751997438482,0.10803751997438482,0.4777167565788809,1100629001.5792847,1.0747077564027574,0.3333333333333333,0.05555555555555555,0.05555555555555555,0.04236837671250055,1.1664367783503329,-0.10803751997438482,0.22956523723571665,0.2080391773338368,1.3998829228713234,0.29395318167891604,0.17489142890652137,0.4342012983907366,0.284450241535652,-0.2897400041433603,0.6605273715152598,0.8045584243554507,0.02744922780079823,0.3222167653830934,-0.10803751997438482,0.10803751997438482,0.4777167565788809,0.06349206349206349,0.7777777777777778,1182854524.91908,20.89119644389857,0.3492063492063492,0.047619047619047616,0.06349206349206349,0.04421166872345249,0.10818780480434675,0.2912777051127202,0.2039529867979548,0.10838731933859247,0.5,0.038225841957384564,-0.1769025433777086,0.29395318167891604,0.15676981450300254,0.10838731933859247,0.04063175803041941,0.5314328612699648,0.026256465923534002,-0.10803751997438482,0.10803751997438482,0.14137692510097555,1536042653.2419841,-0.014571582749759115,0.0535725070350931,-0.04623268309219941,-0.048382495164410066,-0.059257086716704155,-0.03617387556598206,0.23682873612221145,2.0,7.0,2.0,1.0,1.0,63.0,126.0,0.8821361058601134,0.2770152763696303,1.5724264246390236,1.6369036109667934,1.6369036109667934,0.9886792452830189,0.4766177326289938,0.8917236858277389,1,1,1,1,1,1
recent_month_top_future_return,2026-03-31,FLEX,65.45999908447266,0.7420103044192079,0.9788390405414193,0.9589486551318704,0.9910665389551906,0.3112981066813141,0.2208131366736621,0.1292047215119705,-0.021777917104036648,-0.08217979180655344,0.04226318607299273,0.04115291899597118,0.07848885874157241,0.16537859707795255,-0.04578861644300658,0.250850620419735,-0.09184243310784568,0.09184243310784568,0.006472696142924672,1.0713427539080285,1.1123773659696758,1.2885836582747037,0.04702492970541705,0.04257578013052588,-0.054542543545177735,0.03536139235693403,0.09664053411003526,0.10742680440793384,0.09455215187510713,0.04702492970541705,0.1292047215119705,0.022162029184014997,0.006818304146653631,0.08341610506896391,0.043363171565415026,0.14267319178566806,0.08341610506896391,0.148479188262862,0.5150663821192832,1.3305675546464582,1.0907396938853087,0.06476185718924055,0.1059871420264733,0.02518964407988231,-0.09184243310784568,0.09184243310784568,0.20088059255385904,275688270.0681323,0.8348496307977951,0.3412698412698413,0.07142857142857142,0.06349206349206349,0.044993166135524565,1.2213373059072938,0.0605694710860305,-0.0024711423598454685,0.020026543742096337,1.1852933227472557,-0.00031726614012062004,0.04534505545786117,0.038388295269666584,-0.001637662396352102,0.06046233955756031,0.5618033479634005,1.219876348230128,0.027474893528597194,0.006170372013336145,-0.06512421846917205,0.06512421846917205,0.11269755306922624,0.06349206349206349,0.6031746031746031,230158250.48166305,19.254277680209917,0.36507936507936506,0.07936507936507936,0.07936507936507936,0.04878819069426933,0.01988563135332111,0.010238611679777021,0.05649513437288089,0.03871784527111011,0.6666666666666666,0.021312015846135696,-0.054542543545177735,0.07848885874157241,0.08710034043552017,0.03871784527111011,0.02264471182602268,0.6853306165370529,0.03340552746207019,-0.06512421846917205,0.06512421846917205,0.0926389459388437,219179974.60750398,0.006101762553361922,0.05615204982912784,0.005190242341585938,-0.048382495164410066,-0.059257086716704155,-0.03617387556598206,0.23682873612221145,1.0,3.0,1.0,1.0,0.0,63.0,126.0,0.6635160680529301,0.3985640747354331,1.303391397618617,1.475863269033597,1.475863269033597,0.9849056603773585,0.4766177326289938,0.8917236858277389,1,1,1,1,1,1
recent_month_top_future_return,2026-03-31,INTC,44.130001068115234,0.706368218838827,0.9431969549610384,1.0875230482690923,1.1355314993983714,0.9700893669484232,0.8123203440151905,0.3153502852950183,-0.22733254431991368,-0.21182442343245977,0.099851039195191,0.09608389964663377,0.19195238711935314,0.35152416086100036,-0.11941534645319352,0.4807991026468609,-0.18759202290054355,0.18759202290054355,0.03414745414816234,1.0965042517903647,0.8494993663233361,1.211880911551893,0.10352586186255852,0.12701061234067504,0.014253555161292786,0.034773863150985296,-0.03082792192299244,0.08801774097510462,0.1689646293775605,0.08801774097510462,0.3153502852950183,-0.09023667957324677,0.04216650090602103,0.19593493884182478,0.2593495745010346,0.25519202555852893,0.19593493884182478,0.25354355462900985,0.6558878408028934,1.0589841819345611,1.1782290629837904,0.2012890912574754,0.16230844487811424,0.030119960124901785,-0.18759202290054355,0.18759202290054355,0.3153502852950183,4214000683.0652995,1.1576076021444466,0.40476190476190477,0.11904761904761904,0.0873015873015873,0.050198309781387056,1.1052148132226178,-0.02724594165226668,-0.047958356126639234,-0.04589145313040621,1.0463164122471742,-0.018506576022391363,0.13879043342016403,-0.05035506974648807,-0.04155695363847345,-0.012632010118041603,0.7727861160916546,0.8987931253815373,0.03599108282584838,-0.023568583567252666,-0.18759202290054355,0.18759202290054355,0.19593493884182478,0.746031746031746,0.9682539682539683,4878159226.158281,22.308033778101272,0.49206349206349204,0.1746031746031746,0.12698412698412698,0.05456298581139803,-0.01896996236695847,-0.04286274411146307,-0.04671780720907658,-0.03244901386606058,0.5,0.05406054121999696,-0.09023667957324677,0.2593495745010346,0.015933481298349483,-0.03244901386606058,-0.018253386491658863,0.6945748485334777,0.03606193021032687,-0.08024173636625354,0.08024173636625354,0.07137660935729828,3890894572.3117647,-0.0035675275064670497,0.05789712147873572,0.0041869831168093175,-0.048382495164410066,-0.059257086716704155,-0.03617387556598206,0.23682873612221145,1.0,3.0,1.0,1.0,0.0,63.0,126.0,0.9551039697542534,1.140947225700323,1.5986856453541822,2.1640607637260594,2.1640607637260594,0.9943396226415094,0.4766177326289938,0.8917236858277389,1,1,1,1,1,1
recent_month_top_future_return,2026-03-31,IONQ,28.82999992370605,0.06946942075846874,0.3062981568806802,1.115925138625231,1.1966453178297511,-0.3290668116198322,-0.3254562753508,-0.531219513435674,0.11600653919354709,-0.006613134367178586,-0.270406521432768,-0.08707062120163134,0.014308960457158237,-0.4950456378696919,0.17374237080127464,-0.559964147232663,-0.6488000827160609,0.6488000827160609,-0.13777696215213298,1.2680231383988314,1.0240360234327182,0.30048940918689815,-0.5378326478028526,0.0689647676063187,-0.20968261633679852,-0.3248986659262765,0.019253649709575105,-0.4152129742421269,-0.49475504516021784,-0.5378326478028526,-0.4152129742421269,-0.08985801975115637,-0.15620008330820112,-0.35747714263439934,-0.1089814911088306,-0.2982200559176952,-0.35747714263439934,-0.40358074604891514,0.9486670103094196,0.5993481758309702,0.9336928664141876,-0.19533585461826175,-0.3954008888260091,0.04629615664307942,-0.6488000827160609,0.6488000827160609,0.08424218722316001,1179361784.9965534,0.6854095297376473,0.626984126984127,0.14285714285714285,0.21428571428571427,0.07990688109476009,1.1899351887152114,-0.13484507768024812,-0.13402641347515376,-0.19746351325808842,0.568255178760532,-0.040270150795041926,0.09978780933349828,-0.2788894383740803,-0.05792960540576586,-0.08211162687419371,0.8857636201283796,0.6419114865177715,0.040072847115878135,-0.11408968414725384,-0.4341511385280151,0.4341511385280151,0.08424218722316001,0.8571428571428571,0.015873015873015872,808345806.44504,20.51050050443945,0.5238095238095238,0.1111111111111111,0.15873015873015872,0.07441099518285275,-0.13688664995253164,-0.20826040133390433,-0.43728396901264727,-0.24863172462199756,0.16666666666666666,-0.11385250702611112,-0.24863172462199756,0.014308960457158237,-0.2002492294575875,-0.24863172462199756,-0.11668735330210112,0.5685818420999709,0.02826179180736417,-0.2235389417086947,0.2235389417086947,0.08424218722316001,677540861.0126314,-0.05790472188451934,0.06901294618204253,-0.004007461656467481,-0.048382495164410066,-0.059257086716704155,-0.03617387556598206,0.23682873612221145,1.0,4.0,1.0,0.0,1.0,63.0,126.0,0.9007561436672967,0.565036387488296,1.4998265655756455,0.847381146808089,1.4998265655756455,0.9867924528301887,0.4766177326289938,0.8917236858277389,1,1,1,1,1,1
recent_month_top_future_return,2026-03-31,MRVL,98.9760284423828,0.377283143364604,0.6141118794868154,1.1380598238058777,1.198946582020551,0.28253343384288354,0.5776507705177818,0.17981326681579013,-0.07107415743517898,-0.12240686996070771,0.011493574453363742,0.1549135057432558,0.1157614237295781,0.2159871423817722,-0.01340618661917059,0.3054525430032762,-0.010765684047536861,0.010765684047536861,0.004710107311556522,0.9514248673530987,6.089492818733499,7.269234618773842,0.05740639685508242,0.06146818288611704,-0.04629827891090199,0.16049227811737588,0.1518961666576052,0.10873910938061115,0.11531959101716123,0.05740639685508242,0.17981326681579013,-0.04944068995730666,0.024738865887913963,0.16640708019661954,-0.07064264487069394,0.2256641669133237,0.16640708019661954,0.2657178518950671,0.5886782445738601,1.5858570745408138,1.063832077673485,1.5321717406116382,2.0702854670573854,0.02673538899443831,-0.010765684047536861,0.010765684047536861,0.34341508433192947,1534287149.148814,0.972488930207308,0.373015873015873,0.09523809523809523,0.047619047619047616,0.04509214433083673,2.332745061472893,0.1841438828491535,0.08427211572471416,0.18030766131223896,1.1826474430274685,0.03509880590843473,0.11216441604652148,0.25506843385807354,0.14040315188601693,0.8290052578835563,0.6262548000061896,1.4907024405665181,0.02564565364450046,0.16243581619898406,0.0,-0.0,0.34341508433192947,0.0,0.6031746031746031,1492077268.3065505,21.12343512646643,0.31746031746031744,0.07936507936507936,0.015873015873015872,0.04495469945944567,0.1438921603650185,0.19125020731719977,0.22763491866524194,0.2125107542333473,0.5,0.032831561688742926,-0.07064264487069394,0.2125107542333473,0.2608932493977574,0.2125107542333473,0.09867563033829896,0.9335595587857235,0.040422603036380914,0.0,-0.0,0.3088002053243699,2252261649.2977686,0.07029015454674847,0.05305400582015916,0.03636975539857912,-0.048382495164410066,-0.059257086716704155,-0.03617387556598206,0.23682873612221145,2.0,7.0,2.0,1.0,1.0,63.0,126.0,0.9136105860113423,0.6681743123749615,1.0706976790077478,2.0089763451529206,2.0089763451529206,0.9924528301886792,0.4766177326289938,0.8917236858277389,1,1,1,1,1,1
recent_month_top_future_return,2026-03-31,MU,337.7880554199219,2.660612641678286,2.8974413778004973,1.041252569153974,1.07575136384921,1.747656540419038,1.8428721881930277,1.0220547991251667,-0.5922574393697528,-0.5110458752951139,0.7075310798990713,-0.5233331329752084,0.3382149947862205,1.058228674691149,-0.8378568522013039,1.4642106577900997,-0.26800960764590864,0.26800960764590864,0.13730205957491215,1.8435450818747592,3.1853099500392634,3.9562354500765107,0.5110089238300528,0.3210742591375643,0.05679935238412459,0.009017829656714271,-0.23757170906864256,0.4297973597554139,0.6542870275702112,0.4297973597554139,1.0220547991251667,0.2073972628220928,0.10638850547887868,0.18419794692386282,0.45362808188767456,0.24345503364056698,0.18419794692386282,0.25245133563064914,0.6980244227068604,1.1313673137763687,1.0452892748701768,1.5669036326643146,1.1038558734793935,0.03524970477489688,-0.26800960764590864,0.26800960764590864,1.0220547991251667,10655983933.397226,1.444218563910529,0.48412698412698413,0.18253968253968253,0.07936507936507936,0.05419038249553362,2.2061447601469926,-0.20992373958471766,-0.002358803247843766,-0.1632348879616241,1.2824210796915159,-0.006049905538305755,0.23364580729192996,-0.18535011693908043,-0.022500387586772086,0.4400405668393499,0.7296374426529278,1.082348533535736,0.036274482124387684,-0.06979037035040025,-0.26800960764590864,0.26800960764590864,0.18419794692386282,0.14285714285714285,0.9682539682539683,15389569813.344612,23.456955832122226,0.5238095238095238,0.20634920634920634,0.07936507936507936,0.05681386294058621,-0.16564201306446158,-0.1594756226874542,-0.22842412855207883,-0.1803915633187605,0.6666666666666666,0.1449330371705077,-0.1803915633187605,0.45362808188767456,-0.13200906815435043,-0.1803915633187605,-0.15479975164092852,0.7897220160681611,0.04340108941229802,-0.26800960764590864,0.26800960764590864,0.049844732868448816,18755933612.43417,-0.12969024312493804,0.08106304605345327,-0.036916811661717674,-0.048382495164410066,-0.059257086716704155,-0.03617387556598206,0.23682873612221145,2.0,7.0,2.0,1.0,1.0,63.0,126.0,0.9746691871455576,0.5307836853293346,1.8741416175918282,2.4166766121833048,2.4166766121833048,0.9962264150943396,0.4766177326289938,0.8917236858277389,1,1,1,1,1,1
recent_month_top_future_return,2026-03-31,SNDK,635.3400268554688,12.107847145216267,12.344675881338478,1.0814759993942298,1.0850412911009384,13.009703378888197,11.108633734980403,4.66256723829102,-2.8170816133852425,-2.475189417495326,1.1156863755737514,0.5607817927082293,0.7765597794356938,4.698741113857002,-2.9860990700090393,4.037748302287378,-0.17711665122388487,0.17711665122388487,0.30800153707139266,2.4072369125361313,3.9480910917615537,12.24340830085943,2.1873778207956938,1.5372812441972832,0.12015249449774945,0.4625462233347184,-0.015618946402269351,1.8454856249057774,2.8984768946641637,1.8454856249057774,4.66256723829102,0.06314943649499427,0.3114328335734249,1.6764681682819806,1.427542287247309,1.7357252549986848,1.6764681682819806,1.4698788983997415,1.1547443994093647,0.9266335661316147,0.9877064548160179,0.13602662536659316,0.1359909394822323,0.05604310676047101,-0.17711665122388487,0.17711665122388487,4.66256723829102,6603710737.299141,1.66328809501404,0.6111111111111112,0.2777777777777778,0.18253968253968253,0.09008100430438713,1.1900024833667164,-0.09063331731136215,0.1117104388568364,0.041425271105640205,1.427461038356165,0.10257698108731028,0.5721119547992253,0.1025423459530912,0.048198269508413105,-0.22261488525567708,1.1405484969592754,0.9381669640948339,0.054719403015388045,0.06967891958701666,-0.17711665122388487,0.17711665122388487,1.6764681682819806,0.12698412698412698,0.9682539682539683,10983873452.26605,23.119693984339346,0.6190476190476191,0.2857142857142857,0.19047619047619047,0.08535702687556715,-0.011658228357169231,-0.022831148384118816,-2.9357161444564027e-05,-3.141289434949179e-05,0.8333333333333334,0.4149915943114512,-3.141289434949179e-05,1.427542287247309,0.048351082270060575,-3.141289434949179e-05,-0.022886778995487855,1.0700249207952093,0.057939901736059306,-0.17711665122388487,0.17711665122388487,0.2048243154480296,12157048332.930502,-0.058080129105883116,0.09294425976647477,0.0231906856659978,-0.048382495164410066,-0.059257086716704155,-0.03617387556598206,0.23682873612221145,1.0,3.0,1.0,1.0,0.0,63.0,126.0,0.993194706994329,0.7258632596983634,1.6678312538528837,2.57876079636014,2.57876079636014,0.9981132075471698,0.4766177326289938,0.8917236858277389,1,1,1,1,1,1
recent_month_top_future_return,2026-03-31,STX,391.4808654785156,3.4342629137936607,3.671091649915872,1.0990319794001282,1.1361553226119778,1.7347969391615345,1.3579047108759994,0.6668347182210719,-0.24476304153704587,-0.12911016258540853,0.1696709130435854,0.25537496920702374,0.08396182665629404,0.7030085937870539,-0.24178883597046275,0.8632817803603218,-0.12120528724559454,0.12120528724559454,0.10919543083487238,1.0682617371578627,1.7378493317132442,2.901560916380541,0.5377245556356633,0.12244316300165445,0.08132703916958373,0.15402363978816425,-0.01811134714363727,0.422071676684026,0.5422103168469204,0.422071676684026,0.6668347182210719,-0.0020870946006916746,0.10858039207511738,0.42504588225060913,0.48040963149007077,0.4843029689673133,0.42504588225060913,0.5110351204823883,0.7724415519840397,0.9892757553184761,1.0767612989853756,-8.320621273050222e-05,-0.03783167921214625,0.0368009676093723,-0.12120528724559454,0.12120528724559454,0.8592494545865637,1375975607.4949718,1.1521983494034258,0.5079365079365079,0.1746031746031746,0.1111111111111111,0.05998270395593419,0.7834240577159186,-0.03447750021459428,-0.013529516488139381,-0.012726530692147353,1.283322783234308,0.0003679157367157959,0.19216386780833564,-0.03739758784447822,-0.05668101065339737,-0.3419206454478525,0.8317351689046142,0.9187512183532818,0.04062716444520246,-0.017452690997285636,-0.12120528724559454,0.12120528724559454,0.42504588225060913,0.6666666666666666,0.9682539682539683,1585396823.7750826,21.184100575574284,0.5396825396825397,0.2222222222222222,0.14285714285714285,0.06438475297566215,-0.006694597849933426,-0.04231965076354516,-0.04940291013125099,-0.03775161416825512,0.6666666666666666,0.10103795071395293,-0.03775161416825512,0.48040963149007077,0.010630880996154946,-0.03775161416825512,0.0026004329947844074,0.7641576997783869,0.0417239095745125,-0.09700095980267553,0.09700095980267553,0.11236793061789796,1435280588.1431942,-0.021633455619316067,0.07436928399591683,0.01688756730257235,-0.048382495164410066,-0.059257086716704155,-0.03617387556598206,0.23682873612221145,1.0,3.0,1.0,1.0,0.0,63.0,126.0,0.9406427221172022,0.7195221875196103,1.2457626240007733,1.4649991483503526,1.4649991483503526,0.9830188679245283,0.4766177326289938,0.8917236858277389,1,1,1,1,1,1
recent_month_non_top10_control,2026-04-30,A,115.32817840576172,-0.328477210751156,0.08269940142560284,0.9561323827604339,0.9628017735047296,0.012574135478784054,-0.09606036878534185,-0.20729256678754926,0.05994674803383282,-0.03687250241979856,-0.0838396035323562,-0.05091077831254709,0.04878380307341712,-0.27147182794331515,0.07254218494264597,-0.7712007149703235,-0.26195515571582995,0.26195515571582995,-0.04940968691648695,1.304878136795687,0.2372787610619469,0.07055497556026058,-0.24416506920734782,0.04886573662075314,-0.11355043179652902,-0.08838797001189291,0.0024229477834769586,-0.14734581875371644,-0.19960115158287117,-0.24416506920734782,-0.14734581875371644,-0.014556997939703664,-0.05016527384692049,-0.1347503818449033,-0.09316408901800077,-0.20986560640058938,-0.1347503818449033,-0.4789736400268329,0.2687919795244563,1.2284457129822084,1.0466514654938317,-0.0941119300234875,-0.0816339138359855,0.013139764224043114,-0.26195515571582995,0.26195515571582995,0.05055937233429919,274357125.61647326,0.9651176959788366,0.09523809523809523,0.0,0.007936507936507936,0.02525511173689668,1.0069319409434643,0.08621796900071299,-0.00832988354448716,-0.007610494211017116,1.088756196581421,-0.05882277568408578,0.06313140188156237,-0.04585867445618619,0.03206375669037964,-0.25763274336283193,0.2813315192822602,1.1736912940762019,0.01387584017001469,0.04596853939828205,-0.14459216924385598,0.14459216924385598,0.05055937233429919,0.9682539682539683,0.36507936507936506,264786916.95034692,19.39443597729596,0.1111111111111111,0.0,0.015873015873015872,0.02641106788350952,0.0005381483169220047,0.019978923668277915,0.04171562259232508,0.0137743465236555,0.3333333333333333,-0.03625602414020777,-0.11355043179652902,0.04878380307341712,-0.14312642221395322,0.0137743465236555,-0.012469078851799043,0.3301963549308199,0.015735623944966384,-0.05356696424630347,0.05356696424630347,0.03818511256767376,212683888.1411961,-0.014666972116551658,0.031606612031985115,0.008483316725083734,0.15690076873760872,0.07511522455568609,0.06417926115576589,0.4111766121767588,1.0,3.0,1.0,1.0,0.0,63.0,126.0,0.3169187145557656,0.17291214546950817,0.15175669699486538,0.21167270154492224,0.21167270154492224,0.8358490566037736,0.316632486206158,0.5222242696945671,0,0,0,0,0,0
recent_month_non_top10_control,2026-04-30,AAPL,271.1002502441406,-0.1286699804979068,0.28250663167885204,1.0080066170933242,1.024291765729069,0.3112480307469898,0.0676951303022082,0.005537613881773096,-0.00647949418751137,-0.0315231724289089,-0.03934782433985162,0.08607174727353983,0.03236417355566945,-0.05864164727399279,0.041186309051915115,0.02599357780152646,-0.0509663870977598,0.0509663870977598,-0.0072202431663580535,1.1247292401443807,-0.006438534281517083,0.039984555072595684,-0.0259855585471358,0.016647722891171248,-0.025067288626873463,0.029096589012830965,0.06990066465124323,-0.0009418803057382741,-0.00712994165703366,-0.0259855585471358,0.005537613881773096,-0.045538085253494565,0.003372240425256301,0.04672392293368821,0.01906579726125268,-0.028391301621997878,0.04672392293368821,0.1812774758486114,0.21303777125470977,1.1050826374875704,1.2098703776026773,0.8518491635768306,0.9799808201767377,0.00955288298989729,-0.0509663870977598,0.0509663870977598,0.10094821774709728,12307313536.482153,0.978764359038093,0.03968253968253968,0.0,0.0,0.020033612751719693,1.558133866990269,0.06319741527955414,0.008554135500076443,0.04034324189198757,1.0564931676078078,-0.039329287398935375,0.04566883242065766,0.02714066721380215,0.04399868594103884,0.2887189167346389,0.2577480887515685,0.9133892836332261,0.011999635887523197,0.08072662106509632,-0.023428921012231596,0.023428921012231596,0.10023119510169076,0.9047619047619048,0.3492063492063492,12045959845.0158,23.21199515817502,0.06349206349206349,0.0,0.0,0.021838910226281413,0.04186406238119389,0.07664597543738827,0.29389991866138626,0.06919119500662885,0.5,0.0017810840907079295,-0.045538085253494565,0.06919119500662885,-0.08770957373097987,0.06919119500662885,0.023390797180882217,0.23542434214262836,0.01158534369530755,-0.007606987292754219,0.007606987292754219,0.07041427191234839,11443475904.234968,0.0024197669567591618,0.021779979650069642,0.004330528883250917,0.15690076873760872,0.07511522455568609,0.06417926115576589,0.4111766121767588,2.0,8.0,2.0,1.0,1.0,63.0,126.0,0.4386578449905482,0.15108708781185776,0.06735418020078554,0.1864983649865204,0.1864983649865204,0.8,0.316632486206158,0.5222242696945671,0,0,0,0,0,0
recent_month_non_top10_control,2026-04-30,ABBV,209.8264923095703,-0.29275330790961496,0.11842330426714387,0.9268654283056812,0.942939403058263,0.14451331553151747,-0.06566502387410134,-0.014917021635996064,-0.04505287539209768,-0.04179143757871262,0.031023132619674376,-0.07558096338234932,0.04430384008736166,-0.07909628279176195,-0.02964080912667888,-0.05584423157303904,-0.11475611933883978,0.11475611933883978,-0.01789785476308514,1.1606644127590768,0.5582736854821659,0.4888403903225218,-0.056708459214708684,0.025122774570105016,0.0034695035861873613,-0.027382296888874502,-0.04930567138718833,-0.059969897028093744,-0.043865125959599495,-0.059969897028093744,-0.014917021635996064,-0.016130820641631627,-0.029000825364411842,-0.044557830762674944,0.04067087224049604,-0.11967305531836103,-0.044557830762674944,-0.16660037930849853,0.2671183972956274,1.0367629803826555,1.0012539755506147,0.2415270041026505,0.2163137183252497,0.01248436113433407,-0.09787398107116196,0.09787398107116196,0.0706251770271642,1452513571.6069782,1.0588690904772242,0.07936507936507936,0.0,0.007936507936507936,0.024486727353777667,1.582549707721918,-0.018700406630125177,-0.06203996740678841,-0.010334229913144477,1.0299070314911534,-0.06286626604820633,0.040581089274012404,-0.0818978461650216,-0.05033727293575607,0.16167961274344256,0.2674533572349555,1.035464533174526,0.012747319292852645,-0.020884374039722875,-0.09787398107116196,0.09787398107116196,0.0706251770271642,0.6349206349206349,0.047619047619047616,1538021724.4733055,21.153762833725484,0.07936507936507936,0.0,0.015873015873015872,0.02615821114144565,0.025931581965303208,-0.03869302257639584,-0.07333140303117626,-0.020308286242734175,0.5,-0.00181019283642118,-0.06286626604820633,0.04430384008736166,-0.1772090549803429,-0.020308286242734175,0.030358151684565682,0.27693846569525293,0.01309459308577322,-0.008869883580030158,0.008869883580030158,0.0706251770271642,1394386418.0801392,0.042191723247036794,0.027184890808645057,0.0471858138101342,0.15690076873760872,0.07511522455568609,0.06417926115576589,0.4111766121767588,1.0,3.0,1.0,1.0,0.0,63.0,126.0,0.5031190926275992,0.030285817466402465,0.1908005918615474,0.2244403011259608,0.2244403011259608,0.8490566037735849,0.316632486206158,0.5222242696945671,0,0,0,0,0,0
recent_month_non_top10_control,2026-04-30,ABNB,140.36000061035156,-0.2599298707204982,0.1512467414562606,0.982386912298038,1.007913701618592,0.060040757709888704,0.15598750392874217,0.10921447443366028,-0.07502644505026068,0.09054621599558077,0.022364423748892914,0.06258576491895829,-0.07547023062006297,0.04503521327789439,-0.02426428576580908,0.3426600118597902,-0.026494605766971713,0.026494605766971713,0.02801030917803149,1.0464271555896314,-0.18495592891576573,-0.11571778130454657,0.19976069042924105,0.08290746927931088,0.16009918539142132,0.06654144938797968,0.049895853628550646,0.0341880293833996,0.11438773141543364,0.0341880293833996,0.19976069042924105,-0.04678754823461484,0.02972442941522213,0.0849501886678512,0.04436890863267462,0.009834964112165112,0.0849501886678512,0.2268463677472398,0.31872547322022715,0.8854966929144964,1.1749401463075169,-0.21593216618187805,-0.1285099564689639,0.014776187677240328,-0.026494605766971713,0.026494605766971713,0.25838263814118556,579136931.7526015,0.9680524913073868,0.1111111111111111,0.015873015873015872,0.023809523809523808,0.02938976283003525,0.8080561460400356,0.07195622470241114,0.025989459710060503,0.05884927586720878,0.9841836722978574,-0.06535416913008418,0.09944083919059848,0.03885722726876928,0.04458935536711284,-0.3406230769230769,0.3744833541373062,0.7536525972811007,0.017978208050860423,0.10033768222149853,-0.026494605766971713,0.026494605766971713,0.21041740012523102,0.09523809523809523,0.8412698412698413,560634949.5912219,20.14458053972345,0.15873015873015872,0.031746031746031744,0.031746031746031744,0.033404408175387854,0.05129390539575862,0.10775916829508447,0.3950612414154381,0.11149827341749274,0.5,0.021392403242804447,-0.07547023062006297,0.16009918539142132,-0.045402495320115976,0.11149827341749274,0.030868786976076645,0.28223035248411904,0.014039229113082984,-0.026494605766971713,0.026494605766971713,0.12332936405346717,438839101.608349,-0.009736117357249552,0.029355122657899278,-0.0025015556781841086,0.15690076873760872,0.07511522455568609,0.06417926115576589,0.4111766121767588,1.0,3.0,1.0,1.0,0.0,63.0,126.0,0.5797731568998109,-0.050228006704909345,0.019521270171339644,-0.019877410045601396,0.019521270171339644,0.32264150943396225,0.316632486206158,0.5222242696945671,0,0,0,0,0,0
recent_month_non_top10_control,2026-04-30,ABT,90.14704132080078,-0.7026130928308193,-0.29143648065406047,0.8573055706137646,0.8809821924871367,-0.2691126913106284,-0.3114031596159582,-0.25722078090258116,-0.009900582701952043,-0.03042565524753771,-0.11136012029553377,-0.05277910408358821,0.04271145227814088,-0.32140004205834705,0.09308155652345917,-1.0049780715482743,-0.3290507561908229,0.3290507561908229,-0.051662662001893955,1.5861778177453838,0.12115974765278303,-0.06286654373203693,-0.28764643615011887,0.015518916618553874,-0.028006100227637276,-0.18205681337405333,-0.055996891433067186,-0.2671213636045332,-0.27066286021907776,-0.28764643615011887,-0.25722078090258116,-0.12320489515603361,-0.05047120816488915,-0.16413922437912198,0.06450134868134816,-0.23925444893480807,-0.16413922437912198,-0.6659777040661894,0.25594666011598194,1.177481727621544,0.9629488531011423,0.5797574364456162,0.40572692308972425,0.011036333726181177,-0.2968652722615287,0.2968652722615287,0.0,1069621033.8163952,1.133334296229937,0.03968253968253968,0.0,0.015873015873015872,0.020133727295155043,1.7193454611192593,-0.022347014546626798,-0.09218388529498212,-0.12704181751115984,1.0342607271494362,-0.11757627664812365,0.08438204404620911,-0.21478655085190723,-0.09430047609110082,0.30080144007729825,0.24646354281375268,1.2227874033283348,0.011906214068051344,-0.10738451311718278,-0.21478655085190723,0.21478655085190723,0.0,0.6825396825396826,0.0,1212238201.593042,20.915734242075647,0.047619047619047616,0.0,0.015873015873015872,0.02060936727728154,-0.08363008822974705,-0.10646925470772295,-0.36553700547255974,-0.11016280685942059,0.3333333333333333,-0.045289546321954345,-0.12320489515603361,0.06450134868134816,-0.2670635755970293,-0.11016280685942059,-0.06251625516225867,0.3013725155323305,0.014213128904509547,-0.1178101254160363,0.1178101254160363,0.0,1190327927.9558454,-0.02336441197770389,0.02727437259032681,-0.012959092213467804,0.15690076873760872,0.07511522455568609,0.06417926115576589,0.4111766121767588,1.0,3.0,1.0,1.0,0.0,63.0,126.0,0.42599243856332697,-0.057164871337442524,-0.0005507054861421112,0.11761848779337214,0.11761848779337214,0.6358490566037736,0.316632486206158,0.5222242696945671,0,0,0,0,0,0
recent_month_non_top10_control,2026-04-30,ACGL,94.45999908447266,-0.36949157946198596,0.04168503271477286,1.055638925279835,1.0736524319567726,0.09760634167064408,0.04111094003672844,0.0944270855800462,-0.10964809384050456,-0.08867750161438259,0.11273321321007024,-0.1291847106693882,0.08817055759021808,0.030247824424280312,-0.11087858303936415,0.4799307606413887,-0.0737399884773553,0.0737399884773553,0.011232892029374941,1.2503864231412258,0.6252594531179496,0.5985215013542473,0.005749583965663607,0.05820390810724427,0.021294719324870037,-0.01421180297685265,-0.06261970634687819,-0.015221008260458357,0.028318553761750482,-0.015221008260458357,0.0944270855800462,0.0012510711934194951,0.0012150750254276144,-0.016451497459317954,0.04279467483519239,-0.09156672201500404,-0.016451497459317954,-0.07156784325265174,0.1967514760959519,1.3227261559619115,1.1683406997333834,0.7123365818873306,0.6850433957394244,0.009264967861298625,-0.0737399884773553,0.0737399884773553,0.10029121448321265,198325780.22251433,0.9499589933963634,0.023809523809523808,0.0,0.0,0.018762215249581056,1.7712520079992133,-0.015002929289400169,-0.0030079958375996974,-0.020197666553638305,1.1674616810883491,-0.04153772939318867,0.04583188457468261,-0.056814801345119736,0.023834924672823554,0.3630308916835905,0.2298727572555205,1.1321407841597566,0.01051208389957301,0.030392585661848326,-0.0737399884773553,0.0737399884773553,0.024845404806559834,0.9206349206349206,0.4603174603174603,188401358.5447281,19.054085136347634,0.047619047619047616,0.0,0.0,0.020865676928343378,-0.015005372361709846,0.009122267122691596,-0.061245919831531125,-0.01593914796693985,0.6666666666666666,0.016005690930595246,-0.04153772939318867,0.08817055759021808,-0.17283991670454857,-0.01593914796693985,-0.024818299264949717,0.26024832365623035,0.01205643278032595,-0.04441071782917361,0.04441071782917361,0.018766154452778627,200588253.776296,-0.021697475234947916,0.023910349848046172,-0.009396374362187543,0.15690076873760872,0.07511522455568609,0.06417926115576589,0.4111766121767588,1.0,3.0,1.0,1.0,0.0,63.0,126.0,0.12136105860113422,-0.05420286678177255,0.027524862368419223,0.05970780694804745,0.05970780694804745,0.4811320754716981,0.316632486206158,0.5222242696945671,0,0,0,0,0,0
recent_month_non_top10_control,2026-04-30,ACN,176.58668518066406,-0.8057047884594433,-0.39452817628268444,0.7918864729020076,0.8268472170338417,-0.32525074866315773,-0.26915847020210315,-0.2793861698230612,-0.04888249102054876,0.00028823296312052715,0.05413845071437251,-0.37053391120764023,-0.00039982263591398226,-0.3435654309788271,-0.03700929067020653,-0.718852122655584,-0.4395999774538064,0.4395999774538064,-0.05061294294852037,1.4554285764097736,0.10549845178548534,-0.24427623994177783,-0.27909793685994067,0.02830589191815386,0.07319998504970981,-0.21918235352422588,-0.23817030755710733,-0.32826866084360995,-0.29558425584220394,-0.32826866084360995,-0.27909793685994067,-0.017368521804886794,-0.11615468147028385,-0.3163954604932677,-0.20831441123974725,-0.3915106850489538,-0.3163954604932677,-0.6965640151954897,0.3886559711209485,1.056122955519994,1.1687022080475105,-0.1264748888856717,-0.20605418787360474,0.017720850623869966,-0.37538812957409995,0.37538812957409995,0.009832194411448336,1213068724.8221989,1.1403620059205737,0.18253968253968253,0.015873015873015872,0.023809523809523808,0.03257097604490662,1.215046870437558,-0.011685171199422695,-0.05180234346716828,-0.08611366679740684,0.827882832552796,-0.049971288930061974,0.09534139777131218,-0.13652016758669427,-0.052692844285824436,-0.13268616167472436,0.454223091619902,0.9036715668437072,0.02103543096270926,-0.05391086693649172,-0.32446679283703184,0.32446679283703184,0.009832194411448336,0.9682539682539683,0.047619047619047616,1383337484.3577552,21.04776488397984,0.23809523809523808,0.031746031746031744,0.047619047619047616,0.03809163767379742,-0.06319097324034728,-0.07934821305369721,-0.22194475603223998,-0.0911013295157781,0.16666666666666666,-0.04899256484611305,-0.20831441123974725,0.07319998504970981,-0.24800209825338682,-0.0911013295157781,-0.05148469213086493,0.4104684929007496,0.018288696601298816,-0.1048252617079164,0.1048252617079164,0.009832194411448336,955879565.521313,-0.032724225238707216,0.03792657138644095,0.0016815371489928843,0.15690076873760872,0.07511522455568609,0.06417926115576589,0.4111766121767588,1.0,3.0,1.0,1.0,0.0,63.0,126.0,0.749149338374291,0.046779750941540854,-0.30367634065611704,-0.21432351849619602,0.046779750941540854,0.43018867924528303,0.316632486206158,0.5222242696945671,0,0,0,0,0,0
recent_month_non_top10_control,2026-04-30,ADBE,246.1000061035156,-0.7548749457060934,-0.34369833352933454,0.9241503983101494,0.9453691899941182,-0.31197404337900214,-0.30233874952936757,-0.2768358030353113,-0.0200012123927249,0.04558600560880488,-0.13828567452089335,-0.02249861839124445,-0.059298853458769285,-0.3410150641910772,0.1160515101231735,-0.764537117460322,-0.4149947456778976,0.4149947456778976,-0.05824198455020935,1.194097753685879,-0.1022054962366532,-0.24655675070464667,-0.23124979742650642,0.033615015419018415,0.09327456001037171,-0.13037760959702793,0.018632932950163994,-0.2968370154280362,-0.2683075386299513,-0.2968370154280362,-0.23124979742650642,-0.16211889430431536,-0.060614490167668955,-0.1607842929121378,-0.10516622792119568,-0.2358995174678239,-0.1607842929121378,-0.38527165635930166,0.36209596200498206,1.260773146366419,1.152531697255271,0.1208942503114141,0.13482014055091662,0.016488003286760675,-0.31166613446768976,0.31166613446768976,0.09207898574659179,1466856375.4185388,1.0401171941053104,0.15079365079365079,0.015873015873015872,0.03968253968253968,0.029855670296180897,1.2594681312564968,0.14927475081461516,-0.058351652722374525,-0.018300823914522923,1.067096334596269,-0.07366335719405293,0.09019952773748119,-0.06215463332562288,-0.05377874853866993,0.03945768482490264,0.4173270736588821,1.0939162448797914,0.01933103348590687,0.011952158855537576,-0.16115617285568729,0.16115617285568729,0.09207898574659179,0.9682539682539683,0.2222222222222222,1525702537.3558166,21.145720821813985,0.2222222222222222,0.015873015873015872,0.047619047619047616,0.03439514532165399,0.016568310202068837,0.01707345788096659,0.027214333003043496,0.01242391085120964,0.3333333333333333,-0.04909147700279198,-0.16211889430431536,0.09327456001037171,-0.14447685788639908,0.01242391085120964,0.016213604156447348,0.4565208653035965,0.021666540498997803,-0.03844649622578389,0.03844649622578389,0.09207898574659179,1273139997.536069,0.0033431417046623224,0.04139431599271105,0.010578029296368419,0.15690076873760872,0.07511522455568609,0.06417926115576589,0.4111766121767588,2.0,8.0,2.0,1.0,1.0,63.0,126.0,0.7253308128544423,0.05327096719391444,-0.16692401792861167,-0.1378708130559676,0.05327096719391444,0.4547169811320755,0.316632486206158,0.5222242696945671,0,0,0,0,0,0
recent_month_non_top10_control,2026-04-30,ADI,401.16119384765625,0.6840276926569984,1.0952043048337572,0.9627382786624596,0.9899931085282317,0.8098483755904355,0.6481267943960496,0.7295721610622752,-0.2416682670728172,-0.20343673267335238,0.3324990230635936,-0.03450770665290137,0.13330188716483193,0.6653928999065093,-0.431580844651583,2.245191166761435,-0.004011080611135309,0.004011080611135309,0.08558040573640202,1.1036299251773014,-0.14969584165607408,0.10368741383831814,0.5261354283889228,0.12990490479149547,0.02569489504927369,0.25850903349842724,0.020526087928606107,0.487903893989458,0.581203827813552,0.487903893989458,0.7295721610622752,0.14631267187821173,0.05846235980245984,0.2979913164106922,0.1444608718603304,0.22287609185500612,0.2979913164106922,0.842721094272602,0.3249487936096965,1.1678195642005282,1.0881902110371864,-0.12594787559205767,0.10516193335184987,0.015863052948923102,-0.004011080611135309,0.004011080611135309,0.7981560667188707,1169118139.6210444,1.1463503447512484,0.15079365079365079,0.031746031746031744,0.0,0.02623658701951498,0.9803251089293736,0.11146522847109719,0.06315595327164392,0.17646160693920332,1.2740715842500383,-0.10302104614435292,0.12568210910508223,0.13415089001758274,0.15721528341767277,-0.2052964678428738,0.3536060962944147,1.0731759506340761,0.017125392634037038,0.2409798508694505,-0.004011080611135309,0.004011080611135309,0.32715272546755125,0.07936507936507936,0.3492063492063492,1340218982.4095225,21.01609885801243,0.1746031746031746,0.031746031746031744,0.0,0.027896322085907903,0.155938404167145,0.2575616949666124,0.6967714868616502,0.2644119297810239,0.8333333333333334,0.10186020159821979,-0.10302104614435292,0.2644119297810239,0.10751116104341518,0.2644119297810239,0.10189656976523565,0.37948155854076315,0.019484562655749476,-0.004011080611135309,0.004011080611135309,0.2636176362869094,1169567012.0364234,0.036736576531739784,0.02937334290937899,0.022526837376939612,0.15690076873760872,0.07511522455568609,0.06417926115576589,0.4111766121767588,1.0,3.0,1.0,1.0,0.0,63.0,126.0,0.7264650283553875,0.02881215648237956,-0.009949069055362192,-0.052251269469960504,0.02881215648237956,0.36981132075471695,0.316632486206158,0.5222242696945671,0,0,0,0,0,0
recent_month_non_top10_control,2026-04-30,ADM,74.05176544189453,0.20492860627046938,0.6161052184472282,0.9565424831534306,0.9748196249136317,0.4098267528143189,0.26773869840304143,0.25119302495724605,0.055152901134125853,-0.014745430279055283,0.1213813907378376,-0.005620923075719375,0.011925641120999586,0.18701376380148016,-0.13543255729512782,0.89053748126554,0.0,-0.0,0.04161704342433836,1.240610771181302,-0.06983188276426389,0.03784481349133695,0.23644759467819076,0.036844373048386565,-0.05350675500043023,0.12392073514037483,0.013483893516921364,0.3063459260913719,0.26466218190893626,0.23644759467819076,0.3063459260913719,0.1708121626038539,0.02133754464535431,0.11576046766211823,0.03343310992710635,0.04064524310643214,0.11576046766211823,0.4159941432724727,0.28206900915644384,0.9963046777071826,0.9865467798870117,0.23700351189592928,0.2684859311067884,0.013620781848592771,0.0,-0.0,0.35240552186347207,233563412.22149986,1.1542092862286377,0.0873015873015873,0.007936507936507936,0.007936507936507936,0.027857882812952227,1.3534752195267152,0.0,0.016732791967575933,0.06476281335143486,0.9529327527443224,0.05286787819138716,0.0735713757809103,0.07966394432709722,0.00647434868736263,0.0667486599081486,0.2782742726892097,1.0098909631242103,0.014430616935253937,0.00043921284535852756,0.0,-0.0,0.14781947585491806,0.0,0.9206349206349206,269581059.30930245,19.41237968345645,0.06349206349206349,0.015873015873015872,0.0,0.029854050490194597,0.05540870712050161,0.00199630358472902,0.0905627543658211,0.02545054958058013,0.8333333333333334,0.04016376440391615,-0.05350675500043023,0.1708121626038539,-0.1314502191570286,0.02545054958058013,0.05615891531108885,0.2810266732587951,0.015027846467766321,0.0,-0.0,0.11336827031431818,229263958.82517496,0.05568772768167962,0.02449306023332308,0.031324354023496204,0.15690076873760872,0.07511522455568609,0.06417926115576589,0.4111766121767588,1.0,3.0,1.0,1.0,0.0,63.0,126.0,0.3826086956521739,0.07735444662554403,0.031710737346659856,0.16607616251737434,0.16607616251737434,0.7735849056603774,0.316632486206158,0.5222242696945671,0,0,0,0,0,0
recent_month_top_future_return,2026-04-30,ALAB,194.7400054931641,1.570602790256237,1.9817794024329958,1.036777208781377,1.1530123943920392,0.42426688786871014,-0.005413674882903452,0.04317555781878113,0.1274183636688977,0.19271957730337275,-0.19316476844533303,0.4860874334716445,-0.15593521798621246,-0.021003703336984758,0.24974710720753035,0.04540718326382917,-0.22685405066683584,0.22685405066683584,0.01638536390511347,0.9249168876993796,0.20340091563113138,0.5559043189329058,0.23589513512215388,0.0980140494845726,0.05578468539413328,0.2925111480163951,0.12867859031731654,0.17059392148767882,0.14988820480953793,0.04317555781878113,0.23589513512215388,-0.09461412259807755,0.022290216995868306,0.2929226650263115,-0.21106091034858365,0.2178074404706254,0.2929226650263115,0.2781570190018468,0.9508530306299415,0.9617165557492566,1.1075148504121493,0.009305514741894338,0.7933591626055314,0.04499175503774996,-0.0850403643871156,0.0850403643871156,0.9421562981236045,843190652.0339057,0.9391677860756383,0.5476190476190477,0.19047619047619047,0.14285714285714285,0.07498368732134204,1.2588933369714395,0.3309558015239834,0.24057208982553657,0.39786354981495586,1.2141616547386676,-0.07767401510315752,0.3677163235497371,0.6388117688497024,0.4088742434491359,0.00278985272172827,1.0530838519820584,0.8683554494924963,0.047853357585585767,0.6385220929226605,-0.0850403643871156,0.0850403643871156,0.9421562981236045,0.06349206349206349,0.3492063492063492,791897497.9103572,20.489942520835406,0.5079365079365079,0.2222222222222222,0.15873015873015872,0.07250279686277707,0.29635960907586756,0.7695923817943082,0.84949855818599,0.7768248923757639,0.3333333333333333,0.048887551955644336,-0.21106091034858365,0.7768248923757639,0.6199241236381552,0.7768248923757639,0.16048433082285474,0.9144511016411698,0.0475527687127577,-0.0850403643871156,0.0850403643871156,0.8314680912221,975992223.0753944,0.015434378888716793,0.07468639634297705,-0.01084944570594304,0.15690076873760872,0.07511522455568609,0.06417926115576589,0.4111766121767588,1.0,4.0,1.0,0.0,1.0,63.0,126.0,0.900945179584121,0.760552513261332,1.480332624980989,0.6790078668873236,1.480332624980989,1.0,0.316632486206158,0.5222242696945671,1,1,1,1,1,1
recent_month_top_future_return,2026-04-30,AMAT,394.0001831054688,1.2297833108114262,1.640959922988185,0.8892834326695958,0.919551609773171,1.2042124458479884,0.9329697791703038,0.6977958213012616,-0.1608410935332163,-0.13196040372042428,0.38546464783414813,-0.16003040528211288,0.08427475981115484,0.6336165601454957,-0.47236157874922635,1.421487033176512,-0.05407155708802036,0.05407155708802036,0.10373828599417845,1.0084279925772566,-0.2816457953352829,-0.11970415932262268,0.5658354175808373,0.08574914942540335,0.01879085264582403,0.18300285198468158,0.0016499945125699744,0.5369547277680453,0.6001953222167148,0.5369547277680453,0.6977958213012616,0.2542123227822093,0.07123516018455223,0.22543424255203526,0.15650376929340704,0.15031901799634917,0.22543424255203526,0.4139754222012111,0.4908914432669422,0.9436762505724473,1.1093277181172492,-0.15423004942655594,-0.023822303628479147,0.02430730889658787,-0.05407155708802036,0.05407155708802036,0.793497684293321,2250778472.2024827,1.1242802798169682,0.3412698412698413,0.06349206349206349,0.05555555555555555,0.03706852829417742,1.0526787314101416,0.08052775483842545,0.057497057703244536,0.06889723734489084,0.9412835323299714,-0.08195001156809056,0.11817437877913281,0.05960246312101769,0.11974797431387718,-0.1341548286731895,0.5445594846026001,0.8506740029664583,0.026183121396818828,0.13132390095185387,-0.05407155708802036,0.05407155708802036,0.32722440885993853,0.06349206349206349,0.9365079365079365,2530505850.5338154,21.651685061017954,0.36507936507936506,0.06349206349206349,0.09523809523809523,0.04027898181821018,0.047490987464772205,0.15796764439244804,0.33284546917695257,0.15418819941481532,0.8333333333333334,0.09766998206321999,-0.08195001156809056,0.2542123227822093,-0.002712569322793401,0.15418819941481532,0.013550300405024363,0.46324259662024525,0.020634302318217286,-0.05407155708802036,0.05407155708802036,0.1320630204585267,2165733863.4841194,-0.006415021693357503,0.03378321458576876,-0.003858400069157164,0.15690076873760872,0.07511522455568609,0.06417926115576589,0.4111766121767588,2.0,7.0,2.0,1.0,1.0,63.0,126.0,0.9011342155009452,0.14228372690405178,0.8350245279111004,0.42842570111779454,0.8350245279111004,0.9849056603773585,0.316632486206158,0.5222242696945671,1,1,1,1,1,0
recent_month_top_future_return,2026-04-30,DDOG,132.19000244140625,-0.117225969040331,0.2939506431364278,0.8740246867651692,0.8887848310283284,-0.05565076099370281,-0.07169938126893549,-0.18807195857961767,0.16012870614737307,0.014207868707149296,-0.2056998386866401,0.22789280926073008,-0.017197979815398723,-0.25225121973538356,0.21026492915370765,-0.2920461732674708,-0.33812336454310343,0.33812336454310343,-0.07527039700835725,1.0484592272833944,0.34119387888890973,0.370958955177241,-0.17386408987246837,0.08863403866920763,-0.1501155542671161,0.04253462530003693,0.339133304841965,-0.027943252432244603,-0.12995976696144354,-0.18807195857961767,-0.027943252432244603,-0.04904770865150532,-0.00828495631394599,0.022192970574089976,-0.13424069947833162,-0.05292225398159611,0.022192970574089976,0.034462994723619744,0.6439802188655004,0.8056686219706444,0.9999767359320358,0.9116076672539912,1.1405795482319836,0.02649732800747138,-0.33812336454310343,0.33812336454310343,0.2882132747973174,702117334.5533401,0.9361534979770479,0.2857142857142857,0.07142857142857142,0.07142857142857142,0.04557923659506156,1.699828683793012,0.15203984710106278,0.017417047464438173,0.0897352075237301,1.0227023442177876,0.05439446246056412,0.10523768099945466,0.18068956343658304,-0.012775963748204777,0.3544280652198586,0.6439652372659211,0.805687365536274,0.02952286979506195,0.057933078127414994,-0.013360153330448932,0.013360153330448932,0.2882132747973174,0.015873015873015872,0.746031746031746,657289598.7324306,20.30363527039819,0.38095238095238093,0.07936507936507936,0.09523809523809523,0.05504902834412465,0.07870579744268569,0.1072776866822931,0.23086304047471679,0.1197797460746266,0.3333333333333333,-0.029404622279526837,-0.1501155542671161,0.1197797460746266,-0.03712102266298212,0.1197797460746266,0.0769350002986271,0.5188346555097216,0.02377807230200538,-0.013360153330448932,0.013360153330448932,0.25453164084399904,562423937.7805437,0.012562255391851629,0.0490068562228412,0.001651883120163955,0.15690076873760872,0.07511522455568609,0.06417926115576589,0.4111766121767588,2.0,7.0,2.0,1.0,1.0,63.0,126.0,0.8325141776937619,0.8711702968093558,0.9695890804372147,0.8487782349347885,0.9695890804372147,0.9905660377358491,0.316632486206158,0.5222242696945671,1,1,1,1,1,0
recent_month_top_future_return,2026-04-30,DELL,208.60528564453125,0.9005836384800587,1.3117602506568176,1.1954832592217257,1.2630347045723205,0.5921588092451069,0.49018506707936327,0.2993857666084194,0.37294888488699773,0.2792678377176725,-0.29053348724414263,1.1220304546782716,-0.1769025433777086,0.23520650545265354,0.5321112008257096,0.5124305904163198,-0.03304178271364944,0.03304178271364944,0.09733530691847947,1.5202966047732764,-0.4749923146431666,-0.038450016389348196,0.5786536043260919,0.1940178404686455,-0.056018122380921076,0.4401053949189744,0.2574917045304932,0.6723346514954172,0.5167913408099761,0.2993857666084194,0.6723346514954172,-0.08690285529748554,0.2377325887832351,0.831496967434129,0.29395318167891604,0.756381742878443,0.831496967434129,1.1990711698573704,0.5842464759279614,0.9367832786327707,1.186914969119814,-0.5890386985277496,-0.4751961400231913,0.02585622035677219,-0.03304178271364944,0.03304178271364944,0.887066872298613,1082964352.0312111,1.2127189451282188,0.31746031746031744,0.047619047619047616,0.047619047619047616,0.04192411073146791,0.46901097254990076,0.07499573726073538,0.2599375566848281,0.2463794666866299,1.4336301246666132,0.10838731933859247,0.19765347772220046,0.41542753892976636,0.24029208249058143,-0.6799362424302084,0.6934508879343965,0.7892589637886743,0.031548182614362166,0.2594934602235581,-0.03304178271364944,0.03304178271364944,0.8577957873456212,0.06349206349206349,0.8412698412698413,1313331386.6067553,20.995832790069347,0.42857142857142855,0.07936507936507936,0.047619047619047616,0.046785912748455456,0.12320864499452377,0.22712701021562465,0.5061374677042594,0.2770152763696303,0.5,0.059922042721837265,-0.1769025433777086,0.29395318167891604,0.12011450763202158,0.2770152763696303,0.0714433082663184,0.5473123292494378,0.028998889484884768,-0.03304178271364944,0.03304178271364944,0.237433665541545,1202800622.7369761,-0.0008625035862129815,0.04616874472046533,-0.007457725521566649,0.15690076873760872,0.07511522455568609,0.06417926115576589,0.4111766121767588,2.0,7.0,2.0,1.0,1.0,63.0,126.0,0.8791115311909263,1.01440536557406,1.0648959019998014,1.1060827628621897,1.1060827628621897,0.9962264150943396,0.316632486206158,0.5222242696945671,1,1,1,1,1,1
recent_month_top_future_return,2026-04-30,ENPH,32.959999084472656,-0.6719974470795875,-0.2608208349028287,1.2502539703082125,1.3562756367551623,0.01854136164413922,-0.06866347406286066,0.08030150236680633,-0.05190837072642096,0.06215945599223649,0.21206159504481947,-0.32076901817964865,-0.05440838528217051,0.016122241211040444,-0.1890089255016355,0.09445488110034457,-0.3621056657152687,0.3621056657152687,0.024893134584866417,1.0794338281991787,1.132183168104373,0.9003990302482907,0.14246095835904282,0.0571106324208257,0.11091850305992268,-0.13650144059455782,-0.2756432141446321,0.028393131640385372,0.08371853078874485,0.028393131640385372,0.14246095835904282,0.15382216606966548,-0.09029040072376715,-0.10870742313482917,0.14305032398622464,-0.18382264769051526,-0.10870742313482917,-0.10600176805796294,0.8501572542502877,0.7352081817873637,1.2062763883064596,1.1283468277427922,0.8553373960836959,0.03380501138203243,-0.3621056657152687,0.3621056657152687,0.2618682245586026,257069768.01972315,1.1200707798478453,0.4444444444444444,0.09523809523809523,0.1111111111111111,0.05693501070652104,1.8370803135630824,-0.09386495956435525,-0.1763634157292978,-0.15556469098708314,0.8684608514987253,-0.10551216078005732,0.1300697460997464,-0.2202507989701491,-0.20645276567854254,0.38917523371019014,1.0255246221495735,0.6094856775067548,0.04026685032340159,-0.16382185011938744,-0.3621056657152687,0.3621056657152687,0.056748910551710496,0.9365079365079365,0.2222222222222222,287936335.541156,19.478249959987714,0.5396825396825397,0.12698412698412698,0.15873015873015872,0.06314959543686198,-0.07315063890297158,-0.1264948402483438,-0.20522282141495002,-0.12827299954144944,0.5,0.019932907918689253,-0.12827299954144944,0.15382216606966548,-0.28517376827905816,-0.12827299954144944,-0.00734854253726358,0.6250425691306914,0.0296312680469132,-0.13897596302175075,0.13897596302175075,0.056748910551710496,240784662.39643097,-0.03331772088822582,0.06432039079749229,-0.027499147540326785,0.15690076873760872,0.07511522455568609,0.06417926115576589,0.4111766121767588,1.0,3.0,1.0,0.0,1.0,63.0,126.0,0.7366729678638941,1.0740292023416873,0.4939321312561442,0.1799150628001498,1.0740292023416873,0.9943396226415094,0.316632486206158,0.5222242696945671,1,1,1,1,1,1
recent_month_top_future_return,2026-04-30,FTNT,84.30999755859375,-0.5986284643085665,-0.1874518521318077,0.8698032996654319,0.8952276256060242,-0.1560560933850096,0.002735439135707951,-0.024528551881250804,0.08623354710243114,0.06372490850434698,-0.05981717170763112,0.09735095637637914,-0.0613213355668637,-0.08870781303701669,0.06206233654999882,-0.07278398617842345,-0.22430770388431553,0.22430770388431553,0.002744926223091859,1.099751188796128,-0.22517368750916777,-0.19609152354045678,0.039196356623096174,0.04472830465021332,-0.0212004640643092,0.0367988924359155,0.03155830713936858,0.061704995221180337,0.025457599987675234,-0.024528551881250804,0.061704995221180337,0.02329679371370963,0.005100592263261872,0.037533784668748016,-0.027442816863271102,-0.03758143988693807,0.037533784668748016,0.09974211151927877,0.3370047886786696,1.1240701653772165,1.1166259800845324,-0.03882419109376034,-0.00836112467244532,0.016442410479791583,-0.03996814106613278,0.03996814106613278,0.12069644817878755,505934720.07535905,1.0542645454728854,0.1349206349206349,0.007936507936507936,0.015873015873015872,0.03064453826901606,1.090501318435894,0.029492101422123662,0.01044411939095724,0.030465377458807286,1.0478380150049098,0.034037738617692215,0.03897590664971064,0.06681005771039006,0.004748685050960821,-0.10164966836563782,0.3763083024515002,1.0066666774958257,0.018711922033241436,0.0454809477773408,-0.03996814106613278,0.03996814106613278,0.12069644817878755,0.8571428571428571,0.7301587301587301,533389037.69919986,20.09476161963077,0.20634920634920634,0.0,0.015873015873015872,0.036304101452848424,0.027644352991206045,0.06833962884140288,0.08366451396489748,0.03169354257467227,0.5,-0.0034894235980616473,-0.0613213355668637,0.034037738617692215,-0.12520722616293645,0.03169354257467227,0.019104408148904906,0.378817028542946,0.018288974514751838,-0.031920988588759025,0.031920988588759025,0.09921774332646782,453154503.07290214,-0.0030743925336977895,0.03347340228319499,-0.010794335725446524,0.15690076873760872,0.07511522455568609,0.06417926115576589,0.4111766121767588,1.0,3.0,1.0,1.0,0.0,63.0,126.0,0.5608695652173913,0.6364607426873279,0.8220851567505347,0.7974142767684884,0.8220851567505347,0.9830188679245283,0.316632486206158,0.5222242696945671,1,1,1,1,1,0
recent_month_top_future_return,2026-04-30,MU,517.0804443359375,5.325638121453993,5.736814733630752,0.9899596337523148,1.025676046867455,3.745376541578743,2.0953284973426896,1.3130278089860798,-0.5002769116345374,-0.12431733734553507,0.8547954836164378,-0.6077427333713319,0.05679935238412459,1.248848547830314,-1.065975058740974,1.860385522554629,-0.01410706698619546,0.01410706698619546,0.13539558763981363,1.5892798137213298,-0.2835687505022255,-0.10657243995226273,1.1887104716405448,0.26047309207761493,0.2073972628220928,0.3603963663939376,0.033874837998860374,0.8127508973515425,1.1048297259927224,0.8127508973515425,1.3130278089860798,0.45362808188767456,0.047874948872430156,0.24705275024510587,-0.006049905538305755,0.17193752568941978,0.24705275024510587,0.3473761431173164,0.7057826418596652,0.8676709993081478,1.0076709323976332,-0.5030114830636367,-0.23921808647779352,0.03503578167322808,-0.01410706698619546,0.01410706698619546,1.5703246648781977,12925924980.95445,1.3358708662236145,0.5,0.18253968253968253,0.07142857142857142,0.05531117863053688,0.9957093859169254,0.2539025406597132,0.05764210456616725,0.2223847734306874,1.1674300171256398,-0.1803915633187605,0.27506151085677716,0.2546432232299223,0.13322353058644976,-0.20969212331210485,0.7111966527927936,0.8610658216007361,0.035091661292107355,0.2579767878482333,-0.01410706698619546,0.01410706698619546,0.6070851892039548,0.047619047619047616,0.3492063492063492,17267366601.04908,23.572084233520354,0.5396825396825397,0.1746031746031746,0.07936507936507936,0.05846980290533859,0.20761228076207305,0.46024092569678343,0.8667453301859855,0.5307836853293346,0.6666666666666666,0.17702781892769337,-0.1803915633187605,0.5307836853293346,0.3738829165917259,0.5307836853293346,0.1417153951566903,0.6123871301567203,0.030651107345668088,-0.01410706698619546,0.01410706698619546,0.41207953325856117,18424515610.943024,0.05904654988595248,0.05357004822754764,0.009608761389647169,0.15690076873760872,0.07511522455568609,0.06417926115576589,0.4111766121767588,2.0,7.0,2.0,1.0,1.0,63.0,126.0,0.9741020793950851,0.8775622219761783,1.2319787210485176,0.9150018779850342,1.2319787210485176,0.9981132075471698,0.316632486206158,0.5222242696945671,1,1,1,1,1,1
recent_month_top_future_return,2026-04-30,PANW,179.32000732421875,-0.4518869617714414,-0.04071034959468256,0.6057124084023446,0.6287822348281241,0.03294931462901185,-0.11933988987173683,-0.18579729907523745,0.15930441251240735,0.128941477895111,-0.19646750450977446,0.20974662575804126,-0.13671449264146585,-0.24997656023100334,0.19907642032350426,-0.48149851256857795,-0.18999004711766176,0.18999004711766176,-0.03357508131672393,0.9389129999059193,-0.24338957276385997,-0.23334245116288832,-0.05685582118012644,0.08458300495792369,-0.031189227277542586,0.04075440596502067,0.1768940398201484,-0.02649288656283011,-0.08971533560606466,-0.18579729907523745,-0.02649288656283011,-0.0392507917878554,-0.0024508957349278493,0.0132791212482668,-0.1585014570733717,-0.06183610330741929,0.0132791212482668,0.028617205574306387,0.38587304887837026,1.2085144161314332,1.202534836782823,-0.25544403736002885,-0.1672044999107164,0.018005080122423245,-0.18579729907523745,0.18579729907523745,0.26575852080109996,1437229392.4926274,1.2044907523562536,0.1984126984126984,0.0,0.047619047619047616,0.0330015890101188,0.8961214392182842,0.15360852411534875,0.056409618235735426,0.09868838107266953,1.0508788858311637,0.0765512308316072,0.11079901894671086,0.2041365130879571,0.051870355691951975,-0.24567716751547675,0.46402578385184123,1.004972479104728,0.02234284251322211,0.11036739037392151,-0.019573464689626063,0.019573464689626063,0.26575852080109996,0.047619047619047616,0.7301587301587301,1731129512.271966,21.272039930256092,0.31746031746031744,0.0,0.07936507936507936,0.04007995065601071,0.07534580311686145,0.1711721840751954,0.25413799250106006,0.11851296863763161,0.3333333333333333,-0.02843196155183279,-0.1585014570733717,0.11851296863763161,-0.03838780009997711,0.11851296863763161,0.04964327459352891,0.46633314236609963,0.023539210842286145,-0.019573464689626063,0.019573464689626063,0.15148020448130062,1251690054.6310425,0.013067317011338897,0.03648305397301047,-0.007406211421319142,0.15690076873760872,0.07511522455568609,0.06417926115576589,0.4111766121767588,2.0,7.0,2.0,1.0,1.0,63.0,126.0,0.6695652173913044,0.5708788252060344,0.9017397673706993,0.8159156345229153,0.9017397673706993,0.9867924528301887,0.316632486206158,0.5222242696945671,1,1,1,1,1,0
recent_month_top_future_return,2026-04-30,SNDK,1096.510009765625,32.737374895858224,33.148551508034984,1.0400795761911494,1.1230948518925572,24.547764597972485,8.7728167521381,4.5009782756887216,-0.8817601982986751,-0.590059179664002,1.8909346044576365,-0.9880972773155541,0.12015249449774945,4.436799014532956,-3.5981409485466394,4.0239056225756515,0.0,-0.0,0.3233901922059357,1.484962354306904,-0.6313822159136717,-0.2985803209921337,3.9109190960247195,0.4492141966964794,0.06314943649499427,0.9073398059997095,0.0,3.6192180773900464,4.0103718163678295,3.6192180773900464,4.5009782756887216,1.427542287247309,0.23195945873587975,0.9028373271420824,0.10257698108731028,0.8277221025863963,0.9028373271420824,0.9073740786176228,1.1185596029977716,0.7663322439484704,0.8895369798714136,-0.27056804447667393,0.25889981248763916,0.05475185567017635,0.0,-0.0,4.641063803999219,8706670062.794083,1.5412801481562601,0.626984126984127,0.2857142857142857,0.16666666666666666,0.08607092090539196,0.8049848170262712,0.17711665122388487,0.2904195560854972,0.45894217571648843,1.3621745510620489,-3.141289434949179e-05,0.566046239768761,0.7258090453381247,0.39964457349368376,-0.16147383825940365,0.9950001310568051,0.8614956559301751,0.05204617548091863,0.4635931352035896,0.0,-0.0,1.0793620204229857,0.0,0.6031746031746031,13419417724.330938,23.31996857897419,0.6825396825396826,0.30158730158730157,0.19047619047619047,0.077888239595516,0.3218512875594832,0.6823428676969072,0.8467955846994357,0.7258632596983634,0.8333333333333334,0.4065421743552295,-3.141289434949179e-05,1.427542287247309,0.5689624909607547,0.7258632596983634,0.20485146060177595,0.8571882905553925,0.048015021418802165,0.0,-0.0,0.5828822783498542,13795984049.75092,0.1107082013812899,0.06111539805404952,0.049659523016247986,0.15690076873760872,0.07511522455568609,0.06417926115576589,0.4111766121767588,1.0,3.0,1.0,1.0,0.0,63.0,126.0,0.994234404536862,0.5457952644053343,1.0736062235808967,0.4685957644827061,1.0736062235808967,0.9924528301886792,0.316632486206158,0.5222242696945671,1,1,1,1,1,1
recent_month_top_future_return,2026-04-30,SNOW,136.47000122070312,-0.5555117020231731,-0.1443350898464143,0.8936716636121159,0.9344497961145889,-0.38939596769260343,-0.39494569109189137,-0.5035288169509333,0.12565682953748647,0.0467146083730573,-0.2989668454408151,0.007166136473279239,-0.08600116039624883,-0.5677080781066992,0.21172810798339747,-0.9039428340667869,-0.5075774193278425,0.5075774193278425,-0.11346995708376628,1.4312961052377284,0.43244981315720876,0.014459942117520885,-0.456814208577876,0.06351347327829308,-0.1268906391728284,-0.254113112128482,0.012882892234227228,-0.37787198741344685,-0.446071670980752,-0.5035288169509333,-0.37787198741344685,-0.12153539199457553,-0.10682012325254231,-0.29180070896753585,-0.12605082340845564,-0.36691593352322194,-0.29180070896753585,-0.4381600059132519,0.5570361288064933,1.3970653008575198,1.1955568853767824,-0.008946608946608925,-0.1032419379473144,0.025594060680495783,-0.5075774193278425,0.5075774193278425,0.12682685602297572,1124712208.8234553,1.015074613630612,0.31746031746031744,0.047619047619047616,0.07936507936507936,0.04504173467156988,1.345333057644383,0.06512587565182848,-0.12140067594820891,-0.14007669309602888,0.9091745823468731,-0.10444745534940103,0.017340049133670064,-0.18965620656056337,-0.15804451892247462,-0.07775974934258378,0.6659683791982314,1.168547743687856,0.03203818868200621,-0.11050329514093327,-0.29180070896753585,0.29180070896753585,0.12682685602297572,0.9841269841269841,0.2222222222222222,1141666810.817101,20.85575514713155,0.42857142857142855,0.09523809523809523,0.12698412698412698,0.05558478582293276,-0.08530332259651163,-0.0966509908620149,-0.1222624398101963,-0.09514656813845213,0.0,-0.11001200640999359,-0.1268906391728284,-0.08600116039624883,-0.25204733687606085,-0.09514656813845213,-0.04686409082651799,0.7782158468795517,0.03351970279664396,-0.1227743472667574,0.1227743472667574,0.12682685602297572,1122254674.1997855,-0.060156324273368034,0.05803001494140663,-0.031880481523230864,0.15690076873760872,0.07511522455568609,0.06417926115576589,0.4111766121767588,1.0,4.0,1.0,0.0,1.0,63.0,126.0,0.8638941398865785,0.8725727322188204,0.8648787112444987,0.9427713234503223,0.9427713234503223,0.9886792452830189,0.316632486206158,0.5222242696945671,1,1,1,1,1,0
recent_month_non_top10_control,2026-05-31,A,135.2698211669922,-0.20825124335936507,0.22089405782795524,1.1814579071365938,1.2271231259916537,0.08511295891548465,-0.07022382378115744,-0.11347202970319303,0.12833381570016034,0.11356047477231845,-0.20783754926256526,0.3269614984872804,-0.11355043179652902,-0.30877828904956695,0.23259597892790818,-0.3126803284468385,-0.134338238237945,0.134338238237945,-0.03823132297019283,1.3874881014578846,0.1507291858962525,0.28780859100835565,8.844506912542016e-05,0.07021847013054726,-0.014556997939703664,0.10892996271188249,0.21230202550433253,0.014861785996967303,-0.0328405995457001,-0.11347202970319303,0.014861785996967303,-0.09316408901800077,-0.0071975071454859485,0.11912394922471514,-0.05882277568408578,-0.09815441956961113,0.11912394922471514,0.2675686168974991,0.36290108260675374,1.8056118628545055,1.2268053049985632,1.2292355833705857,1.6146974908481644,0.014409760710371889,-0.11846833198609963,0.11846833198609963,0.23221384734772288,279590182.15192765,0.9444168669559966,0.10317460317460317,0.007936507936507936,0.007936507936507936,0.0255104892473772,1.7826128401887422,0.14459216924385598,0.011171820480998296,0.17019291668569125,1.2617867892946297,0.0137743465236555,0.1038069807402298,0.18906824380300935,-0.005506212119531173,0.5433912433458508,0.44520897333168735,1.4717998491672808,0.01634615812594216,0.0036923637654238117,0.0,-0.0,0.23221384734772288,0.0,0.6825396825396826,264049683.8595799,19.39164784362883,0.12698412698412698,0.015873015873015872,0.015873015873015872,0.02678406986576673,0.1620210677701468,0.0787568264487355,0.2638838649524506,0.17291214546950817,0.3333333333333333,-0.015567967074192593,-0.11355043179652902,0.17291214546950817,0.0672272603800308,0.17291214546950817,0.1652029896492655,0.6552584997974974,0.021581663470019875,0.0,-0.0,0.2257393789299258,309673488.86976695,0.1488124816024048,0.03488423693105924,0.09867216724681205,0.10568488508947738,0.21727836879432627,0.1953062593463739,0.4291453011873203,1.0,3.0,1.0,1.0,0.0,63.0,126.0,0.449054820415879,-0.018036686342074115,0.03304642741157604,,0.03304642741157604,0.3935969868173258,0.1687110731336805,0.2066683650265,0,0,0,0,0,0
recent_month_non_top10_control,2026-05-31,AAPL,312.0599975585937,0.13071530936457787,0.5598606105518982,1.0248457080938471,1.0582765034819148,0.34807807307393324,0.15746136364845453,0.12117544689867055,0.08369494529407207,0.028827454654987594,-0.05172244411765614,0.23405080351392005,-0.025067288626873463,-0.07413081244770336,0.06115291249759336,0.5519401138003259,-0.001439992937726342,0.001439992937726342,0.017739243935186666,1.1135830709629584,-0.03233125824794625,0.1441021958747526,0.15000290155365814,0.04251726617640787,-0.045538085253494565,0.1635315062592375,0.07460319842323226,0.2048703921927426,0.1586829135483571,0.12117544689867055,0.2048703921927426,0.01906579726125268,0.05629483824117498,0.1823283593962639,-0.039329287398935375,-0.034950009398062365,0.1823283593962639,0.8831248832938633,0.21954455541259665,0.7715878567908173,0.9403930938966328,-0.23758113931465175,-0.12238949396086807,0.010030692578250325,-0.001439992937726342,0.001439992937726342,0.2672872777981612,12408525011.50383,0.9730260706532534,0.047619047619047616,0.0,0.0,0.01959775766545978,1.041093066347256,0.021988928074505254,0.11161433169462054,0.13431283656994175,0.8293957718060561,0.06919119500662885,0.0767280656140568,0.23073217897426046,0.1262469178094776,-0.006585707591178158,0.20645818371261251,0.8204950268122977,0.010120654664331484,0.13362962845932524,-0.001439992937726342,0.001439992937726342,0.26646192228936494,0.015873015873015872,0.6666666666666666,12073818334.546188,23.214305171286153,0.015873015873015872,0.0,0.0,0.019539918605436878,0.08182440671929614,0.1485760743207396,0.891906429974109,0.15108708781185776,0.5,0.021568236466739315,-0.045538085253494565,0.15108708781185776,0.04540220272238038,0.15108708781185776,0.04907225817474048,0.1693979129808983,0.009510878367677257,-0.001439992937726342,0.001439992937726342,0.15108708781185776,15066994435.595993,0.0208547914863777,0.015912702363263333,0.004978828930279233,0.10568488508947738,0.21727836879432627,0.1953062593463739,0.4291453011873203,2.0,8.0,2.0,1.0,1.0,63.0,126.0,0.4533081285444235,-0.07274246101591075,0.030763334546630494,,0.030763334546630494,0.3860640301318267,0.1687110731336805,0.2066683650265,0,0,0,0,0,0
recent_month_non_top10_control,2026-05-31,ABNB,133.30999755859375,-0.3957344673997718,0.0334108337875485,0.9992546591190975,1.0285372223302325,0.021297776796867618,0.053500842374623936,0.13949910242607455,-0.10904379910912487,-0.15725627631668126,0.1548850592140545,-0.1682075597219843,0.16009918539142132,-0.05580715692029936,-0.15282160293400437,0.44606365478882914,-0.07539184123577358,0.07539184123577358,0.006553660056941801,0.9660526476047844,-0.3527275525121182,-0.3613508400225445,-0.017757173890606714,0.08056522153264888,-0.04678754823461484,0.007872211377167648,-0.039980929159597944,0.030455303316949678,0.0507324106174725,-0.017757173890606714,0.13949910242607455,0.04436890863267462,0.016302529023612733,-0.013322500507929824,-0.06535416913008418,-0.2306008693022561,-0.013322500507929824,-0.04436064381454812,0.3127336220479895,0.7624246641709937,0.9603141543806845,0.4721240331781753,0.3981821773692438,0.014622271369325758,-0.07539184123577358,0.07539184123577358,0.14962054683600212,558482884.8799328,0.8928778228816604,0.10317460317460317,0.015873015873015872,0.023809523809523808,0.03027585525030745,1.102082523657102,-0.04889723546880187,0.0339279183387875,-0.008058474943160476,1.0244621474818443,0.11149827341749274,0.09495611702133629,0.0556699306877837,0.002337561952398426,0.17847737163563004,0.3003225238034236,0.7939325487321266,0.01439118677955842,-0.05781528691161386,-0.07539184123577358,0.07539184123577358,0.08496780807878768,0.4126984126984127,0.6825396825396826,498656982.36826336,20.027429009262896,0.09523809523809523,0.015873015873015872,0.015873015873015872,0.03195746565543414,-0.03204494156353199,-0.05691632047261974,-0.21065629014900972,-0.050228006704909345,0.5,0.025599440561996718,-0.06535416913008418,0.16009918539142132,-0.15591289179438672,-0.050228006704909345,-0.017720989501005424,0.23843582676491687,0.011741272447702875,-0.058943991865426204,0.058943991865426204,0.016392145749119624,555473778.8330078,3.7475919661300594e-05,0.03474126134790393,0.002421249053525587,0.10568488508947738,0.21727836879432627,0.1953062593463739,0.4291453011873203,1.0,3.0,1.0,1.0,0.0,63.0,126.0,0.5435727788279773,0.07343791706708913,0.031955666068875344,,0.07343791706708913,0.568738229755179,0.1687110731336805,0.2066683650265,0,0,0,0,0,0
recent_month_non_top10_control,2026-05-31,ACGL,89.33999633789062,-0.48912009624969566,-0.05997479506237535,1.0464352167398574,1.06508456058783,-0.023926608441096175,0.03510600005798725,-0.048764926749850446,-0.020997719166091944,-0.01983392600935463,0.06633308643944935,-0.17427122945779927,0.021294719324870037,-0.24407118609622436,-0.05917321626849947,-0.24099572430806712,-0.12394593648720031,0.12394593648720031,-0.0014049950122291266,1.5723593430273617,1.3166989155379563,1.066638736662164,-0.06859885275920508,0.011801435263237318,0.0012510711934194951,-0.06613081119166786,-0.09802601294705804,-0.06976264591594239,-0.06237547514166597,-0.06976264591594239,-0.048764926749850446,0.04279467483519239,-0.01350550208694934,-0.10793814301834992,-0.04153772939318867,-0.3252165118126762,-0.10793814301834992,-0.5151212266892125,0.2023476843411287,1.0005516279522464,1.0355409013169592,0.42935672839334793,0.3518814960606129,0.009298746204373855,-0.12394593648720031,0.12394593648720031,0.0,205273903.15318033,0.9987861308903806,0.031746031746031744,0.0,0.0,0.019200737563421593,1.8776075857038659,-0.0422307368722864,-0.00973436486274537,-0.06131998531756655,0.9772137629843572,-0.01593914796693985,0.0370024769075902,-0.06927806723484542,-0.029133615918228828,0.4230223516187879,0.209539303422012,0.9662115969343027,0.009792498355496858,-0.02675093381460958,-0.1159707253496417,0.1159707253496417,0.0,0.9841269841269841,0.0,205024727.5031317,19.138641156672396,0.031746031746031744,0.0,0.0,0.01970058305848389,-0.05871696357925271,-0.036033217969954956,-0.2677222802239599,-0.05420286678177255,0.5,-0.007723213131403191,-0.05420286678177255,0.04279467483519239,-0.15988775187124993,-0.05420286678177255,-0.05050379934799376,0.2024593049798836,0.008775841083245181,-0.077447338740403,0.077447338740403,0.0,250491022.8717259,-0.05188427924430872,0.022170523916343655,-0.035371901349299684,0.10568488508947738,0.21727836879432627,0.1953062593463739,0.4291453011873203,1.0,3.0,1.0,1.0,0.0,63.0,126.0,0.1506616257088847,0.08641147903684154,0.12043880207399305,,0.12043880207399305,0.7777777777777778,0.1687110731336805,0.2066683650265,0,0,0,0,0,0
recent_month_non_top10_control,2026-05-31,ACN,184.8473663330078,-0.8306984073502456,-0.4015531061629253,0.8370109430378097,0.8456606452684873,-0.2743146228860135,-0.2456760343223542,-0.2453743178930058,-0.039042292499630205,-0.05147091820524052,-0.16511997607953555,0.06899317999617915,0.07319998504970981,-0.4406805772393797,0.1492475218096494,-0.5998048553780341,-0.409198716269922,0.409198716269922,-0.08357771524912272,1.4796029598671336,0.3593507623623775,0.22868072882301416,-0.2968452360982463,0.02685773247268962,-0.017368521804886794,-0.11154429695962886,0.15410581837675053,-0.284416610392636,-0.2755453881279627,-0.2968452360982463,-0.2453743178930058,-0.20831441123974725,-0.05899252952632894,-0.09612679608335639,-0.049971288930061974,-0.31340516487768266,-0.09612679608335639,-0.24649075092889938,0.409090249425133,1.0544548975531585,0.9532892843521854,0.7864162951422842,0.8699844045069505,0.01861327194469647,-0.34616894184044633,0.34616894184044633,0.17182421278210147,1230653340.78948,0.9679774736781096,0.20634920634920634,0.023809523809523808,0.031746031746031744,0.03488344657247972,1.6548711741841713,0.20193851621725767,-0.06482643033662794,0.012156747350232644,0.9094265915229105,-0.0911013295157781,0.10187247632237999,-0.04858327607942847,-0.07045837647084097,0.36325923177780495,0.3899813511099421,1.1061226795072188,0.018233401773859185,-0.04537131758659796,-0.12252827661977417,0.12252827661977417,0.17182421278210147,0.9206349206349206,0.1746031746031746,1191244711.7909265,20.898264574552154,0.19047619047619047,0.031746031746031744,0.031746031746031744,0.03706323213904062,0.04590577573042065,0.007234060506339013,0.10844530852788845,0.046779750941540854,0.3333333333333333,-0.04112930258320391,-0.20831441123974725,0.07319998504970981,-0.05890513414793652,0.046779750941540854,0.06343553478563901,0.43136721704757464,0.01991052170408942,0.0,-0.0,0.17182421278210147,1031277158.8106428,0.05194203445540513,0.04151617240025938,0.04151127810382538,0.10568488508947738,0.21727836879432627,0.1953062593463739,0.4291453011873203,1.0,3.0,1.0,1.0,0.0,63.0,126.0,0.7640831758034026,-0.3347944887952171,-0.24943477288597138,,-0.24943477288597138,0.018832391713747645,0.1687110731336805,0.2066683650265,0,0,0,0,0,0
recent_month_non_top10_control,2026-05-31,ADBE,259.2099914550781,-0.8046783331997888,-0.37553303201246846,1.0124046508580224,1.032116841605272,-0.2733109543471762,-0.23831214682299184,-0.19029773060489874,0.07421927009365625,-0.06908111254002935,-0.18030175347616118,0.16810704991161363,0.09327456001037171,-0.38560398995127265,0.1781030270403512,-0.4998432031746931,-0.37827404992155034,0.37827404992155034,-0.07416707616903906,1.4609609101672736,1.1201404417245304,1.0942859575224908,-0.2593788431449281,0.07166554242447343,-0.16211889430431536,-0.013557013790894912,0.17998171448024503,-0.11607846051124249,-0.18858501142035644,-0.2593788431449281,-0.11607846051124249,-0.10516622792119568,-0.02620252500277842,-0.012194703564547549,-0.07366335719405293,-0.22947307235887382,-0.012194703564547549,-0.028830994839337116,0.380714850969756,1.0940865270794862,1.1109942243006448,1.1073677643251254,1.219629283364002,0.017581880895669103,-0.27499792369845766,0.27499792369845766,0.15025508956946187,1453806888.5675945,0.942846749223811,0.16666666666666666,0.023809523809523808,0.031746031746031744,0.03117575499668332,1.939320540768451,0.07509029568781156,0.020673124595979475,0.06037346766822349,1.0184999140900994,0.01242391085120964,0.0989359988893528,0.06635671179249902,0.025041645818989267,0.5807184396921112,0.42297200053287964,0.9847814715402307,0.020020904152597073,0.010175737508500315,-0.08606587716787573,0.08606587716787573,0.15025508956946187,0.9206349206349206,0.5396825396825397,1370717098.8851397,21.038599870417542,0.2222222222222222,0.031746031746031744,0.031746031746031744,0.03341652005047573,0.0490495001965463,0.011268070540808361,0.1278907380826899,0.05327096719391444,0.5,-0.030329840227344695,-0.16211889430431536,0.09327456001037171,-0.052413917895562934,0.05327096719391444,0.04522054015598087,0.41653498910508446,0.0200272335114093,0.0,-0.0,0.09802170293949675,1174831669.8849633,0.045269010270473586,0.03739935234386535,0.05874324662342234,0.10568488508947738,0.21727836879432627,0.1953062593463739,0.4291453011873203,2.0,8.0,2.0,1.0,1.0,63.0,126.0,0.741304347826087,-0.20905824994793265,-0.18147446023231317,,-0.18147446023231317,0.05084745762711865,0.1687110731336805,0.2066683650265,0,0,0,0,0,0
recent_month_non_top10_control,2026-05-31,ADI,412.7195129394531,0.5344218272822907,0.963567128469611,0.9208221203112595,0.9364471299484409,0.6643178450001674,0.779404864814369,0.5701066811649678,-0.2347174358330808,-0.039333067351143614,0.3456193896433508,-0.1787911667079516,0.02569489504927369,0.37480042181859385,-0.40327845822956854,1.7322137515245972,-0.0428780115405305,0.0428780115405305,0.0894073555854904,1.1815179214206244,-0.09846959652999432,0.05193111860314037,0.5307736138138242,0.12570760804236114,0.14631267187821173,0.19324312408293198,-0.028992219812262077,0.33538924533188696,0.47875651343689296,0.33538924533188696,0.5701066811649678,0.1444608718603304,0.0963495335176987,0.16682822293539923,-0.10302104614435292,-0.05045014585892704,0.16682822293539923,0.43403659961689006,0.32912028360425605,1.1897203837895047,1.1678539196319924,0.47030244787912756,0.5126650320838468,0.01596820098814666,-0.0428780115405305,0.0428780115405305,0.6152761199146068,1316289895.1468332,1.0782450039699114,0.15079365079365079,0.031746031746031744,0.0,0.026519452895736335,1.2786322008519726,-0.038866930929395194,0.17156123255544053,0.10768038522162415,1.5199864881403105,0.2644119297810239,0.12767749690513455,0.30084236416006216,0.14149773168048352,0.22037090377329216,0.3843644132376234,1.0187236295481226,0.018757340509788466,0.06988985615733467,-0.0428780115405305,0.0428780115405305,0.3653908574697389,0.1746031746031746,0.6666666666666666,1419283003.2181513,21.07341765443428,0.23809523809523808,0.047619047619047616,0.0,0.028254535660166294,0.024283142302358174,0.04985243319637589,0.07358278372783447,0.02881215648237956,0.8333333333333334,0.08444524648447772,-0.10302104614435292,0.2644119297810239,-0.07687272860709782,0.02881215648237956,0.004356207931607958,0.3915611101225661,0.019964397157701135,-0.0428780115405305,0.0428780115405305,0.0771453594237761,1847525787.17942,0.009540438277681584,0.0415471552775028,0.0012096104919476769,0.10568488508947738,0.21727836879432627,0.1953062593463739,0.4291453011873203,1.0,3.0,1.0,1.0,0.0,63.0,126.0,0.7156899810964084,-0.037675707167254546,-0.07879322327362914,,-0.037675707167254546,0.2184557438794727,0.1687110731336805,0.2066683650265,0,0,0,0,0,0
recent_month_non_top10_control,2026-05-31,ADM,79.77999877929688,0.2757041070347206,0.7048494082220409,0.9378007627861891,0.9630654849342373,0.30257237179948304,0.3479783690245546,0.33209231414600726,-0.13002281294122753,0.07530527815969679,0.1452152321793141,0.01796551910275812,-0.05350675500043023,0.13678605479963335,-0.16891156286393505,1.2493462502964998,-0.031173877063345068,0.031173877063345068,0.06601508131029843,1.28925019458618,0.16757284260421024,0.3580982562369097,0.40739759230570405,0.10387207019454926,0.1708121626038539,0.13855827927253128,-0.031173877063345068,0.20206950120477973,0.313853135885497,0.20206950120477973,0.40739759230570405,0.03343310992710635,0.05950933836180261,0.1631807512820722,0.05286787819138716,-0.05409761751225406,0.1631807512820722,0.5618003636252651,0.26581287138548965,0.9520021187332852,1.092725066040747,0.17210148549493165,0.2627687472943705,0.013446261919744752,-0.031173877063345068,0.031173877063345068,0.4078874177343539,251066716.02953047,1.1659992976411708,0.07142857142857142,0.007936507936507936,0.0,0.027846909797467928,1.307844464109104,-0.031173877063345068,0.08194455804935763,0.08487215653039737,1.0111579387524,0.02545054958058013,0.07339755283489575,0.1047737093852461,0.12276026818670194,0.17976736698060058,0.2904603874391898,0.8712183405681898,0.015303485490484157,0.13377708981519976,-0.031173877063345068,0.031173877063345068,0.21363158301558016,0.1746031746031746,0.7619047619047619,292743614.55150783,19.494807751669732,0.07936507936507936,0.015873015873015872,0.0,0.02987893874802947,0.052754660765273576,0.1138611641246221,0.3056830527614172,0.07735444662554403,0.8333333333333334,0.05106856532134022,-0.05350675500043023,0.1708121626038539,-0.02833043846393335,0.07735444662554403,0.015006943534657369,0.2530544167455644,0.012955681662175174,-0.031173877063345068,0.031173877063345068,0.07735444662554403,335889957.75836766,0.011546387264889546,0.027282971005179273,0.010129127260444903,0.10568488508947738,0.21727836879432627,0.1953062593463739,0.4291453011873203,1.0,3.0,1.0,1.0,0.0,63.0,126.0,0.35623818525519846,-0.0423664741180102,0.0823514639677978,,0.0823514639677978,0.615819209039548,0.1687110731336805,0.2066683650265,0,0,0,0,0,0
recent_month_non_top10_control,2026-05-31,ADP,220.16958618164065,-0.7305346755911858,-0.3013893744038655,0.9187267344979191,0.9336737635372399,-0.2557538258774439,-0.135156411410442,-0.11821867514211182,0.02443752374632846,-0.012236801438757161,-0.1549328731874453,0.19837817697510185,0.014072656556608276,-0.31352493448848573,0.16166397892976836,-0.4249233825269405,-0.3041255817668117,0.3041255817668117,-0.038547909636796884,1.3168275632490014,-0.3242843139216196,-0.29492764066585964,-0.13045547658086898,0.018672341417567954,-0.0404696119944673,0.012250565762127685,0.17903716600139752,-0.09378115139578336,-0.11415176770625472,-0.13045547658086898,-0.09378115139578336,-0.1315128399019233,0.005487670339085149,0.04344530378765654,-0.04432379458270275,-0.17383306500666973,0.04344530378765654,0.142441303567875,0.27821174358324857,1.055831040588118,1.0963051160223003,-0.20591969155538836,-0.16882714205695737,0.01287369944593754,-0.15944032104422312,0.15944032104422312,0.17506228735690055,696062477.7386984,1.00483061056551,0.0873015873015873,0.007936507936507936,0.007936507936507936,0.02300781629006176,0.9468638306818978,0.1214096845193674,0.046396531105827865,0.06885189287786986,1.0292364840094321,0.043114516917461154,0.06786891553236989,0.0918397861878697,0.07848941775689888,-0.08513827069094726,0.3050049578277998,0.9630813768515158,0.014142363206427944,0.09298875330889023,-0.015401032239961698,0.015401032239961698,0.17506228735690055,0.06349206349206349,0.5396825396825397,699424884.497918,20.365768963170044,0.09523809523809523,0.015873015873015872,0.0,0.025881701247462887,0.049646534599295356,0.09586496956524582,0.15902022901257465,0.04671133272538297,0.5,-0.018734623379940158,-0.1315128399019233,0.04671133272538297,-0.058973552364094406,0.04671133272538297,0.028336717527640998,0.29374459473133596,0.014253921403956675,-0.015401032239961698,0.015401032239961698,0.07065640380354088,606446952.6193528,0.00761248073685028,0.026785723313635285,0.005611899146389598,0.10568488508947738,0.21727836879432627,0.1953062593463739,0.4291453011873203,1.0,3.0,1.0,1.0,0.0,63.0,126.0,0.5106805293005672,0.017170449525588438,0.10314966338009857,,0.10314966338009857,0.704331450094162,0.1687110731336805,0.2066683650265,0,0,0,0,0,0
recent_month_non_top10_control,2026-05-31,ADSK,231.30999755859372,-0.6480092706161515,-0.21886396942883124,0.9416418753338625,0.9596835259606856,-0.2649825593066004,-0.2323952997622417,-0.23745631848383963,0.152195125084432,0.01888258762163164,-0.18945738087465147,0.1302391035421362,-0.02416426010667172,-0.43276257783021355,0.17823804115132436,-0.6664432269323797,-0.29217542914321715,0.29217542914321715,-0.04714340481163515,1.4978241949521323,0.422905766473644,0.33864373817657256,-0.218573730862208,0.08295796210483662,-0.14573836432962162,-0.057138685089173524,0.08328625755793329,-0.08526119339940763,-0.18043041424848508,-0.23745631848383963,-0.08526119339940763,-0.027682208783829765,-0.006835668450860033,-0.05921827733251528,-0.026314724647956034,-0.27649664612684155,-0.05921827733251528,-0.16768627220638,0.35630389639766424,0.9171227845861959,0.9911461258749222,3.3184900542495477,3.2148098055074863,0.016525711690518738,-0.2544399756370871,0.2544399756370871,0.05886931009387242,519752044.8466346,0.9633040540644834,0.18253968253968253,0.007936507936507936,0.031746031746031744,0.030714330267161995,2.385925474952778,-0.021543247563978074,0.0094077410002531,-0.03125158001785444,1.082521120776109,-0.010025037417177862,0.05073660642724771,-0.033792800936280565,0.018135578018486642,1.0183825471448946,0.3531492265486846,0.9253154107590512,0.01663945182452104,-0.000892145938299671,-0.12422383070254217,0.12422383070254217,0.05886931009387242,0.9365079365079365,0.5396825396825397,500679251.9090683,20.031476240270447,0.15873015873015872,0.0,0.031746031746031744,0.032871233562474754,-0.03686247432706624,0.011326018856278042,-0.0734710171028813,-0.024008449119857667,0.0,-0.042988840734185775,-0.14573836432962162,-0.010025037417177862,-0.12969333420933504,-0.024008449119857667,-0.03867973694869131,0.3267744216231373,0.016448087082535652,-0.07859303798280082,0.07859303798280082,0.0012119585368839392,544177031.0174124,-0.03482895616785098,0.04164788967751298,-0.026866256099686514,0.10568488508947738,0.21727836879432627,0.1953062593463739,0.4291453011873203,1.0,3.0,1.0,1.0,0.0,63.0,126.0,0.588468809073724,-0.15948294401025065,-0.11261944285464343,,-0.11261944285464343,0.11487758945386065,0.1687110731336805,0.2066683650265,0,0,0,0,0,0
recent_month_top_future_return,2026-05-31,ALAB,342.8500061035156,2.3500654736167057,2.779210774804026,1.2204104311224466,1.4397059584024183,0.8817234459170133,0.8365653500906471,1.1758582862667613,0.10039996109785054,-0.11496621578318988,-0.24585900674264727,2.1310731851532396,0.05578468539413328,0.9805520269203873,0.7093558921438312,1.1900755687144229,-0.018100086150515837,0.018100086150515837,0.11939114377205784,1.0560371532130992,0.15954620382042073,2.3455391477848573,1.0608920704835714,0.10776515601398601,-0.09461412259807755,1.0385453968025367,0.3487139864745562,1.2762582473646118,1.1710028680383149,1.0608920704835714,1.2762582473646118,-0.21106091034858365,0.37974370171228333,1.8852141784105925,-0.07767401510315752,1.6679358096162662,1.8852141784105925,2.0227295712181736,0.9880534624679171,0.9748558060271504,0.943283915941615,0.16055900621118013,1.0432250751731669,0.04704549884538021,-0.018100086150515837,0.018100086150515837,2.4192681518078363,937400487.6017555,1.1034845607151773,0.5714285714285714,0.2222222222222222,0.12698412698412698,0.07654257274264566,1.2761570722718847,0.06694027823659976,0.5619009386050302,0.8005163685129262,1.77991360727778,0.7768248923757639,0.4473476268333239,2.128193529897447,0.5344569293067731,0.10482455329921092,0.9320149392364084,1.0334701880864992,0.04638991930675834,0.5422336359282101,-0.018100086150515837,0.018100086150515837,2.4192681518078363,0.015873015873015872,0.6666666666666666,1034406965.2754163,20.757094120004247,0.5396825396825397,0.2698412698412698,0.12698412698412698,0.07626713385524858,0.4837581017371353,0.6642861731362337,0.7896022529124379,0.760552513261332,0.5,0.20163550716356837,-0.21106091034858365,0.7768248923757639,0.6548676281718546,0.760552513261332,0.367499916155567,0.9632096545520782,0.04913343928977503,-0.018100086150515837,0.018100086150515837,0.760552513261332,1596346481.1044602,0.1738262767966552,0.07325923824784612,0.043397557917643104,0.10568488508947738,0.21727836879432627,0.1953062593463739,0.4291453011873203,1.0,4.0,1.0,0.0,1.0,63.0,126.0,0.9271266540642723,0.40883762699375636,-0.04631764503459834,,0.40883762699375636,0.9905838041431262,0.1687110731336805,0.2066683650265,1,1,1,1,0,0
recent_month_top_future_return,2026-05-31,AMAT,450.05999755859375,1.4631133254906874,1.8922586266780077,0.8977617051378808,0.9405689413635184,1.8120546269317832,0.9393645382781308,0.7886283165126011,-0.38883472285441845,-0.032989941994915783,0.4777574345842215,-0.26739078397363225,0.01879085264582403,0.5933220571662272,-0.5782616659020119,1.6016956601280394,-0.010617988819949464,0.010617988819949464,0.10350012231064953,1.0617204534817435,-0.05470391753489501,0.14415485316860033,0.7556383745176853,0.21560236781130512,0.2542123227822093,0.22920256393362326,0.04673106735539423,0.3997935936581827,0.6480200948961564,0.3997935936581827,0.7886283165126011,0.15650376929340704,0.07805135696902732,0.21036665061058923,-0.08195001156809056,-0.006911718183737037,0.21036665061058923,0.4105213572050093,0.49237088926716466,1.0074035806889743,1.0407556285788964,0.21231205673758868,0.3848043343409291,0.024034415653809052,-0.010617988819949464,0.010617988819949464,0.81730170690046,2462953374.5097933,1.0606390624711992,0.3253968253968254,0.07142857142857142,0.05555555555555555,0.03665707669939619,1.119333299864451,0.0434535682680709,0.11417987178088285,0.13416067862629433,1.1542646118335855,0.15418819941481532,0.1192275414531779,0.3184103979762323,0.10641002746766026,0.07136768564790819,0.5124377743531981,0.9679540067100451,0.02440672122024638,0.09679808263432954,-0.010617988819949464,0.010617988819949464,0.39458867028846756,0.047619047619047616,0.6666666666666666,2612304558.0503435,21.683498641506056,0.3492063492063492,0.06349206349206349,0.07936507936507936,0.03756397311263166,0.07820906163855446,0.12480891570955444,0.28685298544792953,0.14228372690405178,0.8333333333333334,0.10733814324536949,-0.08195001156809056,0.2542123227822093,0.0365988418145744,0.14228372690405178,0.051911689814296835,0.4960161968747561,0.025056532961435958,-0.010617988819949464,0.010617988819949464,0.1581667411811465,3278722497.5824265,0.03598790567245014,0.0421173605986394,0.00682760898673207,0.10568488508947738,0.21727836879432627,0.1953062593463739,0.4291453011873203,2.0,7.0,2.0,1.0,1.0,63.0,126.0,0.8944234404536862,0.6064524817180001,0.2504999130025931,,0.6064524817180001,1.0,0.1687110731336805,0.2066683650265,1,1,1,1,1,0
recent_month_top_future_return,2026-05-31,GLW,181.16000366210935,2.2639445936136813,2.693089894801002,0.9676200519931323,1.0357762101286063,1.7211158670307958,1.047557302060655,1.1588634079305598,-0.39831813649337633,-0.08284358795541458,0.7893193330754276,-0.5827915948320972,0.03990500820767995,0.9635571485841858,-0.9523356696872294,1.7347696654739053,-0.12887625238921563,0.12887625238921563,0.1642320431717006,1.5246934438662492,0.16422083900133289,0.40466473569603045,1.0760198199751452,0.2101763500413059,0.17919138670057078,0.26827421328163936,-0.0679817021885818,0.7605452714371834,0.9984761664476295,0.7605452714371834,1.1588634079305598,0.4591834200185789,0.13091295936708813,0.20652773824333037,-0.09582394626625834,-0.010750630550995899,0.20652773824333037,0.27169565373630616,0.6680214849237526,1.253307141810068,1.13790306526286,0.31607887603973306,0.45388606666015474,0.031183778862408047,-0.12887625238921563,0.12887625238921563,1.192717537951229,1532527900.9669046,1.383272287441458,0.38095238095238093,0.11904761904761904,0.0873015873015873,0.051165907335640456,1.4145444275484609,-0.06264176252880738,0.165856666618579,0.08646113246876586,1.436699108664325,0.2079135521429325,0.1867607740920285,0.33439470472707744,0.14121644269350675,0.25184931641779285,0.7601436953561854,1.101418196391403,0.03718935169365512,0.13096803069755536,-0.12887625238921563,0.12887625238921563,0.47163315244034454,0.15873015873015872,0.9206349206349206,2119903375.1383464,21.47463634729842,0.47619047619047616,0.14285714285714285,0.14285714285714285,0.059692861354775764,0.015036279101823258,0.15539521487418528,0.12506679359653314,0.10471043425231685,0.8333333333333334,0.14917997584263679,-0.09582394626625834,0.4591834200185789,-0.0009744508371605232,0.10471043425231685,-0.023462332408973885,0.8372360979375059,0.0403414086784362,-0.12887625238921563,0.12887625238921563,0.14645309344327417,2808973162.9513693,-0.026772215118282428,0.0725808750874849,-0.04053798070877601,0.10568488508947738,0.21727836879432627,0.1953062593463739,0.4291453011873203,1.0,3.0,1.0,1.0,0.0,63.0,126.0,0.9270321361058601,0.4099690191671479,-0.13855158752552732,,0.4099690191671479,0.992467043314501,0.1687110731336805,0.2066683650265,1,1,1,1,0,0
recent_month_top_future_return,2026-05-31,HIMS,26.149999618530277,-0.9668044422127494,-0.5376591410254291,1.4035196894362985,1.4796838259116984,-0.38252655110460465,-0.424769024523318,-0.34230380476731637,0.30760463427034557,0.1476625554733938,-0.6348088261890108,1.4357729304668576,-0.18335003542698758,-0.5376100641136903,1.1432679090451632,-0.34527039167440565,-0.6048655258696766,0.6048655258696766,-0.08519811566108115,1.056490391603919,-0.11695749555027546,0.5903278530655647,-0.19464124929392257,0.15384316141415824,-0.16569143411934661,0.09065124782571687,0.4804577459451068,-0.0346991704969708,-0.1905480748527366,-0.34230380476731637,-0.0346991704969708,-0.4640088454788516,0.12494331134353764,0.8009641042778468,0.429752036803946,0.5836857354835205,0.8009641042778468,0.6519213089747877,0.9914079313528661,0.8583250473038557,1.2392687188851306,0.19102562629940611,0.14631282980980975,0.04134447748210049,-0.3465767286502538,0.3465767286502538,0.8009641042778468,696619772.9891248,1.186329608889982,0.5317460317460317,0.12698412698412698,0.1349206349206349,0.0702501628203469,0.941269829262204,-0.032892629804422535,0.12434477179474479,0.07577750644799286,0.9679350706570665,0.3087668485906061,0.33338111718778624,0.259633879105152,0.0272500087177745,-0.14400758390868484,1.2286208369802238,0.6926060782652701,0.05221990372963889,-0.16243530338386358,-0.15672365606192729,0.15672365606192729,0.6613722997959479,0.4444444444444444,0.9206349206349206,826420662.8352164,20.532614480097966,0.6666666666666666,0.2222222222222222,0.12698412698412698,0.07752041407382795,-0.011504114782093566,-0.12652802124181262,-0.0441170588794251,-0.03754142270517058,0.3333333333333333,-0.018678808722634038,-0.4640088454788516,0.429752036803946,-0.14322630779464796,-0.03754142270517058,0.034578240024159435,0.8509502595758666,0.03756722492012173,-0.10260809312783714,0.10260809312783714,0.17317176063075146,585154273.6980983,0.08434232162274613,0.0743048438309702,0.051636758408146965,0.10568488508947738,0.21727836879432627,0.1953062593463739,0.4291453011873203,1.0,4.0,1.0,0.0,1.0,63.0,126.0,0.8967863894139887,0.3258125688222817,0.2520077306336459,,0.3258125688222817,0.9830508474576272,0.1687110731336805,0.2066683650265,1,1,1,0,0,0
recent_month_top_future_return,2026-05-31,KLAC,192.17100524902344,1.1262075229692805,1.5553528241566008,0.8415578111960761,0.8461516744456365,1.2131830056073274,0.5966176214894534,0.639057643163057,-0.2897972813345726,-0.05343115979982849,0.2986558917279516,-0.036537378576498414,0.033697191842114727,0.4437513838166831,-0.37693913001160384,1.2172284104100068,-0.044586092114867526,0.044586092114867526,0.08432205941052406,1.1175935226820732,0.03505285030264704,0.30635936445715073,0.5856264833632285,0.15422186210988464,0.17518199468516715,0.2039839431205348,0.04930476730700384,0.3492603618284844,0.5246481627849233,0.3492603618284844,0.639057643163057,0.06904410938354899,0.09661005048467941,0.2621185131514532,-0.03420024241986941,0.04484014435712691,0.2621185131514532,0.5053467098660765,0.5250104562937363,0.9832395402168547,0.9879621355631866,-0.3940019041574103,-0.33382527074521895,0.02449189110137997,-0.044586092114867526,0.044586092114867526,0.6649639968488401,1546891976.950267,1.0680088291231198,0.29365079365079366,0.0873015873015873,0.03968253968253968,0.03698218680629714,0.7949441450609431,0.05084021134020744,0.10672447477092106,0.11053213220027702,1.1448582274714987,0.18876538477741556,0.08499496095336703,0.3068117932787302,0.055817229505446875,-0.1706640285686709,0.5186904515929628,0.9952198620004401,0.02572791574579279,0.027256133608838162,-0.044586092114867526,0.044586092114867526,0.4310830482803587,0.047619047619047616,0.9206349206349206,1652094289.0826027,21.225309586737595,0.3333333333333333,0.1111111111111111,0.047619047619047616,0.03952800921525642,0.05066299595666246,0.047768111001552205,0.19236645414853354,0.09930168729081701,0.8333333333333334,0.088631687593199,-0.03420024241986941,0.18876538477741556,-0.006383197798660367,0.09930168729081701,0.04798360714163552,0.5162110396552944,0.026503850569622848,-0.044586092114867526,0.044586092114867526,0.12306095691486996,1926383914.3277123,0.02891793341016191,0.04332204738114748,-0.010070756713188023,0.10568488508947738,0.21727836879432627,0.1953062593463739,0.4291453011873203,2.0,7.0,2.0,1.0,1.0,63.0,126.0,0.8840264650283554,0.5700078743102237,0.13820498281777382,,0.5700078743102237,0.9981167608286252,0.1687110731336805,0.2066683650265,1,1,1,1,1,0
recent_month_top_future_return,2026-05-31,LRCX,317.9560241699219,2.5380699452842492,2.9672152464715693,0.9102311699437621,0.9600390700420823,2.1923687346945844,1.0264553331272928,1.0454211129588145,-0.6808995819413657,-0.18444893613508984,0.5017633020172623,-0.1397503202036321,0.09911429006418793,0.8501148536124405,-0.6834081311451843,1.8433706831052086,-0.013945685910694894,0.013945685910694894,0.11688323510805465,0.9275624424726242,-0.16296222158920304,0.14005632046394623,0.8609721768237246,0.3521621062453013,0.3638276381290222,0.3024511512359733,0.04854427968739228,0.3645215310174488,0.7569716069333293,0.3645215310174488,1.0454211129588145,0.0018417953700253786,0.1158373049365562,0.3620129818136302,-0.08539916903581557,0.1447346130193039,0.3620129818136302,0.6070479260426297,0.5671247365167889,0.9764950576967909,1.0515321957895305,0.047307125449133514,0.29229894073816554,0.02853349676578777,-0.013945685910694894,0.013945685910694894,1.0614100900597165,2409382053.7165203,1.0274973834652483,0.3492063492063492,0.1111111111111111,0.05555555555555555,0.04262472896625001,0.9419154180365861,0.0394664766036954,0.16057836760455713,0.20656639639008767,1.1582057124182277,0.20687064880527628,0.16425050285304607,0.48918843685914637,0.15838976419458328,-0.01096781823198889,0.5963499194760579,0.9286401896269103,0.030535357752358095,0.15841287926005387,-0.013945685910694894,0.013945685910694894,0.5962474610457482,0.047619047619047616,0.9206349206349206,2475633755.961851,21.629762263607354,0.3968253968253968,0.1111111111111111,0.06349206349206349,0.043727017939729225,0.1282218821940837,0.23125861909361456,0.4224048317402256,0.2339254735653289,0.8333333333333334,0.13669677948300418,-0.08539916903581557,0.3638276381290222,0.1282405884758515,0.2339254735653289,0.08552364525827882,0.5537945023062391,0.02819427129148843,-0.013945685910694894,0.013945685910694894,0.23940485439514925,2692126660.3354316,0.05583818064763246,0.04582313772786855,0.004901657247458502,0.10568488508947738,0.21727836879432627,0.1953062593463739,0.4291453011873203,2.0,7.0,2.0,1.0,1.0,63.0,126.0,0.9255198487712666,0.36286138217870545,0.005736562514067067,,0.36286138217870545,0.9868173258003766,0.1687110731336805,0.2066683650265,1,1,1,0,0,0
recent_month_top_future_return,2026-05-31,MRNA,47.18999862670898,0.34758661054408746,0.7767319117314078,0.9890913529944715,1.0382415686805309,0.9589040401745099,0.73748154977274,0.8163972077825108,-0.7456007713520565,-0.21619378313122306,1.0619707713133,-1.1810673011706943,0.13510393728743297,0.6210909484361369,-0.9354937376399052,1.167912300324607,-0.18356402682352613,0.18356402682352613,0.08548610644467303,0.7337960959865257,-0.3037366175286944,-0.3866591702477987,0.6002034246512877,0.38360831179786015,0.4944048842613209,-0.022825612603699308,-0.18356402682352613,0.0707964364304543,0.4957990229547509,0.0707964364304543,0.8163972077825108,0.2155661462624363,-0.03262829843922155,-0.11909652985739438,-0.05170805438759973,-0.33637489865172066,-0.11909652985739438,-0.18985655168079596,0.6990226984985115,0.859871161826542,0.8973920971724275,0.04101482006561041,0.06934021327373019,0.03143267398691987,-0.18356402682352613,0.18356402682352613,0.9613466198745253,415122772.09462214,0.9178112419307797,0.40476190476190477,0.1111111111111111,0.07936507936507936,0.06067497181359098,0.7647718969630668,0.021626297863314048,-0.03970414995670779,-0.059356821437504204,0.8606020002254428,-0.0956693047901862,0.21639917794089708,-0.07106300520803821,-0.054464642023907994,-0.07873096767605059,0.6272974453767087,0.9581889171254022,0.027802733795506532,-0.08384817434153424,-0.18356402682352613,0.18356402682352613,0.040114607398528346,0.9523809523809523,0.30158730158730157,381004347.00991315,19.758321345125367,0.3333333333333333,0.07936507936507936,0.06349206349206349,0.05922015020219117,-0.04435641298622872,-0.03614261496455595,0.045268319551168425,0.02720940438324848,0.6666666666666666,0.12081783550277546,-0.0956693047901862,0.4944048842613209,-0.0784754807062289,0.02720940438324848,-0.029202133769461125,0.6010694599010397,0.025163615677003922,-0.13173873134184844,0.13173873134184844,0.040114607398528346,389432671.8800136,-0.005542352472915568,0.05967971231271443,-0.0013966719462371602,0.10568488508947738,0.21727836879432627,0.1953062593463739,0.4291453011873203,1.0,3.0,1.0,1.0,0.0,63.0,126.0,0.7737240075614367,0.4840008649557521,0.2083068895342377,,0.4840008649557521,0.9962335216572504,0.1687110731336805,0.2066683650265,1,1,1,1,0,0
recent_month_top_future_return,2026-05-31,MRVL,204.94943237304688,1.985943818941151,2.415089120128471,1.2659443894560543,1.3544403103814415,2.2668377887959554,1.1895689717357647,1.2958635004195487,0.303003792566253,0.11941293332179548,-0.0855841026485159,1.5963273072114417,-0.04944068995730666,1.1005572410731748,0.2148797041433772,2.1270860826895825,-0.01565353461201391,0.01565353461201391,0.20305161953368156,1.2235373695425624,0.679916855108671,3.2178398281948173,1.4152764337413442,0.15263046362165422,-0.07064264487069394,0.7924956198076152,0.1684903482371396,1.5988672929858017,1.436669075715565,1.2958635004195487,1.5988672929858017,0.03509880590843473,0.37872675150009605,1.5107432045629259,0.2125107542333473,1.2934648357685996,1.5107432045629259,2.114234317463925,0.6092200550628403,1.0856311092062993,1.1729063567994156,0.6738672701333202,1.0777643232603733,0.02865800135840075,-0.01565353461201391,0.01565353461201391,1.7818064970701237,2544619313.1600633,1.4779688220020195,0.4126984126984127,0.12698412698412698,0.031746031746031744,0.048318325938229836,1.4010861516013975,-0.013177103254417344,0.4167483499701399,0.39775891857151335,2.123130638233056,0.6681743123749615,0.27542010774483755,1.0706976790077478,0.3253887147950709,-0.03373508346444165,0.7145580752728953,0.9255906090992041,0.036050008131604507,0.2522505574083096,-0.01565353461201391,0.01565353461201391,1.7101295474500362,0.047619047619047616,0.9365079365079365,3760868008.7147665,22.047915621353155,0.5396825396825397,0.19047619047619047,0.031746031746031744,0.0558674439336596,0.19015131433460342,0.26976486604511685,0.36483222830677814,0.24129574688134237,0.6666666666666666,0.17283271409501424,-0.07064264487069394,0.6681743123749615,0.135610861791865,0.24129574688134237,0.13629431149574467,0.6613882441285941,0.03647689926073963,-0.01565353461201391,0.01565353461201391,0.28116988554468025,5040329733.557637,0.07178330675639266,0.06994772643235692,0.011726128035758565,0.10568488508947738,0.21727836879432627,0.1953062593463739,0.4291453011873203,2.0,7.0,2.0,1.0,1.0,63.0,126.0,0.9466918714555765,0.453121996348006,0.021325138111222497,,0.453121996348006,0.9943502824858758,0.1687110731336805,0.2066683650265,1,1,1,1,0,0
recent_month_top_future_return,2026-05-31,SNDK,1694.97998046875,43.54246632597799,43.97161162716531,1.021024967388915,1.1400822945241245,31.303791519638096,7.503386168156247,6.591275482512736,-4.649878553282801,-0.4509100532276893,1.8455750126530135,-0.1778275631014492,0.06314943649499427,6.395969223166362,-4.923528032961172,6.419849064669368,0.0,-0.0,0.445914257239135,1.1980204480159073,-0.5193868696521348,0.28215445270651096,6.140365429285047,2.5643721421573558,1.427542287247309,1.070910501287917,0.08648333391252272,1.941396929229935,4.891012613675906,1.941396929229935,6.591275482512736,0.10257698108731028,0.4543194201018994,1.6677474495515643,-3.141289434949179e-05,1.450469080757238,1.6677474495515643,1.7141743351513032,1.026702562025451,0.9451611474170196,0.9476122163963535,-0.4200075555231537,-0.10345042593681719,0.05077438720203373,0.0,-0.0,7.719929714430334,11501542084.459263,1.3447886124853028,0.6190476190476191,0.29365079365079366,0.15079365079365079,0.0803948436602357,0.4868705207747038,0.0,0.5856551068715568,0.5714548351156483,1.6932775963344187,0.7258632596983634,0.5494030956493846,1.6678312538528837,0.6319151803849199,-0.4103615096441502,0.9729158903807523,0.9974134261495119,0.05162935992128513,0.5526878125121817,0.0,-0.0,2.214267964154159,0.0,0.9206349206349206,15467142821.201288,23.461983792954822,0.6984126984126984,0.3333333333333333,0.1746031746031746,0.07331590180137541,0.306622577821849,0.5802842165734008,0.5624439590440895,0.5457952644053343,0.8333333333333334,0.4774826360064936,-3.141289434949179e-05,1.427542287247309,0.44011037931585695,0.5457952644053343,0.16716072756806533,0.9703993715799691,0.04915829852130864,0.0,-0.0,0.5457952644053343,20719741413.72884,0.12596994280348572,0.07029341728605179,0.06005153099317595,0.10568488508947738,0.21727836879432627,0.1953062593463739,0.4291453011873203,1.0,3.0,1.0,1.0,0.0,63.0,126.0,0.9930056710775047,0.34144946056527803,-0.04994160721040042,,0.34144946056527803,0.9849340866290018,0.1687110731336805,0.2066683650265,1,1,1,0,0,0
recent_month_top_future_return,2026-05-31,TECH,51.68000030517578,-0.35491267890512446,0.07423262228219585,0.860023862474591,0.8904916279732894,-0.049693217536719514,-0.17028511906005017,-0.1963212166160665,0.005266812709988855,0.0778943776900971,-0.0841826053601753,-0.038263869135969575,-0.08835838150426167,-0.3916274759624404,0.07387474211992162,-0.40094183466908695,-0.2736716131504685,0.2736716131504685,-0.03718605148811305,1.321872826445071,0.6084926389804439,0.41153838608428805,-0.11842683892596939,0.04353166775806138,0.08978053076844472,-0.08874835370656164,0.026991707962584544,-0.19105440390607764,-0.16860081981603783,-0.1963212166160665,-0.11842683892596939,-0.07818090568383373,-0.04781207399203813,-0.12244647449614487,-0.11423733804571223,-0.33972484329047115,-0.12244647449614487,-0.20928774936385008,0.4896501178982685,1.6311847231066714,1.1948588764300168,-0.1688381730960289,-0.22209053432367254,0.0217060003439599,-0.2736716131504685,0.2736716131504685,0.19574268499604242,134272829.72580138,0.9944469345056623,0.23015873015873015,0.047619047619047616,0.03968253968253968,0.041550781225767,1.2384638159286046,0.04799008701964691,-0.0634147489938165,-0.009467809379964942,0.8278089796371825,0.05855341839683015,0.08500284672985078,-0.009267873667558546,-0.12989448022390593,-0.0269291268803864,0.5850627897157503,1.3651693562174498,0.02532592622672295,-0.15562905135898575,-0.14533412090067066,0.14533412090067066,0.19574268499604242,0.4444444444444444,0.14285714285714285,133527203.90822396,18.709815797127906,0.30158730158730157,0.047619047619047616,0.06349206349206349,0.0477521630068151,0.013362875077016056,-0.0738432517378792,-0.08021660390493814,-0.06406978701849875,0.3333333333333333,-0.03275207718117192,-0.11423733804571223,0.08978053076844472,-0.16975467210797612,-0.06406978701849875,0.06485271678844873,0.7987097919830362,0.0332534964530064,-0.08652681872337886,0.08652681872337886,0.19574268499604242,169970014.48475066,0.09034136333084564,0.0413658309364845,0.04704404784343552,0.10568488508947738,0.21727836879432627,0.1953062593463739,0.4291453011873203,1.0,3.0,1.0,1.0,0.0,63.0,126.0,0.5521739130434782,0.3670665849203423,0.3887383169360894,,0.3887383169360894,0.9887005649717514,0.1687110731336805,0.2066683650265,1,1,1,0,0,0
recent_month_non_top10_control,2026-06-30,A,132.8300018310547,-0.20435380371493594,0.13700428658398067,1.2565253060591395,1.2969972469207984,0.041118523930551376,-0.12946205663691224,-0.017949836528919128,0.11688849810356483,0.01450687881130186,-0.15893099468325556,0.32655238753346927,-0.014556997939703664,-0.21952376061825352,0.18557122937913284,-0.04793456641964279,-0.14995190791317448,0.14995190791317448,-0.012773903050941615,1.303992526132097,-0.1806511703247753,-0.043310778264421645,-0.0034429577176172677,0.06371206909560484,-0.09316408901800077,0.10301839078643171,0.192619068652653,0.0989386615746457,0.0258486224427031,-0.017949836528919128,0.0989386615746457,-0.05882277568408578,0.062193820310482595,0.1676213928502137,0.0137743465236555,-0.10963927754453828,0.1676213928502137,0.36895044400747706,0.37446539876416995,0.8233432881151009,1.213248361399038,-0.594268869816315,-0.6015869149506534,0.015282788290351405,-0.10187746225086036,0.10187746225086036,0.2099887926767514,281964283.9111389,0.9894157932459168,0.11904761904761904,0.007936507936507936,0.007936507936507936,0.02709443192899614,0.6797923631293362,-0.03819106959191598,0.0980326967329701,0.0818049325045338,1.020068643668902,0.17291214546950817,0.09248188814247055,0.15175669699486538,0.13398820731573524,-0.34358880081322785,0.4543195314512665,0.6786271585528257,0.017281189629408947,0.10359524726983405,-0.03819106959191598,0.03819106959191598,0.20363110221503788,0.2698412698412698,0.4444444444444444,278979915.6329564,19.44665035380029,0.14285714285714285,0.015873015873015872,0.015873015873015872,0.02821789366724711,0.03918768689033758,0.0847540599271761,-0.058501110359486935,-0.018036686342074115,0.3333333333333333,0.0003509905015498897,-0.09316408901800077,0.17291214546950817,-0.016545855111386065,-0.018036686342074115,0.008993375256097336,0.30831357270382415,0.01539654067786987,-0.03819106959191598,0.03819106959191598,0.07042141121459311,313490334.0200152,0.02219696396541182,0.02879286996564942,-0.005437451835080265,-0.00149083123068805,0.277260670394752,0.2015739240893344,0.3413580902989166,1.0,3.0,1.0,1.0,0.0,63.0,126.0,0.4399810964083176,0.052021407564972755,,,0.052021407564972755,0.7763157894736842,0.09181703138134327,0.12464407285187916,0,0,0,0,0,0
recent_month_non_top10_control,2026-06-30,ABBV,249.86151123046875,0.05847989533384901,0.3998379856327656,1.2929854373085037,1.3810630838147857,0.11260664256766484,0.12327212506511587,0.11938840298661724,-0.02611181481056346,0.018352697630670045,-0.04048376670784659,0.2071012392918523,-0.016130820641631627,-0.08218552110271715,0.047229069597388484,0.425954830517022,-0.010499031674390258,0.010499031674390258,0.01031797513628252,1.128809251406915,-0.15784977802374967,-0.01753283650200743,0.13774110061728728,0.022344802712862828,0.04067087224049604,0.1597540837953193,0.06867454276664653,0.09327658817605378,0.11680203059331944,0.09327658817605378,0.13774110061728728,-0.06286626604820633,0.04309680058226628,0.16661747258400572,-0.020308286242734175,-0.11064319781074627,0.16661747258400572,0.582312990490933,0.28028418609950767,1.285909591923458,1.02085831050199,-0.08122333792741354,0.061918716570405374,0.013139592616217884,-0.010499031674390258,0.010499031674390258,0.2749010944658212,1548441071.521638,0.9941712140645296,0.09523809523809523,0.007936507936507936,0.007936507936507936,0.025164507190239643,0.8769832154923636,0.06005332545580078,0.08177372259386262,0.16201744934659046,1.1552807060052728,0.030285817466402465,0.07584391924793503,0.1908005918615474,0.09367292248934156,-0.15792745033564048,0.28613044068196875,1.2596357189776253,0.013652899796778443,0.1033943007150473,-0.010499031674390258,0.010499031674390258,0.2749010944658212,0.015873015873015872,0.6984126984126984,1539415539.9820478,21.15466866249362,0.09523809523809523,0.015873015873015872,0.0,0.024848844164077465,0.12039343993904161,0.14507157906913504,0.43226319603333696,0.15579635444256645,0.5,0.021241278536148805,-0.06286626604820633,0.15579635444256645,0.1572871856732545,0.15579635444256645,0.0953918730436063,0.36042012336981644,0.017412867211430327,-0.010499031674390258,0.010499031674390258,0.1817968519672588,2035292437.2423444,0.0652375239273788,0.026304590477473425,0.01686694184321258,-0.00149083123068805,0.277260670394752,0.2015739240893344,0.3413580902989166,1.0,3.0,1.0,1.0,0.0,63.0,126.0,0.5406427221172023,0.028249657830472952,,,0.028249657830472952,0.6635338345864662,0.09181703138134327,0.12464407285187916,0,0,0,0,0,0
recent_month_non_top10_control,2026-06-30,ABNB,143.10000610351562,-0.26005228658593693,0.08130580371297969,1.1434660857254222,1.174026898152046,0.17855384830762766,0.22318154300806325,0.05437669331295836,0.004760346558773332,0.05175310111032383,-0.06955498346964528,0.20275111497749843,-0.04678754823461484,-0.14719723077637603,0.07881943819489479,0.16404027817492867,-0.02765503917963974,0.02765503917963974,0.007573595656703347,0.9380443893727904,-0.11311124526645078,0.00501890594187504,0.10612979442328219,0.02860467139657815,0.04436890863267462,0.07375605307061339,0.07079579128974312,0.05913703987173169,0.07321450920265742,0.05437669331295836,0.10612979442328219,-0.06535416913008418,0.024534015965970823,0.13319613150785314,0.11149827341749274,-0.14406453888689885,0.13319613150785314,0.4476930932720175,0.3314837911636089,1.0567164989074047,0.8975298886499131,-0.2316287473551577,-0.1752011630266903,0.015778673579335357,-0.02765503917963974,0.02765503917963974,0.23404628521316617,553522893.6408088,0.9364821296053503,0.12698412698412698,0.023809523809523808,0.023809523809523808,0.03196564601771749,0.8098897427330438,0.04773680205613384,-0.008989035815746282,0.03928969455000675,1.0145784547579089,-0.050228006704909345,0.07487317726582667,0.019521270171339644,0.015543591866057582,-0.05823847080306144,0.29751661017232495,1.1773607901759617,0.014877532018113874,0.06845203367301811,-0.02765503917963974,0.02765503917963974,0.1452581800605539,0.015873015873015872,0.9523809523809523,518364298.22206044,20.066188833389486,0.09523809523809523,0.031746031746031744,0.0,0.03195833510612718,0.04846434529397525,0.08597767912749843,0.20965226799429834,0.07343791706708913,0.5,0.011155895841274688,-0.06535416913008418,0.11149827341749274,0.07492874829777718,0.07343791706708913,0.03827698136647939,0.35028439124296207,0.017649125059128697,-0.02765503917963974,0.02765503917963974,0.10844306226271172,557963874.1387503,0.004704105854835827,0.03276031177709452,-0.009153688616950872,-0.00149083123068805,0.277260670394752,0.2015739240893344,0.3413580902989166,1.0,3.0,1.0,1.0,0.0,63.0,126.0,0.5639886578449905,-0.038644294503360044,,,-0.038644294503360044,0.26879699248120303,0.09181703138134327,0.12464407285187916,0,0,0,0,0,0
recent_month_non_top10_control,2026-06-30,ACGL,97.05999755859376,-0.2753504647591398,0.06600762553977679,0.9981619993161661,1.0181279835061252,0.06976737537149491,0.03343270284141342,0.011884897950483087,-0.042738656514697215,-0.0012643582447040558,0.0007297716447085545,0.010417219902710828,0.0012510711934194951,-0.1896890261388513,-0.0007379064030637039,0.055321256731613214,-0.04824480914282414,0.04824480914282414,-0.0042480901828994,1.5153282959683982,-0.2451628238649869,-0.23674866024293195,0.01062053970577903,0.02431840448247849,0.04279467483519239,0.018894562629109712,0.04062880483126996,-0.03085375856421413,-0.002782773635984004,-0.03085375856421413,0.011884897950483087,-0.04153772939318867,-0.01593255138145888,0.011146991547419383,-0.01593914796693985,-0.2661136788473326,0.011146991547419383,0.04969757503544474,0.21483420031728034,1.0026039899355503,1.0440446063354383,-0.6915935047781835,-0.6649436433814977,0.010028079265538264,-0.04824480914282414,0.04824480914282414,0.10773789678270673,204800446.79754955,1.0776472555561125,0.047619047619047616,0.0,0.0,0.019886703719724154,0.5643805427692964,0.09786247099295653,-0.0231404846185731,0.03630370512212111,0.9234642254581329,-0.05420286678177255,0.053213753146141934,0.027524862368419223,-0.019868847422212066,-0.5392383513411556,0.22429648809764363,0.9603076189001702,0.01033872781786891,0.0015918666212553223,-0.01810825435668517,0.01810825435668517,0.10773789678270673,0.7619047619047619,0.30158730158730157,220702639.4280449,19.21232683503417,0.06349206349206349,0.0,0.0,0.01989479936310893,0.04684520106338774,0.04066250783278247,0.401179368563429,0.08641147903684154,0.5,0.003129580153925393,-0.05420286678177255,0.08641147903684154,0.0879023102675296,0.08641147903684154,0.052454632196112794,0.21539362641271853,0.010893277316559705,-0.01019783831222787,0.01019783831222787,0.10773789678270673,217615332.59782338,0.02840671615974233,0.0194283319305722,0.0070344914779976175,-0.00149083123068805,0.277260670394752,0.2015739240893344,0.3413580902989166,1.0,3.0,1.0,1.0,0.0,63.0,126.0,0.16077504725897923,0.03132084269518054,,,0.03132084269518054,0.6785714285714286,0.09181703138134327,0.12464407285187916,0,0,0,0,0,0
recent_month_non_top10_control,2026-06-30,ADBE,205.0200042724609,-0.8114263241572099,-0.4700682338582933,0.8610926588806999,0.9144625502845136,-0.41879516861102506,-0.3595726700235081,-0.4142118060714628,0.19550825594482069,0.11334225542341814,-0.30546584584241043,0.14889188964733757,-0.16211889430431536,-0.6157857301607972,0.25763784987638993,-0.9859430073292554,-0.47712318010437627,0.47712318010437627,-0.06710864570385433,1.537130447572656,0.37011298323827013,0.15558897301842056,-0.30086955064804466,0.09816754101087928,-0.10516622792119568,-0.16365508347166335,0.05859720176302885,-0.2187035501266421,-0.31126163561538317,-0.4142118060714628,-0.2187035501266421,-0.07366335719405293,-0.03365901412039529,-0.15657395619507286,0.01242391085120964,-0.43383462658982486,-0.15657395619507286,-0.33676313768044397,0.42011739318836394,1.2125287064450505,1.1066857447973457,-0.4199687294729343,-0.5412290518043986,0.01998555583277514,-0.41946992256626947,0.41946992256626947,0.060027921981917975,1516283308.668712,0.9525210403133997,0.20634920634920634,0.023809523809523808,0.05555555555555555,0.03319470581405343,1.000595830252217,-0.16576784473939787,-0.07251733865999876,-0.13209347582119868,0.9586345211395157,0.05327096719391444,0.10037257401111205,-0.16692401792861167,-0.11915942063824903,-0.1530563998649105,0.4649379301829839,1.0956395816475313,0.022516855997565175,-0.1954118045239014,-0.2518337219072736,0.2518337219072736,0.060027921981917975,0.31746031746031744,0.047619047619047616,1444291754.5829651,21.090884903810945,0.23809523809523808,0.047619047619047616,0.06349206349206349,0.03505091335990552,-0.10538807660520388,-0.17970166470928184,-0.41039741750939884,-0.20905824994793265,0.3333333333333333,-0.08071864188706208,-0.20905824994793265,0.05327096719391444,-0.2075674187172446,-0.20905824994793265,-0.061454952699427245,0.5094043993177536,0.02596632927399559,-0.2518337219072736,0.2518337219072736,0.060027921981917975,1892044632.5624738,0.027540429883277318,0.04472038030931323,0.020853268028828253,-0.00149083123068805,0.277260670394752,0.2015739240893344,0.3413580902989166,2.0,8.0,2.0,1.0,1.0,63.0,126.0,0.7480151228733459,0.03487461587886043,,,0.03487461587886043,0.693609022556391,0.09181703138134327,0.12464407285187916,0,0,0,0,0,0
recent_month_non_top10_control,2026-06-30,ADI,397.1700134277344,0.3496825614365211,0.6910406517354377,1.0166191255552959,1.0286087538425221,0.6317294671066105,0.5109518016240466,0.4731006354004146,-0.35023349090681744,-0.18802312422995282,0.1767556592471724,0.07507654893003624,0.14631267187821173,0.2715267113110802,-0.22126842722320594,1.1710344694292265,-0.10844481540626616,0.10844481540626616,0.067032805326801,1.2828682660361592,0.5120978090949393,0.892892739339237,0.28507751117046176,0.17527521048121764,0.1444608718603304,0.076149524014828,0.007031493675966338,0.12286714449359715,0.29368176368815785,0.12286714449359715,0.4731006354004146,-0.10302104614435292,0.0946652142253337,0.25183220817720864,0.2644119297810239,-0.025428462217543357,0.25183220817720864,0.52243978947172,0.4040023139805683,1.5381425333582595,1.193139366864143,0.17661903810889812,0.13228908378169058,0.0191409207284045,-0.10844481540626616,0.10844481540626616,0.4731006354004146,1528422173.7744286,1.1669470985601407,0.20634920634920634,0.03968253968253968,0.023809523809523808,0.029801556900412418,1.2734012974976832,-0.06556680386573566,0.021482618149450294,-0.02623402156115262,1.4418837370060098,0.02881215648237956,0.1358678284726036,-0.009949069055362192,0.006778746956110027,0.23561936357223212,0.482031065114424,1.2891557986229787,0.023572859010196547,0.008905660659049408,-0.10844481540626616,0.10844481540626616,0.25183220817720864,0.09523809523809523,0.9841269841269841,1783587821.0610526,21.301892802964446,0.2698412698412698,0.06349206349206349,0.047619047619047616,0.03221189875087905,-0.03503737306628807,-0.026274466313691458,-0.060629080040100786,-0.037675707167254546,0.6666666666666666,0.07388347944838969,-0.10302104614435292,0.2644119297810239,-0.036184875936566496,-0.037675707167254546,-0.0399912786477431,0.6214131427086703,0.03049073573488245,-0.10844481540626616,0.10844481540626616,0.02651781982505974,2340480107.6296854,-0.0370702373530033,0.04909735121252812,-0.010513438272015452,-0.00149083123068805,0.277260670394752,0.2015739240893344,0.3413580902989166,1.0,3.0,1.0,1.0,0.0,63.0,126.0,0.773156899810964,-0.04272729724544222,,,-0.04272729724544222,0.2593984962406015,0.09181703138134327,0.12464407285187916,0,0,0,0,0,0
recent_month_non_top10_control,2026-06-30,ADP,223.9499969482422,-0.5950107044596361,-0.2536526141607195,1.0633697546026184,1.0748206789344346,-0.21981542362824635,-0.10307809341103302,-0.11552500623124895,0.1768867349403036,0.0373040398345611,-0.20359696136818461,0.3141841274948224,-0.0404696119944673,-0.31709893032058334,0.22611217235788672,-0.38911927778774497,-0.25974941369708915,0.25974941369708915,-0.025870378009669848,1.2885735623599701,0.04035067347886678,0.15540010623683354,-0.07822096639668785,0.09324147607047199,-0.1315128399019233,0.05697572454994626,0.19529713180020358,0.06136172870905465,-0.04412808130629405,-0.11552500623124895,0.06136172870905465,-0.04432379458270275,0.04894951899741051,0.11058716612663777,0.043114516917461154,-0.16667350426811423,0.11058716612663777,0.3463286428156559,0.296888416549398,1.0172989658811535,1.0755313272341804,0.061017852384758875,0.07923600586487956,0.013847315586605598,-0.14475035053682161,0.14475035053682161,0.1952386350513846,704556061.2557185,0.8977016298812424,0.10317460317460317,0.015873015873015872,0.007936507936507936,0.02468173210874173,0.9257674258406166,-0.01921401615726348,0.06186548313897422,0.03646985928742552,0.9448539258696156,0.04671133272538297,0.06817947746108985,0.06468383683180545,0.045713585836499426,-0.04134604238927875,0.3193127926918283,0.9458571220767912,0.014430442362973424,0.008168136265087389,-0.03461504839722518,0.03461504839722518,0.1952386350513846,0.31746031746031744,0.873015873015873,632481124.5319669,20.26516093706452,0.12698412698412698,0.031746031746031744,0.0,0.024961125600263825,0.005465809365241103,0.012729863911459693,0.05685122260569847,0.017170449525588438,0.5,-0.0182183245517768,-0.1315128399019233,0.04671133272538297,0.018661280756276488,0.017170449525588438,0.0002678892179976966,0.3020242791377957,0.01406971591884796,-0.03461504839722518,0.03461504839722518,0.043569387599255105,696627842.1189082,0.0166098323397168,0.0248309473949224,0.010021274135588731,-0.00149083123068805,0.277260670394752,0.2015739240893344,0.3413580902989166,1.0,3.0,1.0,1.0,0.0,63.0,126.0,0.5244801512287335,0.08452783296507604,,,0.08452783296507604,0.881578947368421,0.09181703138134327,0.12464407285187916,0,0,0,0,0,0
recent_month_non_top10_control,2026-06-30,ADSK,194.4199981689453,-0.7133256789893628,-0.3719675886904462,1.0063294577238855,1.0178951008077313,-0.3879812700257488,-0.3590690297484518,-0.34319789279124946,0.13394097665668858,0.11205146151475609,-0.19124358637048566,0.003357216803624885,-0.14573836432962162,-0.5447718168805838,0.15531152322438868,-0.8523951685968615,-0.4050613755462491,0.4050613755462491,-0.04897204651891551,1.5067158842742014,0.17241910631741142,-0.04786246317939047,-0.23114643127649337,0.07185038404964554,-0.027682208783829765,-0.16670060673328657,-0.024767168809098017,-0.20925691613456088,-0.2612004134007679,-0.34319789279124946,-0.20925691613456088,-0.026314724647956034,-0.04956024681385929,-0.18788636956686078,-0.010025037417177862,-0.4651470399616128,-0.18788636956686078,-0.4459747968494524,0.40262768424203044,1.225138428210488,1.0463604725260163,-0.7012954723894269,-0.7489337498419523,0.019190059090856297,-0.3545795867671053,0.3545795867671053,0.035691438869984715,555663332.7275836,1.018225893156256,0.23809523809523808,0.015873015873015872,0.03968253968253968,0.03373820587218244,0.660019661513551,-0.1013179022143027,-0.09172797276145339,-0.1432917581272024,0.9525741557562091,-0.024008449119857667,0.06787587158751933,-0.1796624549833531,-0.14056570544588098,-0.41440701880403275,0.4212936939355466,1.1708569468921972,0.019695341393984444,-0.1934180899658664,-0.22554173291684487,0.22554173291684487,0.035691438869984715,0.5714285714285714,0.09523809523809523,565790793.2607257,20.153734946393133,0.23809523809523808,0.015873015873015872,0.047619047619047616,0.03577645748273549,-0.10871028357757417,-0.1852955051934999,-0.3233146981782071,-0.15948294401025065,0.0,-0.0655419547181156,-0.15948294401025065,-0.010025037417177862,-0.1579921127795626,-0.15948294401025065,-0.05983961486854905,0.49327464822630984,0.023925219963480633,-0.21655385517456538,0.21655385517456538,0.035691438869984715,711016512.9908243,0.005778476055854576,0.04343321052923504,0.003965873174225587,-0.00149083123068805,0.277260670394752,0.2015739240893344,0.3413580902989166,1.0,3.0,1.0,1.0,0.0,63.0,126.0,0.6519848771266541,0.05575556239060875,,,0.05575556239060875,0.7894736842105263,0.09181703138134327,0.12464407285187916,0,0,0,0,0,0
recent_month_non_top10_control,2026-06-30,AEE,113.04000091552734,-0.1308122474403497,0.21054584285856692,0.9161398514026814,0.9275283734365822,0.10591392797128574,0.08542817712949402,0.1477075639089287,-0.1359660356788457,-0.03800492455291127,0.10821809170302066,-0.07258478766155396,0.034247845508384334,-0.05386636018040569,-0.112074259867462,0.7843320049173709,-0.04462473624843866,0.04462473624843866,0.016800953450001987,1.5092805373873077,0.1881342701014832,0.23047141979009567,0.10970263935601743,0.07015164103749497,0.0968242465022715,0.03342242137650131,-0.01857472128170412,0.01174152823008301,0.08971724383167638,0.01174152823008301,0.1477075639089287,-0.02306972527645479,-5.540666316417031e-06,0.035633304041466696,0.033933807278157424,-0.2416273663532853,0.035633304041466696,0.1694519455025249,0.18832275488297795,1.384639548233767,1.11662342764399,-0.5320762451321992,-0.5066504818421833,0.009479089990724929,-0.04462473624843866,0.04462473624843866,0.15685962496875838,189638500.5979447,1.042363773675532,0.031746031746031744,0.0,0.0,0.01743636905866049,0.8537438550293321,0.010921137678566728,-0.0014623120037590143,0.031579126749778696,1.0578648285028664,-0.049978011859736826,0.053131638373943704,0.0016437191156206676,0.009212439264974615,-0.2869524478800656,0.21028560006078978,1.240023730431015,0.010694099863640718,0.03625634857198956,-0.04462473624843866,0.04462473624843866,0.08323160019248532,0.031746031746031744,0.31746031746031744,197672303.11744326,19.102121187874268,0.031746031746031744,0.0,0.0,0.018085332559766673,0.033202076155863125,0.049977552468852826,0.20838160350804966,0.05433740652299068,0.6666666666666666,0.024382594779268723,-0.049978011859736826,0.0968242465022715,0.05582823775367873,0.05433740652299068,0.02786283382609489,0.26075913424330505,0.01383959544859361,-0.04462473624843866,0.04462473624843866,0.08323160019248532,212203196.49036953,0.006347556875317517,0.019215708121782894,-0.014987784791452019,-0.00149083123068805,0.277260670394752,0.2015739240893344,0.3413580902989166,1.0,3.0,1.0,1.0,0.0,63.0,126.0,0.12202268431001889,0.002034640177603464,,,0.002034640177603464,0.4793233082706767,0.09181703138134327,0.12464407285187916,0,0,0,0,0,0
recent_month_non_top10_control,2026-06-30,AEP,136.80999755859375,0.01892053228163748,0.3602786225805541,0.9450495316675656,0.9578011032989516,0.24434096656197446,0.12218761739675044,0.2045196590984124,-0.17475152972359664,-0.04495080860669387,0.14574995790015732,-0.09445630452227394,0.03876510531274824,0.002945735009078021,-0.15322600572052902,1.0504363009929598,-0.013555446317096709,0.013555446317096709,0.023392778623037014,1.3951660974177127,1.1372147361008866,1.24684028796855,0.15956885049171854,0.09074405355871414,0.12604849326197942,0.050148682604015615,0.009329397018337793,0.029768129374815766,0.1312855463216489,0.029768129374815766,0.2045196590984124,-0.020475272473970074,-0.001753104656787019,0.051293653377883386,0.04600246631274052,-0.2259670170168686,0.051293653377883386,0.24553875890592702,0.19469972515714032,1.0840185253609085,1.072946921162583,0.17883939763077517,0.27320610596945194,0.009627280423727043,-0.013555446317096709,0.013555446317096709,0.22157566854542599,512885587.84120345,1.1227353584186686,0.023809523809523808,0.0,0.0,0.017910814168004593,1.5332198006161384,0.05614972172541943,-0.009136236347766835,0.045365768077956226,0.9663980321850761,-0.06943382326400582,0.06989264531801123,0.005058484311031286,0.0044013946196954645,0.24942462062384219,0.20890247065855483,1.0103188741026712,0.01032372769191955,0.03766167452391578,-0.013555446317096709,0.013555446317096709,0.10517809634682118,0.031746031746031744,0.31746031746031744,575834784.2926631,20.171331346427134,0.031746031746031744,0.0,0.0,0.01744979808902657,0.05212291442217776,0.06023296601567285,0.37928190355728664,0.08005052132490165,0.6666666666666666,0.033492915079065655,-0.06943382326400582,0.12604849326197942,0.0815413525555897,0.08005052132490165,0.04610394613579394,0.2110581089530174,0.011119499936593072,-0.013555446317096709,0.013555446317096709,0.10517809634682118,763200580.8797563,0.024655815560993055,0.017761858077501223,-0.002013364057053768,-0.00149083123068805,0.277260670394752,0.2015739240893344,0.3413580902989166,1.0,3.0,1.0,1.0,0.0,63.0,126.0,0.281758034026465,-0.013814775406592483,,,-0.013814775406592483,0.3966165413533835,0.09181703138134327,0.12464407285187916,0,0,0,0,0,0
recent_month_top_future_return,2026-06-30,CBOE,242.6699981689453,-0.2960380072917934,0.0453200830071232,0.6996625189683668,0.7458150701708758,-0.005997532810082085,-0.05574194303774771,-0.028768473014705087,-0.1598788386063319,-0.05151858558022415,0.12256593954477069,-0.2573770960464955,0.05601594069288374,-0.23034239710403948,-0.10604268348701973,-0.07475196001001268,-0.33684584626015757,0.33684584626015757,0.0032974865160304567,1.6797280695804222,2.1080324244657334,1.6890349788786478,-0.08028705859492924,0.08160611918455063,0.13355505512973087,-0.18537775176895854,-0.2601123203678074,-0.18864731162103698,-0.09923428107689043,-0.18864731162103698,-0.028768473014705087,-0.06222474494889796,-0.025261274245778398,-0.13481115650172482,0.06766999918832184,-0.4120718268964768,-0.13481115650172482,-0.27635785642654576,0.38485242408161185,1.7086320126993209,1.2675345107566813,-0.18060304631644386,-0.4038761880758833,0.01697570301861249,-0.33684584626015757,0.33684584626015757,0.048205278073987445,320236161.6566249,1.2316439905667211,0.14285714285714285,0.007936507936507936,0.023809523809523808,0.030495609270509514,1.5233508710675543,-0.248378790470401,-0.11562982662824806,-0.21154960332974881,1.4215711887287785,0.11386291879305999,0.15258952019713734,-0.18964769623945565,-0.23210144070117744,0.13545237539709598,0.48781372907180875,1.3479964436465852,0.02171594528543479,-0.2948055703723652,-0.33684584626015757,0.33684584626015757,0.048205278073987445,0.5079365079365079,0.015873015873015872,394416944.0665351,19.792919143934466,0.23809523809523808,0.015873015873015872,0.047619047619047616,0.03645913571683274,-0.17759590934951408,-0.3017964261297973,-0.4143805601348626,-0.27248471056150103,0.6666666666666666,0.006065743048932907,-0.27248471056150103,0.13355505512973087,-0.270993879330813,-0.27248471056150103,-0.09750193233192073,0.6575711719507771,0.032472583329805,-0.19400156439591398,0.19400156439591398,0.048205278073987445,585876268.8096546,-0.026746725428641316,0.05810064530946396,0.0019736402577401613,-0.00149083123068805,0.277260670394752,0.2015739240893344,0.3413580902989166,1.0,3.0,1.0,1.0,0.0,63.0,126.0,0.516351606805293,0.17385745045106393,,,0.17385745045106393,0.9906015037593985,0.09181703138134327,0.12464407285187916,1,1,0,0,0,0
recent_month_top_future_return,2026-06-30,CF,108.26000213623048,-0.13937409336735285,0.20198399693156377,0.7519463260184746,0.7640112082682009,0.22557526188625832,0.3885933571911573,0.4130112882731811,-0.32096803214401604,-0.24083181097474604,0.6877830532508553,-0.8505834584619597,0.20545643021305926,0.21143736418384673,-0.5758116934842855,0.8145208155907214,-0.21001461181703274,0.21001461181703274,0.04023666262004211,1.3255112498253132,-0.5553303090445137,-0.6277227149171635,0.17217947729843508,0.1670540096191788,0.07338191112806203,-0.05746904932529928,-0.13106165978440842,0.09204325612916509,0.22574467390026043,0.09204325612916509,0.4130112882731811,0.3044001250436936,-0.05943037188857381,-0.1628004052111044,-0.04343806400187866,-0.4400610756058564,-0.1628004052111044,-0.334907014917658,0.5070604462989072,0.6192101284989742,0.9586752223528179,-0.31011502848219585,-0.3352296439285283,0.024446920102983546,-0.21001461181703274,0.21001461181703274,0.4205419878560941,413602603.9554596,0.9493141745479049,0.2777777777777778,0.03968253968253968,0.047619047619047616,0.040542160106445645,0.8181770756349283,-0.0072876110528907745,-0.0799833158528429,-0.06819081352467116,0.6791019363282377,-0.09171748509678979,0.15724778154261246,-0.12478265830709379,-0.11418856679973899,-0.17323996872226954,0.48610628610192397,0.6459018800749692,0.0238536873537653,-0.13335980515040158,-0.1874570604747703,0.1874570604747703,0.05960657802122005,0.9206349206349206,0.07936507936507936,392638814.56484115,19.78840070288906,0.2698412698412698,0.015873015873015872,0.07936507936507936,0.04034846938537055,-0.03247714451064032,-0.09915536398643265,-0.11594501001099261,-0.036404062246896296,0.5,0.0686131425065417,-0.09171748509678979,0.3044001250436936,-0.034913231016208246,-0.036404062246896296,0.002685957439291453,0.31397696410949355,0.015813057452910697,-0.07879505421499056,0.07879505421499056,0.05960657802122005,308168545.9874471,0.03293645068344131,0.035245829804865056,0.02530593628144784,-0.00149083123068805,0.277260670394752,0.2015739240893344,0.3413580902989166,1.0,3.0,1.0,1.0,0.0,63.0,126.0,0.6789224952741021,0.17042302405486165,,,0.17042302405486165,0.9830827067669173,0.09181703138134327,0.12464407285187916,1,1,0,0,0,0
recent_month_top_future_return,2026-06-30,CTAS,170.0800018310547,-0.5709804475252049,-0.22962235722628832,1.1888338112519015,1.2016909821824617,-0.16522926913731573,-0.08109504907234488,-0.09111129104553628,-0.060967216655152257,-0.01576632063739969,-0.09858552787419372,0.10687720396746847,0.0176530348400612,-0.29268521513487067,0.09940296713881103,-0.39934209440486185,-0.24119824415206936,0.24119824415206936,-0.01957731618989622,1.3931209395789843,-0.49529185096740924,-0.4911069744739949,-0.10687761168293597,0.03164569316122193,0.05330787865180908,-0.05375600729700991,0.10815290412278067,-0.15207850770068854,-0.11668913680972026,-0.15207850770068854,-0.09111129104553628,-0.1590513812583808,-0.0003106990793035891,0.008291676093274747,0.03293132939552135,-0.26896899430147725,0.008291676093274747,0.03420745977293919,0.22815348625172893,1.333880223164389,1.0624154903455447,-0.5631473869641809,-0.5661573303269759,0.011076648672826497,-0.1661739004173558,0.1661739004173558,0.04275424469294098,383224223.5843719,0.9666036698991243,0.05555555555555555,0.0,0.0,0.02268131702936831,0.6759340020351795,0.09551096810536686,0.01248471130532125,-0.01276672303827775,0.9921980136179265,-0.017081734099196666,0.07593525528948562,-0.023854105883946763,0.028684928708340163,-0.37488656606056536,0.2423937979701761,1.255516542525704,0.011771141865312074,-0.00606309673882599,-0.06487795653711736,0.06487795653711736,0.04275424469294098,0.19047619047619047,0.5079365079365079,370425940.9108964,19.7301640958402,0.07936507936507936,0.0,0.0,0.022515222494948677,-0.019282205526415463,-0.008296428884991491,-0.022640157463754328,-0.006890066061132294,0.5,-0.01318848975521969,-0.1590513812583808,0.05330787865180908,-0.005399234830444244,-0.006890066061132294,-0.02286286176982444,0.3043294231571895,0.014496219102990229,-0.06487795653711736,0.06487795653711736,0.007582931019879169,391107698.31601095,-0.003357679309973327,0.026092745614485553,-0.000798958297363761,-0.00149083123068805,0.277260670394752,0.2015739240893344,0.3413580902989166,1.0,3.0,1.0,1.0,0.0,63.0,126.0,0.254820415879017,0.19502585731327793,,,0.19502585731327793,0.9943609022556391,0.09181703138134327,0.12464407285187916,1,1,0,0,0,0
recent_month_top_future_return,2026-06-30,CVX,165.75999450683594,-0.13525103954609108,0.20610705075282554,0.7663446624509896,0.7826171670168521,0.09988496171600425,0.11767745259701567,0.10829080203823738,-0.21260532222665096,-0.15343159508162696,0.37080222595804324,-0.5623042668424155,0.16068504546408913,-0.09328312205109701,-0.29979284292260966,0.41369977676508046,-0.2077753805844258,0.2077753805844258,0.01867101392463555,1.2665932615818538,0.11634748533374695,-0.09743533644380242,-0.04514079304338958,0.10972982532309691,0.06606529689135021,-0.11338992043762619,-0.1713741735019314,-0.10431452018841358,-0.013721503731188597,-0.10431452018841358,0.10829080203823738,0.10783888779549722,-0.03505448609600181,-0.19150204088437228,-0.06568384883612599,-0.4687627112791243,-0.19150204088437228,-0.7022055857043807,0.26176180921589026,0.9197948853152322,1.041844355756787,0.399114247650596,0.27105755492319994,0.012625643713465966,-0.2077753805844258,0.2077753805844258,0.11871381422069915,2109780246.7328753,0.9209708892661004,0.07142857142857142,0.007936507936507936,0.0,0.02073251599193453,1.196233141337241,-0.06354182230156669,-0.01882472214822406,-0.09908918685711887,0.9566190592179981,-0.04748234436443122,0.10387251452818715,-0.13466340263037846,-0.03611847784555089,0.2934166816453969,0.27271506348426017,0.8828524915769217,0.01384004173246097,-0.08264899727190489,-0.19150204088437228,0.19150204088437228,0.0,0.9841269841269841,0.0,1943046189.9896288,21.3875227800852,0.09523809523809523,0.0,0.0,0.021725541453536817,-0.09376033935488537,-0.08122031010995723,-0.380147228098131,-0.09152697354231776,0.5,0.0216493439013436,-0.09152697354231776,0.16068504546408913,-0.09003614231162971,-0.09152697354231776,-0.08000558454316131,0.24076717328763747,0.013160343018805584,-0.1266596847122613,0.1266596847122613,0.0,1696989236.149161,-0.04259131737585076,0.025975599849921222,-0.02376972754942941,-0.00149083123068805,0.277260670394752,0.2015739240893344,0.3413580902989166,1.0,3.0,1.0,1.0,0.0,63.0,126.0,0.5083175803402646,0.17290060697321907,,,0.17290060697321907,0.9887218045112782,0.09181703138134327,0.12464407285187916,1,1,0,0,0,0
recent_month_top_future_return,2026-06-30,LYB,52.650001525878906,-0.3610951940710221,-0.01973710377210547,0.908353851565248,0.9760296551013011,0.12960526579629628,0.13075811253376024,0.2435728887980264,-0.3074340178323959,-0.14466053628698772,0.8830973825369051,-1.222710458137548,0.13163973992687894,0.04199896470869202,-0.5831859643986693,0.4983693305897928,-0.35420280844168306,0.35420280844168306,0.0407988525797256,0.9399312936295099,-0.4922106620016573,-0.6646625608364889,0.09891235251103869,0.15380591252929893,0.17387749466861324,-0.21259484358937708,-0.3175203716084948,-0.06386112903436947,0.09287470409156522,-0.06386112903436947,0.2435728887980264,0.41756118478129856,-0.07809481447986288,-0.3396130756006429,-0.07398214997447328,-0.6168737459953949,-0.3396130756006429,-0.7818819750464523,0.4887397234291509,0.5350403589864924,0.8887212463263415,-0.14448150159001005,-0.3171156629487131,0.023099949525768933,-0.35420280844168306,0.35420280844168306,0.2435728887980264,441273110.5121522,0.9587013429313265,0.18253968253968253,0.07936507936507936,0.031746031746031744,0.04024657206357466,0.5898607818321182,-0.14866874377577344,-0.10193729086838021,-0.2161235128199035,0.8295402422396152,-0.10656829472478502,0.2280868969601267,-0.28685292148401587,-0.14403039459972056,-0.2009147416361995,0.43435337613514646,0.6020339461874682,0.02112993074063401,-0.17652186160117478,-0.3396130756006429,0.3396130756006429,0.0,0.9841269841269841,0.0,423049123.64748394,19.862998864185933,0.12698412698412698,0.0,0.047619047619047616,0.0369448722321148,-0.175186482536288,-0.18914507355380938,-0.771672730453392,-0.20178892879528554,0.5,0.056789840980374484,-0.20178892879528554,0.41756118478129856,-0.2002980975645975,-0.20178892879528554,-0.13999393392071136,0.2614954770744919,0.016415502588833265,-0.21779819587652238,0.21779819587652238,0.0,335324233.5227058,-0.08363063970424955,0.04688645256598236,-0.03909326723196482,-0.00149083123068805,0.277260670394752,0.2015739240893344,0.3413580902989166,1.0,3.0,1.0,1.0,0.0,63.0,126.0,0.6834593572778828,0.17226969481408405,,,0.17226969481408405,0.9868421052631579,0.09181703138134327,0.12464407285187916,1,1,0,0,0,0
recent_month_top_future_return,2026-06-30,MPC,255.6699981689453,0.22792547428370602,0.5692835645826226,0.868303641643735,0.8854738427474295,0.34497581496608865,0.3313991444382607,0.5860046704799486,-0.2911872279122216,-0.12206268370572548,0.5089693906652686,-0.45791780519823866,0.08337945410985093,0.38443074639061425,-0.5349530850129187,1.598841958495062,-0.0431869827295468,0.0431869827295468,0.07839993421704006,1.11656110086137,-0.3712176148724372,-0.3391172771979346,0.46394198677422316,0.14622608745005292,0.13061651677406227,0.09196818312732158,-0.012501372754942008,0.294817442567727,0.44825469994063294,0.294817442567727,0.5860046704799486,0.23192568325976204,0.03923873589519333,0.051051585467029925,0.01683185359086936,-0.22620908492772207,0.051051585467029925,0.13956885017790352,0.3665181961020937,0.9160558627726989,0.9979877100639233,-0.33344980607288865,-0.31496207768598716,0.017851469859324634,-0.0431869827295468,0.0431869827295468,0.5860046704799486,553512372.9120284,1.060666875538726,0.15873015873015872,0.031746031746031744,0.031746031746031744,0.03240783359547352,0.6725229010100535,0.007381620036555847,0.05332526330053411,0.027297154153015146,0.994124296458428,0.005757163125852394,0.08699949927983912,0.033653284714985965,0.021673512490450797,-0.19693525301001935,0.36578065522468844,0.9179029496405557,0.018218071575150655,-0.011240840735542657,-0.0431869827295468,0.0431869827295468,0.2010190849595621,0.2857142857142857,0.7936507936507936,587092239.1486274,20.19069250369043,0.1746031746031746,0.0,0.047619047619047616,0.03172508888100858,0.0012043946963882224,0.015337826792448439,0.08261010876830917,0.027736438388799023,1.0,0.08270785154153266,0.005757163125852394,0.23192568325976204,0.029227269619487073,0.027736438388799023,-0.0022634158385539394,0.33575114235219666,0.016844062114984168,-0.0431869827295468,0.0431869827295468,0.052529720120482404,656208560.8636765,0.02152771265805642,0.03276264159635675,0.007352131496609626,-0.00149083123068805,0.277260670394752,0.2015739240893344,0.3413580902989166,1.0,3.0,1.0,1.0,0.0,63.0,126.0,0.6407372400756144,0.22137908730036293,,,0.22137908730036293,0.9962406015037594,0.09181703138134327,0.12464407285187916,1,1,0,0,0,0
recent_month_top_future_return,2026-06-30,OXY,48.56999969482422,-0.16129558162153246,0.18006250867738416,0.8396736825460323,0.8468389129230548,0.043615713922371624,0.1740677623668776,0.19226702335103996,-0.26864196408447705,-0.11216091580474719,0.5882447353221656,-0.8375625533918121,0.10384249752975316,-0.009306900738294432,-0.44158484142068644,0.4931905163012189,-0.263370441934899,0.263370441934899,0.043612439201301756,1.0254735449156804,-0.7104523127712346,-0.7826417103782228,0.08010610754629277,0.1349289284352125,0.16942053131818358,-0.12633961878526012,-0.23059801333268493,-0.07637494073343709,0.06533273005463187,-0.07637494073343709,0.19226702335103996,0.23038095414958804,-0.0424797084280959,-0.24931781806964648,-0.06799998679324559,-0.5265784884643985,-0.24931781806964648,-0.6527597531549677,0.3898433100315574,0.7819088768185005,0.9797377952436113,-0.2968857458440719,-0.3941727582502138,0.01922520312263285,-0.263370441934899,0.263370441934899,0.21321504511084388,758881235.4138238,0.9551224766182024,0.20634920634920634,0.023809523809523808,0.023809523809523808,0.02978529758812275,0.6256248171392544,-0.10423933135819474,-0.0297763035118912,-0.13382644536566402,0.8796091541844907,-0.06520303531153127,0.14940283569762425,-0.19454702650972766,-0.053605956410346156,-0.19043695959943374,0.3819442250607897,0.7980797317552492,0.019013834903426906,-0.11926852313471481,-0.24931781806964648,0.24931781806964648,0.0,0.9841269841269841,0.0,724824525.0275325,20.401440150458747,0.20634920634920634,0.0,0.047619047619047616,0.0295919206076116,-0.12459286763766475,-0.12540659222904416,-0.45392357090462376,-0.13836586562013675,0.5,0.038679182545435196,-0.13836586562013675,0.23038095414958804,-0.1368750343894487,-0.13836586562013675,-0.10307884133111667,0.30482194468198154,0.017006900301757718,-0.18185206304483126,0.18185206304483126,0.0,538806600.0760214,-0.05268085698437952,0.0358245954186966,-0.02840569020662742,-0.00149083123068805,0.277260670394752,0.2015739240893344,0.3413580902989166,1.0,3.0,1.0,1.0,0.0,63.0,126.0,0.6820415879017013,0.18591720889508534,,,0.18591720889508534,0.9924812030075187,0.09181703138134327,0.12464407285187916,1,1,0,0,0,0
recent_month_top_future_return,2026-06-30,PSX,169.0500030517578,0.12423309048578979,0.4655911807847064,0.8395565950744218,0.8523692734809996,0.27287910851617236,0.253484036914148,0.3304184007615387,-0.22708586447205903,-0.1345617361111986,0.423417002597825,-0.4887517580957276,0.11252329822532992,0.12884447667220433,-0.3957531562594413,0.9996042179083445,-0.0956165464004165,0.0956165464004165,0.047032513243711715,1.2767197506991226,-0.19407215362306107,-0.24672725241504956,0.19585666465034013,0.11418958285618643,0.08385878719032447,0.0010942199213772597,-0.0522342839622566,0.10333253628947969,0.20986920056711952,0.10333253628947969,0.3304184007615387,0.18045743412362847,0.01018256909194748,-0.06533475549790257,-0.016631918235717302,-0.34259542589265457,-0.06533475549790257,-0.19827150671730012,0.33054922622568944,0.8327005716895306,0.9968913287385989,0.1118823886026068,0.06870432094714363,0.016220226239595684,-0.0956165464004165,0.0956165464004165,0.3350741292370143,466020576.05278987,1.0041299675926707,0.14285714285714285,0.015873015873015872,0.0,0.02988345910357814,1.035562372957916,-0.02555541285006646,0.031480125216472477,-0.02346416667818274,0.9778391569281288,-0.011125285793336603,0.08732088467042692,-0.04952655894098823,0.0032155210756026342,0.04006464783940111,0.32952165734564326,0.8352972362024409,0.01688648110968342,-0.039609134771682375,-0.08463282566543628,0.08463282566543628,0.09327329974823506,0.2857142857142857,0.7777777777777778,467945225.92940557,19.96386181055699,0.12698412698412698,0.015873015873015872,0.0,0.029971025573323363,-0.0400740314176502,-0.026900658026253188,-0.14108451300666078,-0.038833304761422216,0.5,0.05170816845813445,-0.038833304761422216,0.18045743412362847,-0.037342473530734166,-0.038833304761422216,-0.03637325203523256,0.27524852964966356,0.014265177738223625,-0.08463282566543628,0.08463282566543628,0.017515370607920522,466143931.25305176,-0.005125888490122077,0.031972774870217116,-0.011576891432327763,-0.00149083123068805,0.277260670394752,0.2015739240893344,0.3413580902989166,1.0,3.0,1.0,1.0,0.0,63.0,126.0,0.5386578449905481,0.2243714403493282,,,0.2243714403493282,0.9981203007518797,0.09181703138134327,0.12464407285187916,1,1,0,0,0,0
recent_month_top_future_return,2026-06-30,PYPL,43.18000030517578,-0.7553253029655413,-0.41396721266662473,1.0719813682419062,1.0893655343926454,-0.35052244504326147,-0.306851057682775,-0.25567819858965624,0.19602682957200823,0.08037941557893946,-0.22290263315017977,0.18072572348911464,-0.09746489264606473,-0.4572521226789906,0.2135012889285911,-0.5848419044978759,-0.44318639631585577,0.44318639631585577,-0.05290955176130696,0.9933122247476013,0.12088223710122104,0.07360688824631012,-0.17529878301071677,0.09854076375131027,-0.12298355118809035,-0.03636158467307382,0.08334666428690518,-0.059651369017648004,-0.16354278353934035,-0.25567819858965624,-0.059651369017648004,-0.01824393202966046,-0.029195278104614086,-0.04217690966106513,0.10855625874051023,-0.3194375800558171,-0.04217690966106513,-0.13070338906422396,0.43717489568257306,0.8108445329571065,0.7381297192158084,-0.24444468043306267,-0.2685491831755549,0.017557092586630338,-0.27347424899136064,0.27347424899136064,0.11191149562573366,895523645.8005844,0.76579080435504,0.1349206349206349,0.023809523809523808,0.015873015873015872,0.029604027611414795,0.8493018777082331,-0.027743111356511307,-0.08411136971704081,-0.04130823613208934,0.9279869924957458,-0.10749901818335872,0.08626358835646168,-0.13597250226418944,-0.06301763047628361,-0.06348885983309493,0.322691782998378,1.0985122422906242,0.014624742488978078,-0.027686854439095687,-0.15813565292101328,0.15813565292101328,0.06093364854416805,0.7777777777777778,0.20634920634920634,685783773.0365875,20.34607293780737,0.1111111111111111,0.015873015873015872,0.015873015873015872,0.027650978016382128,0.003760635064001594,-0.01777931803080357,-0.08999929370025143,-0.03190302830017544,0.16666666666666666,-0.04492302726780658,-0.12298355118809035,0.10855625874051023,-0.03041219706948739,-0.03190302830017544,0.017719716654498452,0.3544808741103077,0.017305723570635576,-0.04132903488627648,0.04132903488627648,0.06093364854416805,737925354.3866838,0.006550263462113515,0.03218422678096167,-0.0037377202826576195,-0.00149083123068805,0.277260670394752,0.2015739240893344,0.3413580902989166,1.0,3.0,1.0,1.0,0.0,63.0,126.0,0.6668241965973535,0.2968967022746303,,,0.2968967022746303,1.0,0.09181703138134327,0.12464407285187916,1,1,0,0,0,0
recent_month_top_future_return,2026-06-30,VLO,260.44000244140625,0.6457241606664104,0.987082250965327,0.841064051069005,0.8665317170426936,0.5560786793503674,0.4894648276798519,0.6172847741607328,-0.33856410346790544,-0.1661587956311652,0.5270662783509568,-0.46798665810867046,0.11450335676543721,0.4157108500713984,-0.5582051539184465,1.5325751814772997,-0.02207872004018896,0.02207872004018896,0.06644757769802379,1.2475861310636476,-0.20673076923076927,-0.15986472432703247,0.4511259785295676,0.16929165548096134,0.1348264025037842,0.10685134306865751,0.006389411992364535,0.27872067069282735,0.4490438077943759,0.27872067069282735,0.6172847741607328,0.2073886101219602,0.02182488499894264,0.0590796202422863,0.022260024391810296,-0.2181810501524657,0.0590796202422863,0.1484408098842908,0.4027761780441412,0.9029054563560759,0.9881448313212894,-0.25671955553330994,-0.20929680998173705,0.01961091912254133,-0.02207872004018896,0.02207872004018896,0.6172847741607328,791423335.7749575,0.9893075874820918,0.1984126984126984,0.047619047619047616,0.015873015873015872,0.03426870788589294,0.8680783901091674,0.0412706318857492,0.03614970308187426,0.053165725146415266,1.1427190337327338,-0.026117753474410588,0.08373471055091967,0.03601783790027557,0.02812747416832817,-0.15103238654229112,0.3980011985136615,0.9137379741679806,0.019626171344325285,0.004422816201472113,-0.02207872004018896,0.02207872004018896,0.1700308551992391,0.015873015873015872,0.7936507936507936,782961110.9925528,20.47859358732267,0.19047619047619047,0.015873015873015872,0.031746031746031744,0.03422900792259579,0.036161178860570686,0.05351190966243946,0.1754397230596264,0.06380195510941933,0.8333333333333334,0.08611043256966677,-0.026117753474410588,0.2073886101219602,0.06529278634010738,0.06380195510941933,0.02996687645735041,0.3636688088463014,0.018956586757496046,-0.02207872004018896,0.02207872004018896,0.10215826947899331,836026419.2400252,0.04540638775657224,0.03873391607575699,0.014474702139668283,-0.00149083123068805,0.277260670394752,0.2015739240893344,0.3413580902989166,1.0,3.0,1.0,1.0,0.0,63.0,126.0,0.7210775047258979,0.1720934069423623,,,0.1720934069423623,0.9849624060150376,0.09181703138134327,0.12464407285187916,1,1,0,0,0,0
latest_month_unlabeled_or_partially_labeled,2026-07-31,A,139.74000549316406,-0.003676140476312373,0.22690843825009233,1.1268989295186587,1.1581751257299946,-0.0394980428647288,0.0331377952742582,0.048399342340698315,0.1799633588685574,0.10770765523662762,-0.1347503818449033,0.3464230833898255,-0.09316408901800077,-0.06693648058481938,0.16327335920422392,0.12966102069688024,-0.10573120966489824,0.10573120966489824,0.010876729605052038,1.373657714644808,0.31238265534197596,0.5901782374589104,0.15610699757732593,0.09056179864156362,-0.05882277568408578,0.14819466018227367,0.14459216924385598,0.22836270120925573,0.14428968037575998,0.048399342340698315,0.22836270120925573,0.0137743465236555,0.057157070909356955,0.21167270154492224,0.17291214546950817,0.17426220130160774,0.21167270154492224,0.45620245585157976,0.37327596281881537,0.8751859989538245,1.2430174041131548,0.450995897790738,0.5264787467648135,0.015059419889619268,0.0,-0.0,0.2729341128096381,284681226.7754267,1.0724690402040422,0.11904761904761904,0.007936507936507936,0.007936507936507936,0.027533940621926805,0.9277832496747587,0.03819106959191598,0.05977338161091428,0.08917204192673966,1.1171772199847552,-0.018036686342074115,0.09431150658557151,0.03304642741157604,0.02509027834522448,-0.11446927879829882,0.46398851832088234,0.7040818544115528,0.01744992114127722,0.042428510201792724,0.0,-0.0,0.2662456863412437,0.0,0.6984126984126984,305311802.04395115,19.536844117435866,0.1746031746031746,0.015873015873015872,0.015873015873015872,0.02945102032536902,0.06114061023836115,0.057157574404396394,0.15923983293259453,0.052021407564972755,0.5,0.011447391418995959,-0.09316408901800077,0.17291214546950817,0.11236904603329867,0.052021407564972755,0.04791757642848915,0.3266858964050356,0.01534108595587147,0.0,-0.0,0.08266830063891373,313852673.8039289,0.041188600220764426,0.03044939298746215,0.04630269366817408,-0.060347638468325915,0.03741050024331449,0.1153358229255177,0.2305845787264047,1.0,3.0,1.0,1.0,0.0,63.0,126.0,0.4387166957948425,,,,,,,,0,0,0,0,0,0
latest_month_unlabeled_or_partially_labeled,2026-07-31,AAPL,321.6600036621094,0.3252090658466935,0.5557936445730982,1.1741133013820892,1.1824730392972167,0.193068734803171,0.18538082554374902,0.2419362231530977,0.026657381580251327,-0.023235500892757832,0.04672392293368821,0.13977444205283218,0.01906579726125268,0.12660040022758,-0.055437858166577314,0.900364312973073,-0.036195801898904145,0.036195801898904145,0.032605838979080426,1.0157707055270058,-0.5553445794256175,-0.4724170705061016,0.21870072226033987,0.024965990920710442,-0.039329287398935375,0.13140540365357767,-0.01276688088667255,0.26859360473334903,0.24307685004892887,0.21870072226033987,0.26859360473334903,0.06919119500662885,0.053166678628002284,0.1864983649865204,0.15108708781185776,0.1490878647432059,0.1864983649865204,0.673935066844555,0.26870925431751674,1.3739692734378628,1.029850894164574,-0.3726470886418167,-0.3026183647343811,0.012611076544783882,-0.036195801898904145,0.036195801898904145,0.3054225140953213,14187959593.646034,1.1501228392674152,0.07936507936507936,0.0,0.007936507936507936,0.022471594684785864,0.6286736692385408,0.04578397555902425,0.01537966322738571,0.05301064774122266,1.103256900564326,-0.07274246101591075,0.08690770774226046,0.030763334546630494,0.030500616548007953,-0.30372261288713054,0.2767304658291906,1.3341438855111556,0.012921690336550435,0.09968404413247622,-0.036195801898904145,0.036195801898904145,0.20308054859666247,0.06349206349206349,0.9523809523809523,16317896371.25554,23.51552827941536,0.09523809523809523,0.0,0.015873015873015872,0.0229749247965491,0.05092577122642261,0.10179115287704898,0.3023462945849279,0.11162572555187089,0.6666666666666666,0.039816342869460675,-0.07274246101591075,0.15108708781185776,0.1719733640201968,0.11162572555187089,0.032642905279082424,0.3691982589206684,0.016836746347090113,-0.036195801898904145,0.036195801898904145,0.16903511102065583,19419350853.696114,-0.008406612637726352,0.02316777396266264,-0.01670313207725438,-0.060347638468325915,0.03741050024331449,0.1153358229255177,0.2305845787264047,2.0,8.0,2.0,1.0,1.0,63.0,126.0,0.49433391589685066,,,,,,,,0,0,0,0,0,0
latest_month_unlabeled_or_partially_labeled,2026-07-31,ABBV,256.9200134277344,0.1708036499856782,0.4013882287120829,1.3150019993432098,1.3449498451169373,0.2061752986620793,0.1510107423503888,0.1698818974093914,0.029692119594163735,-0.04572061970329733,-0.044557830762674944,0.26899813188863575,0.04067087224049604,0.05454607448387372,0.05455840371656939,0.6199726468883667,-0.008891394103868189,0.008891394103868189,0.027564908831849477,0.9312903018928654,-0.5520292270718661,-0.45148653190024624,0.12416127770609409,0.037989205221998015,-0.06286626604820633,0.16777262430536521,0.08898258696729378,0.19957401700355515,0.16453906403968022,0.12416127770609409,0.19957401700355515,-0.020308286242734175,0.09373802096693473,0.2244403011259608,0.030285817466402465,0.1870298008826463,0.2244403011259608,0.7801222672191971,0.2740151493167095,1.1194852143374827,1.0499378552690675,-0.33958598225638237,-0.32092951222867727,0.012921374449337249,-0.008891394103868189,0.008891394103868189,0.3109166141521762,1550694685.900007,1.0284261387193856,0.0873015873015873,0.007936507936507936,0.007936507936507936,0.025027094164451404,0.6044075057910346,0.0016076375705220691,0.11783098752619581,0.11281471992566883,1.0319880677333977,0.15579635444256645,0.0736011859590775,0.18844720597727704,0.13930308829701965,-0.2792384971596963,0.28769887818481926,1.066239500480333,0.013450663229444042,0.12303074582488893,-0.008891394103868189,0.008891394103868189,0.3109166141521762,0.2222222222222222,0.9523809523809523,1594774948.1528146,21.189998465518165,0.12698412698412698,0.015873015873015872,0.0,0.024418558583004513,0.06165119867973279,0.14071572744225636,0.09209165032714141,0.028249657830472952,0.6666666666666666,0.028638024948166235,-0.06286626604820633,0.15579635444256645,0.08859729629879887,0.028249657830472952,0.024180057140058775,0.30675590816453385,0.0135832869710597,-0.008891394103868189,0.008891394103868189,0.1015740641696361,2201274560.899353,0.024273749584838633,0.023067912275783146,0.008169922782642391,-0.060347638468325915,0.03741050024331449,0.1153358229255177,0.2305845787264047,1.0,3.0,1.0,1.0,0.0,63.0,126.0,0.5120861718443486,,,,,,,,0,0,0,0,0,0
latest_month_unlabeled_or_partially_labeled,2026-07-31,ABNB,137.57000732421875,-0.19161468582256536,0.03896989290383934,1.1468170187723024,1.16813357738071,0.08716616349682638,0.01363104985909347,0.06338418888864772,0.02602037758314757,-0.0451767527051361,0.0849501886678512,-0.1048275987134526,0.04436890863267462,-0.051951634036869976,-0.08326159893424911,0.19055642579966478,-0.07627735117326595,0.07627735117326595,0.03163339092594919,1.0040245009595825,0.21884296363699995,0.19461552226759138,0.018207436183511616,0.03602552427524461,-0.06535416913008418,0.006877737489486169,-0.04978274540629424,0.08940456647179529,0.05699873051465154,0.018207436183511616,0.08940456647179529,0.11149827341749274,0.01737868562713718,-0.019877410045601396,-0.050228006704909345,-0.05728791028891589,-0.019877410045601396,-0.06857796885230405,0.3326268774335881,0.9998232918646398,0.8714005704663029,0.07753712871287122,0.03589646657258605,0.016094157163624574,-0.07627735117326595,0.07627735117326595,0.18635743713661101,544560998.5389649,0.9677880153825218,0.12698412698412698,0.023809523809523808,0.015873015873015872,0.03173210016102452,0.87352900601566,-0.04862231199362621,0.06029961617475621,-0.012046134296230693,0.8822956921681862,0.07343791706708913,0.07367703511881708,0.031955666068875344,0.07605256022255658,-0.04332060544460625,0.2898512507480537,1.1473750715237834,0.014528390169662345,0.06269279838943209,-0.07627735117326595,0.07627735117326595,0.06560806212442527,0.2222222222222222,0.4603174603174603,527019608.03074914,20.08274831460041,0.09523809523809523,0.015873015873015872,0.0,0.030576330780942847,-0.037601824978709675,0.0148820293235421,-0.11619964318491374,-0.038644294503360044,0.5,0.01251310479648382,-0.06535416913008418,0.11149827341749274,0.02170334396496587,-0.038644294503360044,-0.05468033753088308,0.33256809955830613,0.01723267380051013,-0.07627735117326595,0.07627735117326595,0.0,509394582.7175322,-0.051444131886159594,0.028728255050236,-0.034786115735548684,-0.060347638468325915,0.03741050024331449,0.1153358229255177,0.2305845787264047,1.0,3.0,1.0,1.0,0.0,63.0,126.0,0.5559369761386739,,,,,,,,0,0,0,0,0,0
latest_month_unlabeled_or_partially_labeled,2026-07-31,ABT,100.75,-0.4137314100416217,-0.18314683131521703,1.0593464831424928,1.1070252575361785,-0.16985621238800086,-0.1809212866556298,-0.06582654394479925,0.06032504212487244,-0.05660438842329141,-0.16413922437912198,0.2817577121724941,0.06450134868134816,-0.18116236687031695,0.1834450317381714,-0.19951183339596035,-0.245507814709505,0.245507814709505,-0.03379018933788691,1.2778445411672037,-0.4932970415405358,-0.43369940580610566,-0.12243093236809066,0.0584745802670704,-0.11757627664812365,0.06159406107088672,0.20583510850163955,-0.005501501819926813,-0.06458632604427224,-0.12243093236809066,-0.005501501819926813,-0.11016280685942059,0.015578507932859642,0.11761848779337214,-0.057164871337442524,0.08020798755005765,0.11761848779337214,0.3402869474673129,0.3299380433949342,1.3877099550950016,1.0476058280329699,-0.006147029767191281,0.11136048599726323,0.014047254183107986,-0.12243093236809066,0.12243093236809066,0.22902834614743872,1256000316.4558654,0.9600857551018119,0.09523809523809523,0.007936507936507936,0.015873015873015872,0.02291887314036222,0.6911911500883117,0.10934450986952104,0.0650952751383631,0.11497036837645602,1.2536307165971279,0.060046729412394084,0.10067524780880825,0.18538061832586838,0.07884791867342744,-0.2734569912606203,0.345645017150328,1.324648945205494,0.015177626760676147,0.08798232901894432,-0.00895144235026768,0.00895144235026768,0.22902834614743872,0.047619047619047616,0.7936507936507936,1205868012.2326443,20.910465487498243,0.12698412698412698,0.015873015873015872,0.0,0.02377800719818458,0.08605733820112982,0.1368721054531148,0.258233395907673,0.1182343055602364,0.5,-0.00702026186516802,-0.11757627664812365,0.1182343055602364,0.1785819440285623,0.1182343055602364,0.062052562590388494,0.45785830738371686,0.01819632891547309,-0.00895144235026768,0.00895144235026768,0.14060905594342166,1274295689.6309626,0.044601632422615056,0.029915874656032904,0.000834438971285989,-0.060347638468325915,0.03741050024331449,0.1153358229255177,0.2305845787264047,1.0,3.0,1.0,1.0,0.0,63.0,126.0,0.5563505367906695,,,,,,,,0,0,0,0,0,0
latest_month_unlabeled_or_partially_labeled,2026-07-31,ACGL,100.0999984741211,-0.06744256950233707,0.16314200922406763,1.0191519191801437,1.0340766906107286,0.15977292672457377,0.043577985664819074,0.04227402665442237,0.0005429407569588207,-0.04277330824200065,-0.016451497459317954,0.0761593044073654,0.04279467483519239,-0.07306179627109533,0.01743378029362508,0.18891881616599443,-0.0287211251173356,0.0287211251173356,0.002918300741993729,1.32766905354099,-0.4211943696382465,-0.38663515480016397,-0.0004992815875782819,0.024853397185531215,-0.04153772939318867,0.04736363371959862,0.0450188633600197,0.04281696741138119,0.02819723749274176,-0.0004992815875782819,0.04281696741138119,-0.01593914796693985,0.01831628541098551,0.05970780694804745,-0.05420286678177255,0.022297306704732955,0.05970780694804745,0.24673768095228635,0.22376821701697566,1.2040302147778121,1.081427078583483,0.31301171432170305,0.3541363476829025,0.010524665572987618,-0.0287211251173356,0.0287211251173356,0.1424331811953281,200298145.27659947,1.07297196358162,0.05555555555555555,0.0,0.0,0.020133981447313657,0.7468519944831539,-0.010612870760650428,0.05660485806874638,0.04874296149673474,1.0949418535547208,0.08641147903684154,0.05440411304467075,0.12043880207399305,0.10161379826727912,-0.29096474322639165,0.2419890092085028,1.1133716166557637,0.011540135790550696,0.09674360447757491,-0.0287211251173356,0.0287211251173356,0.1424331811953281,0.12698412698412698,0.5555555555555556,214914294.2391895,19.185749879824687,0.07936507936507936,0.0,0.0,0.02036622250874345,0.026596460135671407,0.08785830469529876,0.11625125535252706,0.03132084269518054,0.5,0.008141208737552233,-0.05420286678177255,0.08641147903684154,0.09166848116350645,0.03132084269518054,-0.0003994499278127117,0.26942369439539726,0.014110123962730148,-0.0287211251173356,0.0287211251173356,0.0611682023859228,179238057.21588135,-0.005652196902844242,0.02201368894362436,-0.0039008213936203573,-0.060347638468325915,0.03741050024331449,0.1153358229255177,0.2305845787264047,1.0,3.0,1.0,1.0,0.0,63.0,126.0,0.16366355173520705,,,,,,,,0,0,0,0,0,0
latest_month_unlabeled_or_partially_labeled,2026-07-31,ACN,138.74000549316406,-0.7004499610387486,-0.46986538231234387,0.9008945387934013,0.9402077632359657,-0.43383066138360304,-0.4722364849357691,-0.4629079906603224,0.17700830012985125,0.1413237872403027,-0.3163954604932677,0.1020719419970717,-0.20831441123974725,-0.5782438135858401,0.24858447216412638,-0.9016850540161067,-0.5092571433382689,0.5092571433382689,-0.0970567029732945,1.657229447836937,0.7174370618360211,0.34934990794755594,-0.3215842034200197,0.0936106614431695,-0.049971288930061974,-0.19238719110389324,0.03868545856695638,-0.28589969053047115,-0.3567972948702711,-0.4629079906603224,-0.28589969053047115,-0.0911013295157781,-0.1129168431738643,-0.21432351849619602,0.046779750941540854,-0.2517340187395105,-0.21432351849619602,-0.37134240438965854,0.5133810176829808,0.9037189162507979,1.124230798606323,-0.056616656349004035,0.06443906680896805,0.023038711653609194,-0.5033183975943748,0.5033183975943748,0.12832081886189894,1314247403.4714472,0.9347670687696672,0.25396825396825395,0.047619047619047616,0.05555555555555555,0.03961879047500393,1.1732039648350154,0.09088731621017809,-0.1644183739996612,-0.09825477496215906,0.8733445017946145,-0.3347944887952171,0.16836834691543856,-0.24943477288597138,-0.18304626716211203,-0.032313793361057885,0.5771587514990644,0.8038553270121337,0.024971823272163064,-0.08636920429937323,-0.28578133427007546,0.28578133427007546,0.12832081886189894,0.5714285714285714,0.25396825396825395,1228515192.9811509,20.92907211776205,0.2698412698412698,0.06349206349206349,0.07936507936507936,0.04108749505899945,-0.00850530522583337,0.021605496058749285,0.27658201924149173,0.12832081886189894,0.3333333333333333,-0.08484682477956078,-0.3347944887952171,0.12832081886189894,0.18866845733022486,0.12832081886189894,0.023301247130757208,0.4639521369241952,0.024608268353234,-0.04138734478823203,0.04138734478823203,0.12832081886189894,1354933982.87121,-0.007532532346513965,0.04640373797533193,-0.02018386971068864,-0.060347638468325915,0.03741050024331449,0.1153358229255177,0.2305845787264047,1.0,3.0,1.0,1.0,0.0,63.0,126.0,0.8119221029354068,,,,,,,,0,0,0,0,0,0
latest_month_unlabeled_or_partially_labeled,2026-07-31,ADBE,212.1699981689453,-0.6374173201483537,-0.40683274142194903,0.9041276841516555,0.9488910354232161,-0.3765390388437988,-0.3937826678218337,-0.27648764477768006,0.14932784788253106,0.08503150822788874,-0.1607842929121378,0.022913479856170205,-0.10516622792119568,-0.39182346770319776,0.13861683172171246,-0.6381092487820852,-0.43035492929034547,0.43035492929034547,-0.04101113278050139,1.4879770158016363,-0.14932444288471658,-0.26660777359103893,-0.19145613654979132,0.07490347437171276,-0.07366335719405293,-0.11288189000571547,-0.06458553748958573,-0.127159796895149,-0.19836785940754012,-0.27648764477768006,-0.127159796895149,0.01242391085120964,-0.050329781601292534,-0.1378708130559676,0.05327096719391444,-0.1752813132992821,-0.1378708130559676,-0.2931479945192949,0.4332920190475108,0.9877394331216113,1.0854372449945149,-0.30405933487518944,-0.27978867150448294,0.020889743978006414,-0.30372145799751926,0.30372145799751926,0.09699598858190406,1486506078.8127596,0.9683224078164673,0.23809523809523808,0.023809523809523808,0.047619047619047616,0.03492280729916306,0.7222884386174017,0.026092011562000583,-0.09074740256756997,-0.07066487205525818,1.0320788748390188,-0.20905824994793265,0.10063928428439772,-0.18147446023231317,-0.0502518377197092,-0.3895231699126931,0.470311295433041,0.9099922060686269,0.023297030568140857,0.08273846735714008,-0.22574171034527302,0.22574171034527302,0.09699598858190406,0.5714285714285714,0.30158730158730157,1439417145.4697866,21.087504109201145,0.2698412698412698,0.031746031746031744,0.06349206349206349,0.036222106563651955,-0.01106072961007809,0.13983595042707941,0.08148662879614862,0.03487461587886043,0.5,-0.047886390189866124,-0.20905824994793265,0.05327096719391444,0.09522225434718634,0.03487461587886043,-0.03252798722879913,0.4279796132701067,0.021880927559949758,-0.10571128274417152,0.10571128274417152,0.09699598858190406,1276494218.156651,-0.06309338598153924,0.046869430066516414,-0.06092877328659463,-0.060347638468325915,0.03741050024331449,0.1153358229255177,0.2305845787264047,2.0,8.0,2.0,1.0,1.0,63.0,126.0,0.758974569319114,,,,,,,,0,0,0,0,0,0
latest_month_unlabeled_or_partially_labeled,2026-07-31,ADI,380.2000122070313,0.48469692169128464,0.7152815004176893,0.9726624783288284,1.0062214649898968,0.6391998200068685,0.4101590266792112,0.23016962236724847,-0.031824821050245644,-0.15527955612357003,0.2979913164106922,-0.3502425858806527,0.1444608718603304,0.11483379944173078,-0.282420891837209,0.5653477908166391,-0.1465385587891176,0.1465385587891176,0.03191457690796273,1.3348115392448971,0.042177197618856965,-0.012277883969374237,0.07489006624367844,0.08202198018096309,-0.10302104614435292,0.0102981007200742,-0.14252747817798228,0.19834480131700283,0.16780149664264324,0.07489006624367844,0.23016962236724847,0.2644119297810239,0.0021040691718998694,-0.052251269469960504,0.02881215648237956,-0.089661769713275,-0.052251269469960504,-0.11102975888003111,0.40712925053579996,0.9848835174389894,1.1559129888964803,-0.3975805082784267,-0.4233202649676625,0.019687423512797685,-0.1465385587891176,0.1465385587891176,0.25871428493488513,1588541220.6980872,1.1861104311608188,0.20634920634920634,0.031746031746031744,0.023809523809523808,0.03058160716136337,0.7799308787981701,-0.03809374338285143,-0.041976248336851096,-0.058720686256959254,1.0104355183171096,-0.037675707167254546,0.13762005745774225,-0.07879322327362914,-0.07004619872263496,-0.263039005329491,0.4706059888540205,0.8520394933698529,0.02358519526592929,-0.07884596037455871,-0.1465385587891176,0.1465385587891176,0.020780811173075175,0.3492063492063492,0.047619047619047616,1884185312.1989417,21.356761369833965,0.25396825396825395,0.047619047619047616,0.047619047619047616,0.03349429803172694,-0.044024624506402765,-0.10393125602346209,-0.10655853643219591,-0.04272729724544222,0.5,0.0423768179277807,-0.10302104614435292,0.2644119297810239,0.017620341222883695,-0.04272729724544222,-0.01887539230699853,0.4009748883199982,0.02030156447046403,-0.09027823111518074,0.09027823111518074,0.020780811173075175,1783331778.8816905,-0.01078712136380755,0.03769819769707074,0.0018128878565046858,-0.060347638468325915,0.03741050024331449,0.1153358229255177,0.2305845787264047,1.0,3.0,1.0,1.0,0.0,63.0,126.0,0.7630213646253166,,,,,,,,0,0,0,0,0,0
latest_month_unlabeled_or_partially_labeled,2026-07-31,ADM,86.3499984741211,0.4133807910096474,0.6439653697360521,0.9395770030707011,0.9408260918199918,0.45898636111065105,0.5232988444168325,0.3010616844200338,-0.10530824271377837,-0.04209129541072021,0.11576046766211823,0.05031569485525611,0.03343310992710635,0.1857258614945161,-0.13498552190265944,1.1478170900147944,-0.011108580211786512,0.011108580211786512,0.03880706371456677,1.046206338323676,-0.48541495891396924,-0.39995465000155583,0.2589703890093136,0.05300610901763148,0.05286787819138716,0.14471499392002962,-0.011108580211786512,0.19575344170625542,0.2519285050452009,0.19575344170625542,0.3010616844200338,0.02545054958058013,0.046611054148918196,0.16607616251737434,0.07735444662554403,0.12866566227405984,0.16607616251737434,0.6492266767783079,0.26229064459752327,0.7779392972409567,0.9752773630284628,-0.1334590263281934,-0.020604577750195086,0.013524733573809457,-0.011108580211786512,0.011108580211786512,0.33844492966760686,279083310.6209649,1.0448806570019116,0.05555555555555555,0.007936507936507936,0.0,0.02824083566180715,0.6062490430931939,0.08055708413875895,0.002804906571341137,0.07955620967910515,0.8597688067678035,-0.0423664741180102,0.05747100224120975,0.0823514639677978,0.015213740076611248,-0.3230701792837417,0.25580612821010823,0.7976595445887048,0.013354579325019704,0.07665439897573445,-0.011108580211786512,0.011108580211786512,0.25551511534519245,0.015873015873015872,0.9682539682539683,291608752.95990235,19.490923578086797,0.06349206349206349,0.0,0.0,0.026605174152713938,0.08235596993563532,0.13016372870851778,0.63826505820896,0.1302355595486715,0.8333333333333334,0.04616251162587983,-0.0423664741180102,0.1302355595486715,0.1905831980169974,0.1302355595486715,0.06811305695554104,0.20404619973107477,0.0106807801304376,-0.011108580211786512,0.011108580211786512,0.15010650463789532,265181949.66147286,0.02618035519810502,0.0218132212859316,0.0007185183625102454,-0.060347638468325915,0.03741050024331449,0.1153358229255177,0.2305845787264047,1.0,3.0,1.0,1.0,0.0,63.0,126.0,0.2826762849092271,,,,,,,,0,0,0,0,0,0
latest_month_unlabeled_or_partially_labeled,2026-07-31,ADP,242.8800048828125,-0.42402687605054423,-0.19344229732413953,1.0660951444030637,1.0771322208544598,-0.04594808637099268,-0.04076225169617731,-0.0003049822135579028,0.2047676748117051,0.1513813178424559,-0.1342227601141548,0.2889020144662955,-0.1315128399019233,-0.1156408051390756,0.1549842365656986,-0.0009545453600003771,-0.19717763578577707,0.19717763578577707,0.020103204614847048,1.0313453855660621,-0.5276001504607861,-0.45452969397799714,0.151076335628898,0.10622006021303051,-0.04432379458270275,0.11937015280446794,0.08348988418231396,0.2044626925981472,0.11841134867116243,-0.0003049822135579028,0.2044626925981472,0.043114516917461154,0.07279703064588827,0.1546792543521407,0.04671133272538297,0.1172687541088262,0.1546792543521407,0.446830825901003,0.319505207754383,1.1187656553590497,1.0834553090547698,-0.43931022936547803,-0.39191633808805626,0.014908112293517491,-0.05332083257701514,0.05332083257701514,0.2962695667484134,712771919.9711149,0.8888907637803678,0.1349206349206349,0.023809523809523808,0.007936507936507936,0.025633716491038024,0.5564149898467786,-0.018705784179789964,0.06271818871375756,0.06035090353080674,1.169087871784456,0.017170449525588438,0.07835789509452294,0.10314966338009857,0.07791603447928441,-0.32802728823194993,0.3461696136121335,1.032590496358438,0.015910697189958144,0.1165973003592351,-0.05332083257701514,0.05332083257701514,0.24521810857207593,0.07936507936507936,0.9682539682539683,633576376.3443235,20.26689111453764,0.15873015873015872,0.047619047619047616,0.0,0.025124939015759015,0.03534122734420442,0.13567036118528408,0.23647360283924462,0.08452783296507604,0.6666666666666666,0.0026145829414804256,-0.1315128399019233,0.08452783296507604,0.14487547143340196,0.08452783296507604,0.007656596839981766,0.35745145314396165,0.016764878455882763,-0.05332083257701514,0.05332083257701514,0.12283300644493567,626309280.6345621,-0.023075640157252275,0.02916784926108815,-0.022796573931437303,-0.060347638468325915,0.03741050024331449,0.1153358229255177,0.2305845787264047,1.0,3.0,1.0,1.0,0.0,63.0,126.0,0.5732845882227057,,,,,,,,0,0,0,0,0,0
latest_month_unlabeled_or_partially_labeled,2026-07-31,ADSK,205.25999450683597,-0.5534046624370588,-0.32282008371065407,1.091990907185422,1.087110781468433,-0.31884251343562364,-0.3065775219244887,-0.18827856815628774,0.045672050779305584,0.023109977369128676,-0.06275950260462049,-0.07116457120619823,-0.027682208783829765,-0.30361439108180543,0.05435449434546902,-0.46498477800438953,-0.3718902379519351,0.3718902379519351,-0.026947989501135083,1.4988739205086627,0.03893535262206149,-0.10020310222716444,-0.16516859078715906,0.022836573126439524,-0.026314724647956034,-0.10659920270512058,-0.07968079354900326,-0.14260651737698216,-0.165351225440143,-0.18827856815628774,-0.14260651737698216,-0.010025037417177862,-0.06298528978281692,-0.13392407381081872,-0.024008449119857667,-0.17133457405413322,-0.13392407381081872,-0.3226278355288841,0.40491340160496686,0.9028422227457777,1.025167113659995,-0.19459412099706486,-0.14968826326055373,0.019502105550537212,-0.2463097698944995,0.2463097698944995,0.09343699750731949,550307490.1830643,1.0174765868896234,0.23809523809523808,0.015873015873015872,0.031746031746031744,0.03465240898978129,0.5290520611016523,0.04318035622927752,-0.09496028624193698,-0.052428967296354045,0.8841852248560135,-0.15948294401025065,0.07007233335651901,-0.11261944285464343,-0.05435362000716759,-0.5311224836779107,0.41510390320561424,0.8806780969811842,0.020115914390743946,0.047676518800944034,-0.18236137668756736,0.18236137668756736,0.09343699750731949,0.8253968253968254,0.3492063492063492,559924986.8512592,20.143313382455723,0.25396825396825395,0.015873015873015872,0.031746031746031744,0.035896164308407495,0.008255560595003875,0.09462356435132446,0.15251557219604692,0.05575556239060875,0.16666666666666666,-0.03195963359807721,-0.15948294401025065,0.05575556239060875,0.11610320085893466,0.05575556239060875,-0.005070156622293043,0.36557291552458204,0.018892890696945545,-0.05994967360098857,0.05994967360098857,0.08185315516265934,494426333.9851016,-0.02659947287424569,0.03703317613749271,-0.028180240794285605,-0.060347638468325915,0.03741050024331449,0.1153358229255177,0.2305845787264047,1.0,3.0,1.0,1.0,0.0,63.0,126.0,0.6391935656453972,,,,,,,,0,0,0,0,0,0
latest_month_unlabeled_or_partially_labeled,2026-07-31,AEE,113.2699966430664,-0.07862806381865473,0.15195651490774997,0.8675741490098231,0.8769844988441876,0.1337988877158769,0.15004273583059713,0.11196048493124389,-0.07422003976011005,-0.09816042673847414,0.10788159320342472,-0.10419988953324744,0.0968242465022715,-0.003375337994273808,-0.1082787812610666,0.5671395502659631,-0.042680891352121275,0.042680891352121275,0.013149727156643864,1.3748298683622688,-0.5463521948224701,-0.5446819980331801,0.013800058192769749,0.05118141884210436,-0.02306972527645479,0.02797636088332922,-0.03682011956286191,0.03774044517113384,0.05450032943171582,0.013800058192769749,0.11196048493124389,0.033933807278157424,0.009828247682126978,0.003681703670177283,-0.049978011859736826,-0.03372879657313721,0.003681703670177283,0.016494518434821602,0.19741258545403761,1.3204521269832548,1.1306660537530322,-0.5145094174332019,-0.5135216187880633,0.010050130780458608,-0.042680891352121275,0.042680891352121275,0.12239323636458765,193186071.46780226,1.0160845959481581,0.031746031746031744,0.0,0.0,0.017733013274110015,0.44870832525070214,0.0019438448963173816,0.03394682421258155,0.02705655836018095,1.0268197933117356,0.05433740652299068,0.05356120695331694,0.05648260377105263,0.04386490916527519,-0.597947493311972,0.22320770895649994,1.1678533397197728,0.011699114467899825,0.025561511717516083,-0.042680891352121275,0.042680891352121275,0.08543558672788665,0.2857142857142857,0.5714285714285714,196293391.37017387,19.095120997804827,0.031746031746031744,0.0,0.0,0.018055583537298386,0.011507846538133748,0.014049918903924041,0.007805309333210198,0.002034640177603464,0.6666666666666666,0.019013727224138577,-0.049978011859736826,0.0968242465022715,0.06238227864592938,0.002034640177603464,0.0019194284766699266,0.2606738683560475,0.014118258405391784,-0.042680891352121275,0.042680891352121275,0.03028919526752727,203984662.130592,0.01044609549524056,0.018861383387695108,0.016439600017570388,-0.060347638468325915,0.03741050024331449,0.1153358229255177,0.2305845787264047,1.0,3.0,1.0,1.0,0.0,63.0,126.0,0.11511003317045332,,,,,,,,0,0,0,0,0,0
latest_month_unlabeled_or_partially_labeled,2026-07-31,AEP,134.9199981689453,-0.0003153756776257399,0.23026920304877896,0.909085007551113,0.9211427265515152,0.14796639185253246,0.18787949053514263,0.1435496672536949,-0.10677939958360305,-0.12800755330705904,0.1537327116706093,-0.16255888459082524,0.12604849326197942,0.028213844328177196,-0.15237584017391081,0.7058880974672481,-0.0271829562772824,0.0271829562772824,0.01729250129032711,1.4112600440156806,-0.0742556822799556,-0.08242646170806,0.01554211394663585,0.0686032171130978,-0.020475272473970074,0.025628227095079392,-0.026891365216599183,0.03677026767009184,0.0652873496234742,0.01554211394663585,0.1435496672536949,0.04600246631274052,0.005949603201705456,-0.008826172920215924,-0.06943382326400582,-0.04623667316353042,-0.008826172920215924,-0.03908897561319012,0.20336037364669593,1.0261737942229183,1.110329328167859,-0.48823626316025937,-0.4953061642459389,0.01021429596982891,-0.0271829562772824,0.0271829562772824,0.17443518742964548,538051585.6009287,1.1959417173946143,0.023809523809523808,0.0,0.0,0.018352143969910764,0.7914154475624349,-0.01362750996018569,0.03651927377109265,0.027614262200486683,1.0728384040548509,0.08005052132490165,0.0723524111013539,0.06512986594502501,0.05127157035725882,-0.3494682336218493,0.2257969870471007,0.9242066909249306,0.01161059330000536,0.031112247842732366,-0.0271829562772824,0.0271829562772824,0.08991030916150433,0.2857142857142857,0.5714285714285714,643478337.33047,20.282398922165758,0.031746031746031744,0.0,0.0,0.018129597184095413,0.011687528952955661,0.018330108693535907,-0.06619978483571813,-0.013814775406592483,0.5,0.0247296016258422,-0.06943382326400582,0.12604849326197942,0.04653286306173343,-0.013814775406592483,-0.0008072482395153902,0.20868308621962034,0.011440503963591123,-0.0271829562772824,0.0271829562772824,0.0340282233812883,657674295.7282656,0.011932867600121355,0.02009130198765102,0.01955685262974627,-0.060347638468325915,0.03741050024331449,0.1153358229255177,0.2305845787264047,1.0,3.0,1.0,1.0,0.0,63.0,126.0,0.29076416877697325,,,,,,,,0,0,0,0,0,0
latest_month_unlabeled_or_partially_labeled,2026-07-31,AES,14.829999923706056,-0.044848684500293334,0.18573589422611136,0.9482420814707448,0.9511303489720029,0.0952140182260266,0.059317820169583646,0.024768271317704205,0.04072886681358323,-0.15596884664433952,-0.013651884555276439,0.052603807584660434,0.17952227201690185,-0.09056755160781349,0.01418365171167979,0.07766961865434051,-0.13120057532663532,0.13120057532663532,-0.01619966218007185,0.6978527841034865,-0.4168093059000244,-0.39409290687198917,-0.13120057532663532,0.10382285570067507,-0.184606515042264,0.02949016535885174,0.161754392020376,0.06549713813128744,-0.013645055292547892,-0.13120057532663532,0.06549713813128744,0.025549993713378738,0.012262160947225542,0.038951923029383995,0.02774274231404905,0.0015414227860695018,0.038951923029383995,0.8983061219395262,0.31889266030688884,0.12478084021809688,0.1359752983515679,-0.17029735774041244,-0.16067597206827555,0.00691141678872691,-0.13120057532663532,0.13120057532663532,0.07234680678136862,165354261.3590831,0.8641565895854914,0.023809523809523808,0.015873015873015872,0.007936507936507936,0.010210044328846216,0.47821223004982466,0.0027333612039542876,0.005036694911268125,0.0108514821602963,0.6468537541909034,-0.0006816788568388965,0.11600225989068667,0.010906601675528593,0.003339582540629049,-0.2281513748979036,0.0433615246273544,0.9176728547818485,0.0021275509540887648,0.01016787720199508,-0.0020188246072878613,0.0020188246072878613,0.038951923029383995,0.015873015873015872,0.9206349206349206,142891974.56949323,18.777599487156095,0.0,0.0,0.0,0.004536995286545524,0.008866407356091788,0.011745433193341981,0.29142225962606993,0.011596185406779203,0.6666666666666666,0.009853833258667658,-0.184606515042264,0.17952227201690185,0.07194382387510512,0.011596185406779203,0.007370166649784959,0.03979169409247774,0.0021054236748344244,-0.0020188246072878613,0.0020188246072878613,0.01784490283649065,124892355.826832,0.0018239448028281036,0.004575670782327321,0.000944920287477391,-0.060347638468325915,0.03741050024331449,0.1153358229255177,0.2305845787264047,1.0,3.0,1.0,1.0,0.0,63.0,126.0,0.24731105325106112,,,,,,,,0,0,0,0,0,0
latest_month_unlabeled_or_partially_labeled,2026-07-31,AFL,124.33999633789062,0.04752007211813303,0.2781046508445377,0.9666231056921775,0.9784613861263136,0.17831315649553603,0.13945694353835125,0.132473276292832,0.006747027597260313,-0.02573586169789377,0.029958875165632337,0.0695736436552905,0.023253810125605012,0.017137453367314315,-0.032940757471909166,0.7472515723089079,-0.0030468640081237064,0.0030468640081237064,0.015966962433575427,1.2495248284260725,-0.5853310778153697,-0.5440580355135762,0.10673741459493824,0.0171415433751483,-0.028513264014198736,0.084722743602486,0.024160571381329987,0.13922030389009232,0.1261436649259542,0.10673741459493824,0.13922030389009232,0.03609514442713202,0.028632548743304564,0.09953251882092284,-0.005875443194974794,0.06212201857760835,0.09953251882092284,0.5708703051123626,0.1772806926099964,0.9567484484335039,0.9834812894377004,-0.24622210507819364,-0.20064187041227888,0.008745589897220808,-0.0030468640081237064,0.0030468640081237064,0.1768725280519683,273594356.8917714,1.0435741441575832,0.015873015873015872,0.0,0.0,0.018606011690013555,0.4817710892423455,0.021089644431739107,0.03517066060230567,0.051032791148001966,0.9186287352503928,0.04296390241704251,0.03300321289088793,0.10603094078539188,0.050969704447438646,-0.5311193492854345,0.17435224416048786,0.9728181498811423,0.008718554273503232,0.05410008533515498,-0.0030468640081237064,0.0030468640081237064,0.10908924860365943,0.06349206349206349,0.5714285714285714,285515996.8396747,19.469808619955177,0.0,0.0,0.0,0.018061461344659756,0.0354188297111544,0.06133865522517712,0.35651183627135763,0.060469051922308115,0.6666666666666666,0.021398866947152356,-0.028513264014198736,0.060469051922308115,0.12081669039063403,0.060469051922308115,0.022503430932816038,0.169613027591831,0.008439204543013364,-0.0030468640081237064,0.0030468640081237064,0.060469051922308115,242857286.90490717,0.009580998065047863,0.015866635010028378,0.0022407895025551294,-0.060347638468325915,0.03741050024331449,0.1153358229255177,0.2305845787264047,1.0,3.0,1.0,1.0,0.0,63.0,126.0,0.14884759425045474,,,,,,,,0,0,0,0,0,0
latest_month_unlabeled_or_partially_labeled,2026-07-31,AIG,78.16000366210938,-0.19972206076482735,0.03086251796157735,1.2062644582976514,1.225948146228274,0.007577939951840751,-0.07488604250764819,0.05693786647402699,-0.011364336377852835,-0.0736666271290799,0.0048240398501717685,0.04703959453463624,0.07491994495654763,-0.05839795645149071,-0.005074232089218977,0.2421013284392971,-0.08599716322079543,0.08599716322079543,0.004099872902332269,0.9094777006412342,-0.6752023437572432,-0.6583571568648262,-0.01672876065505291,0.03966000404844137,-0.059586713854066664,0.025931585320691397,0.03669435536048249,0.04557353009617415,0.028594211971716077,-0.01672876065505291,0.05693786647402699,-0.005979961739349116,0.01115501779742778,0.05186363438480801,-0.0076203372177360285,0.014453134141493518,0.05186363438480801,0.2037438026193488,0.2351819663323459,1.1914774856474393,1.082366949488712,0.07624957758594197,0.12866862073299634,0.011244618960123244,-0.035775894199702285,0.035775894199702285,0.09450293839650414,318787986.4740402,1.061094467366,0.05555555555555555,0.007936507936507936,0.0,0.021066895994410594,0.603394773782219,0.011763964637472535,0.029090610025475083,0.022956269555801212,1.0353247943186075,0.010713643501675918,0.04716170640561385,0.0599407402563783,0.05218606864205433,-0.12513734891619221,0.2545531874738982,1.1008073428427105,0.012151306920758267,0.05349988828431118,-0.035775894199702285,0.035775894199702285,0.0844852769777753,0.19047619047619047,0.5396825396825397,338264168.71035135,19.63933771537309,0.06349206349206349,0.015873015873015872,0.0,0.02145352408625783,0.011191791789122219,0.05319716371940064,0.17381459375072084,0.04870528568720234,0.5,0.010191976889045681,-0.059586713854066664,0.07491994495654763,0.10905292415552825,0.04870528568720234,-0.00205559487910123,0.2802140179152842,0.013916368179231855,-0.035775894199702285,0.035775894199702285,0.04870528568720234,325931198.94797915,-0.010419919718017256,0.022746414287928698,-0.015493100380823854,-0.060347638468325915,0.03741050024331449,0.1153358229255177,0.2305845787264047,1.0,3.0,1.0,1.0,0.0,63.0,126.0,0.2852803438313657,,,,,,,,0,0,0,0,0,0
latest_month_unlabeled_or_partially_labeled,2026-07-31,AIZ,273.79998779296875,0.2534253360899039,0.4840099148163086,0.9415101679832202,0.9595301692622863,0.3079715770354272,0.14534215551550345,0.15842451864915197,0.10294757958090317,0.03822803638617667,-0.003779908485542549,0.16659977983356034,-0.031945811025363424,0.043088695723634274,0.004395352698865818,0.6695847215994237,-0.022526856908275383,0.022526856908275383,0.04139511700445664,1.0366235020043235,-0.3822241681260946,-0.2816379866584706,0.19665255503532864,0.05203877749467748,-0.05130884319190199,0.1263666030763897,0.0024621837898141097,0.26137209823005514,0.20548305730484526,0.15842451864915197,0.26137209823005514,0.0847527887253845,0.07520632414039219,0.1628198713480178,0.053328821275123506,0.1254093711047033,0.1628198713480178,0.8177452351932233,0.2366011552215924,0.6402180502961574,0.8415356606064996,-0.1886141460609546,-0.17269043341973878,0.010433096952908583,-0.022526856908275383,0.022526856908275383,0.29679713347854797,97544263.57131231,1.114219183482071,0.031746031746031744,0.0,0.007936507936507936,0.021604706062606446,0.7044433349975038,-0.022526856908275383,0.0645659931057132,0.04320678843933612,0.9159569249525412,0.08269931666163521,0.057945417149166616,0.10394764470637785,0.07689088949030554,-0.31438289601554903,0.1991083094596637,0.7607735242434629,0.00970971674562383,0.06296841764355587,-0.022526856908275383,0.022526856908275383,0.19910723301241107,0.19047619047619047,0.873015873015873,108685689.70978752,18.50397070322176,0.031746031746031744,0.0,0.0,0.02044474624183632,0.013862498102795717,0.050159632189312964,0.12956035362881918,0.01962532691925878,0.6666666666666666,0.026191933227356096,-0.05130884319190199,0.0847527887253845,0.0799729653875847,0.01962532691925878,-0.002942426699102274,0.15147633029378638,0.007498525512283176,-0.022526856908275383,0.022526856908275383,0.04996740164994118,95145077.02157156,-0.008046541337856428,0.017497117103018996,-0.00443606772554439,-0.060347638468325915,0.03741050024331449,0.1153358229255177,0.2305845787264047,1.0,3.0,1.0,1.0,0.0,63.0,126.0,0.09110158005492741,,,,,,,,0,0,0,0,0,0
latest_month_unlabeled_or_partially_labeled,2026-07-31,AJG,242.2100067138672,-0.3778886673220443,-0.1473040885956396,1.2391608841265327,1.274207542553887,-0.020375251764604863,-0.05808101127254528,-0.02249975290730344,0.14456186789257308,0.09068225167162547,-0.16978362685277182,0.34718782979222584,-0.08489396875208788,-0.13783557583282113,0.19990395584675746,-0.06622775628818273,-0.2227680478846341,0.2227680478846341,0.02026251966711179,0.7277414448669203,-0.5652131751624269,-0.4880801650535411,0.06818249876432203,0.07305753150878465,-0.04801838998160546,0.10724154416381215,0.09757307076134403,0.12206211498526964,0.055914953614096076,-0.02249975290730344,0.12206211498526964,-0.04700347409667793,0.06450129263152249,0.17740420293945403,-0.025629823416906894,0.13999370269613953,0.17740420293945403,0.5412748726232266,0.33973297856261747,1.122827802373571,0.9647356589386366,-0.18562692982987228,-0.14078799276716214,0.01590992860278763,-0.07280941496976923,0.07280941496976923,0.2657094618300304,463400127.49736726,0.8492578769883345,0.12698412698412698,0.007936507936507936,0.015873015873015872,0.030172334602871935,0.5858066763930928,-0.07280941496976923,0.13793772013378214,0.08414377548021901,1.0129543066813809,0.14531425326311553,0.08546611456794406,0.20837463136275147,0.16511552607996616,-0.15665949131643297,0.32775251893679247,1.1638709443049517,0.016176368835836202,0.1612763158974968,-0.07280941496976923,0.07280941496976923,0.2657094618300304,0.12698412698412698,0.7619047619047619,393546208.4745377,19.790709050882764,0.14285714285714285,0.015873015873015872,0.0,0.02849184523494923,0.02530566361628872,0.15835132637307825,0.14433811871794341,0.05505945457324968,0.3333333333333333,-0.0008619914018188254,-0.08489396875208788,0.14531425326311553,0.11540709304157559,0.05505945457324968,-0.01537045215273003,0.3814616337132912,0.019524778548195638,-0.07280941496976923,0.07280941496976923,0.11176905368262724,415927928.666905,-0.03591868299731338,0.027134066647122264,-0.023732534557683982,-0.060347638468325915,0.03741050024331449,0.1153358229255177,0.2305845787264047,1.0,3.0,1.0,1.0,0.0,63.0,126.0,0.46310946249598745,,,,,,,,0,0,0,0,0,0
latest_month_unlabeled_or_partially_labeled,2026-07-31,AKAM,117.37000274658205,0.30748391166321754,0.5380684903896222,1.2497093238593366,1.2953396462141913,0.5628496022809759,0.34521493119291735,0.20813176431414582,-0.1861900637835292,-0.01522594589078996,0.060010311265941585,0.07972554929498732,0.012763745180582653,0.09279594138862812,-0.06839590375321691,0.2896736946725705,-0.2716271367063078,0.2716271367063078,0.03712104763855284,1.4045292222884551,-0.3813845104577145,-0.2949417426702029,0.19290581842335586,0.10338221872161768,0.16729341586116941,-0.02435008103133174,-0.1359158655198508,0.021941700530616615,0.1409930944227061,0.021941700530616615,0.20813176431414582,-0.10335215737823578,0.0472713969818368,0.1397358605609289,0.4521265139972863,0.10232536031761441,0.1397358605609289,0.17931625189451306,0.7185041933110471,0.7986975671081573,1.0845733135344926,-0.16746130899263145,-0.17337730135380802,0.028982902740648218,-0.2716271367063078,0.2716271367063078,0.3211392118948484,586669240.4084947,1.1306939790867463,0.3412698412698413,0.05555555555555555,0.07936507936507936,0.047827479357994584,0.7354362098672282,-0.005212835677499528,-0.1474208608045009,-0.11926303665315152,0.9651899891715432,-0.20950913206016208,0.23278664442097896,-0.21512633398341852,-0.14633354205369986,-0.23716261466818267,0.77927047372779,0.7364163926413595,0.030464793620206244,-0.05216328894106925,-0.2716271367063078,0.2716271367063078,0.2322309999641159,0.7619047619047619,0.9682539682539683,663343377.8452798,20.312803330887892,0.38095238095238093,0.06349206349206349,0.07936507936507936,0.04934273172225435,-0.04026099594918675,-0.025236128473399178,-0.012382590480279627,-0.00710596687586762,0.5,0.05203606978746215,-0.20950913206016208,0.4521265139972863,0.053241671592458295,-0.00710596687586762,-0.019264578852092096,0.5738675511545425,0.024474954217161938,-0.0938079148014842,0.0938079148014842,0.04116028786903314,466569940.72276527,-0.04277615405768109,0.05209410341021458,-0.03779307276005461,-0.060347638468325915,0.03741050024331449,0.1153358229255177,0.2305845787264047,1.0,3.0,1.0,1.0,0.0,63.0,126.0,0.8121139922245604,,,,,,,,0,0,0,0,0,0
latest_month_unlabeled_or_partially_labeled,2026-07-31,ALAB,326.9700012207031,1.1607707305522854,1.3913553092786901,1.093748826518213,1.1171258745837949,0.7514999681223058,0.9654364031082949,1.1708273258561008,0.8124756465240286,0.5807505263900796,0.2929226650263115,0.38608520186101214,-0.21106091034858365,1.0554915029305831,-0.4918194589687772,1.1111413357359687,-0.3230714905021286,0.3230714905021286,0.2506922942560952,1.0236560917924575,-0.45444487577639747,-0.08400865460788032,1.7515778522461805,0.418545971469102,-0.07767401510315752,0.31174519572645476,-0.23803112611501298,1.9833029723801294,1.6352360501608036,1.1708273258561008,1.9833029723801294,0.7768248923757639,0.2938600795622719,0.6790078668873236,0.760552513261332,0.6415973666440091,0.6790078668873236,0.6250168304584388,1.0537159299186714,1.0439483658411046,1.031002095770097,-0.536692710908911,-0.6863740873560698,0.05015370138206726,-0.3230714905021286,0.3230714905021286,2.260895703274294,1311578342.4852705,1.421883189800964,0.5793650793650794,0.23015873015873015,0.1746031746031746,0.08083054042875466,0.557135069954905,-0.3230714905021286,0.18705826883235033,-0.06123895597881479,1.490899910406783,0.40883762699375636,0.49137073576944335,-0.04631764503459834,0.056567062996434325,-0.4324302493857908,1.0863833320924867,1.012556977453414,0.05463039331381731,-0.1027315389231821,-0.3230714905021286,0.3230714905021286,0.7836997740190876,0.25396825396825395,0.9365079365079365,1864911197.2868178,21.346479274048953,0.6507936507936508,0.2698412698412698,0.2222222222222222,0.08925772498815428,-0.14214912803034052,-0.20087782622541273,-0.2936946739555704,-0.3230714905021286,0.5,0.2224014361128304,-0.3230714905021286,0.7768248923757639,-0.26272385203380266,-0.3230714905021286,-0.1383922869309897,1.100025023099337,0.05179642813934524,-0.3230714905021286,0.3230714905021286,0.07690536354334387,1822222799.9283564,-0.037622961582230996,0.10844811664400486,0.027971576425726452,-0.060347638468325915,0.03741050024331449,0.1153358229255177,0.2305845787264047,1.0,4.0,1.0,0.0,1.0,63.0,126.0,0.9524366016335557,,,,,,,,0,0,0,0,0,0
latest_month_unlabeled_or_partially_labeled,2026-07-31,ALB,116.91000366210938,0.515809862307248,0.7463944410336527,1.1627493971663738,1.2510482478699487,0.19977028116285966,-0.16926753032268804,-0.3113825423057939,-0.035754744541540595,-0.03098720370217256,0.15564246818280014,-0.5597683318013045,0.047119492319688705,-0.42671836523131157,-0.09274332131271046,-0.5287303690443048,-0.45641201081923866,0.45641201081923866,-0.05119023146161883,0.8839989178847435,-0.1772831926323868,-0.5097643329232822,-0.34236974600796644,0.01941364638669496,0.007302516659813074,-0.2966495007585638,-0.3540910653975642,-0.34713728684733447,-0.3336298583870316,-0.34713728684733447,-0.3113825423057939,0.09563861441820332,-0.15489017830363683,-0.40412586361850433,-0.1031011716498258,-0.4415363638618188,-0.40412586361850433,-0.8392143057284722,0.5889250183768083,0.6249026713732453,0.8176807301161508,-0.48803236318687493,-0.5567345120654706,0.028504439204145075,-0.45641201081923866,0.45641201081923866,0.0,397848457.588547,0.9061352618803399,0.35714285714285715,0.07142857142857142,0.0873015873015873,0.04759995803328466,0.7402763579248106,-0.06967725080430598,-0.19113547522123475,-0.23148664459272605,0.5826243942147677,-0.23265676542186886,0.12420308368541749,-0.33562837017237146,-0.22294073352096644,-0.31005413864035025,0.48155263901001616,0.7642379823289689,0.02475786276785129,-0.23806027883993797,-0.4418380307521055,0.4418380307521055,0.0,0.7936507936507936,0.0,360504516.3056873,19.70301504527842,0.31746031746031744,0.047619047619047616,0.06349206349206349,0.04412519289822761,-0.15300203819866343,-0.25976316162856394,-0.36463254376090215,-0.13419236674069868,0.5,-0.053314946735781375,-0.23265676542186886,0.09563861441820332,-0.07384472827237276,-0.13419236674069868,-0.08252270374358017,0.3680208172222051,0.020070096326496648,-0.20921261797849522,0.20921261797849522,0.0,302303678.5358247,-0.0391616711558711,0.04423426078620917,-0.01251770522566742,-0.060347638468325915,0.03741050024331449,0.1153358229255177,0.2305845787264047,1.0,3.0,1.0,1.0,0.0,63.0,126.0,0.7152250597424832,,,,,,,,0,0,0,0,0,0
latest_month_unlabeled_or_partially_labeled,2026-07-31,ALGN,168.24000549316406,0.0735004740347549,0.3040850527611596,1.0632374836749798,1.089379915360241,0.22019146747315,0.07742562964616218,0.03195734989190724,-0.050565454184662406,-0.14694945882665422,0.07961722274874594,-0.1237623807293633,0.16604310572844305,-0.08337847303361046,-0.0761025078725246,0.07137169092621184,-0.1879916814965883,0.1879916814965883,-0.005301254918992804,0.9517042426653973,-0.5752056708232007,-0.593958283593981,-0.11499210893474698,0.07465574878196503,-0.09821153513045089,-0.03670359853419636,-0.008782515388503054,-0.018608104292755168,-0.03388095444519831,-0.11499210893474698,0.03195734989190724,0.02671645585213711,-0.008517948125249641,-0.044145157980617356,-0.006022371408872407,-0.08155565822393185,-0.044145157980617356,-0.0999418975110193,0.4477594614501509,0.993527273115678,0.9864855157887175,-0.4018650735829812,-0.4033545528218212,0.02190661360947947,-0.14819497659729242,0.14819497659729242,0.08430008715093162,199565308.05603513,0.8926833270706991,0.2619047619047619,0.047619047619047616,0.023809523809523808,0.037913776850736075,0.647885101010101,0.022071486302850607,0.05047154527569342,-0.02339801448496026,0.945279723259345,-0.03595309171679306,0.08814379396880297,-0.038353767202769506,0.035038859011106815,-0.26444676720919824,0.44170822327793047,1.0071382267800764,0.02269861461470054,0.0071713849036176835,-0.11763776625154687,0.11763776625154687,0.08430008715093162,0.9841269841269841,0.6984126984126984,178148623.16335043,18.998128727074988,0.25396825396825395,0.047619047619047616,0.015873015873015872,0.038836197181555655,-0.04864405105737679,-0.008400003506088383,-0.005597714272170729,-0.0024902060940703574,0.3333333333333333,0.008347059538398907,-0.09821153513045089,0.16604310572844305,0.05785743237425556,-0.0024902060940703574,-0.05400235452302238,0.44486123674631295,0.022068168567431205,-0.10695893604632378,0.10695893604632378,0.0,175576494.510251,-0.04851313362779741,0.0406519714146741,-0.03311454118506729,-0.060347638468325915,0.03741050024331449,0.1153358229255177,0.2305845787264047,1.0,3.0,1.0,1.0,0.0,63.0,126.0,0.5416050219352998,,,,,,,,0,0,0,0,0,0
latest_month_unlabeled_or_partially_labeled,2026-07-31,ALL,254.5200042724609,0.046871005778296615,0.2774555845047013,0.9453818484743163,0.9668628535517105,0.3490423221592929,0.23543352249236604,0.29230352890990763,-0.05828777722014955,-0.093555312904404,0.09733820796929993,0.08033292343275367,0.07804417279230758,0.17696770598438993,-0.11463239750785403,1.1538258362644107,-0.00752586407760536,0.00752586407760536,0.0421946333362091,1.3346710953630705,-0.3903453829634932,-0.2820273573901313,0.19874821600550363,0.04724732905880657,-0.028579485825818596,0.15852994514241647,-0.0030809972742452674,0.23401575168975808,0.24168916553505645,0.19874821600550363,0.29230352890990763,0.04784410416906826,0.06261931383292718,0.1776711314020536,-0.05141305937924845,0.1402606311587391,0.1776711314020536,0.6440374088514285,0.25333418590821305,1.204126562176802,1.08896011863866,-0.34883165288861284,-0.3034573052520052,0.012610116765145634,-0.00752586407760536,0.00752586407760536,0.3279395136414902,352972779.5251877,1.1214422699616293,0.07142857142857142,0.0,0.0,0.022594985406963208,0.6639328287913729,0.006725533601652844,0.10638474899216233,0.1104631114372141,1.158517334011316,0.160626353918917,0.07717724826516231,0.24150046871970465,0.1425534108063038,-0.35301565195372475,0.27587082514183603,1.1057581830288834,0.013744507196910583,0.12498426812230656,-0.00752586407760536,0.00752586407760536,0.24150046871970465,0.12698412698412698,0.5873015873015873,395838595.1053922,19.796517100540726,0.09523809523809523,0.0,0.0,0.02288569308991455,0.06271252254068815,0.12650554234782296,0.22842896741862367,0.06968143927432946,0.6666666666666666,0.04603392082492588,-0.05141305937924845,0.160626353918917,0.13002907774265537,0.06968143927432946,0.0293847144955115,0.3050464223595154,0.01580114346840355,-0.00752586407760536,0.00752586407760536,0.09896372005578025,434247689.6542504,0.01748173112490936,0.02367203278483057,0.008623165306942182,-0.060347638468325915,0.03741050024331449,0.1153358229255177,0.2305845787264047,1.0,3.0,1.0,1.0,0.0,63.0,126.0,0.2972279487819667,,,,,,,,0,0,0,0,0,0
latest_month_unlabeled_or_partially_labeled,2026-07-31,ALLE,154.57000732421875,-0.29160973988546146,-0.06102516115905676,1.0352689777869244,1.0657014467085564,-0.060175610657621004,-0.02151301661338545,-0.05801617550047922,0.12627410169926268,0.024784406323874242,-0.16560611073635967,0.29454993046019473,-0.0256363475067497,-0.1733519984259969,0.18695999522431428,-0.1769297335276686,-0.13336653892608596,0.13336653892608596,-0.040747720534419996,1.8832691521631564,2.1784255625850886,2.5882638953326893,-0.033231769176604975,0.06690736609194807,-0.09500486061125935,0.11559567808527538,0.23235023219675188,0.06825792619878346,-0.007663339492766911,-0.05801617550047922,0.06825792619878346,-0.05375457349143986,-0.003578190166188877,0.12894381972383506,-0.053898628091252565,0.09153331948052057,0.12894381972383506,0.35607078185249325,0.32790517649994955,1.2998675647444013,1.1043733559254492,2.5911147303655446,2.9510186381316714,0.013423605889843709,-0.13336653892608596,0.13336653892608596,0.23523427766279892,151918480.51392692,1.0828643174878962,0.09523809523809523,0.007936507936507936,0.015873015873015872,0.02463373659428794,2.5181777805976777,0.04939923794204082,0.049762116326351746,0.15575400624546187,1.2088270948027962,0.08456318933317375,0.08044544589982952,0.1932588338247574,0.06260669895541726,0.8135252456020106,0.362129740196576,1.1770182228410708,0.014785138665891562,0.056200600437619874,0.0,-0.0,0.23523427766279892,0.0,0.7301587301587301,164507101.71551174,18.91846430483947,0.1111111111111111,0.015873015873015872,0.015873015873015872,0.02581148752151016,0.13092280334051165,0.07425078870842627,0.23513100601571882,0.10022066538918173,0.3333333333333333,-0.0072517591630576654,-0.09500486061125935,0.10022066538918173,0.16056830385750764,0.10022066538918173,0.1124666144841826,0.42623330324407255,0.016073432790594606,0.0,-0.0,0.15350751734491608,203878001.24722436,0.1104246799177484,0.029709142524323325,0.0928463599280247,-0.060347638468325915,0.03741050024331449,0.1153358229255177,0.2305845787264047,1.0,3.0,1.0,1.0,0.0,63.0,126.0,0.2975733851695973,,,,,,,,0,0,0,0,0,0
latest_month_unlabeled_or_partially_labeled,2026-07-31,AMAT,562.7999877929688,1.917969129646577,2.1485537083729818,0.8824644436334738,0.8938291536962257,1.4251751863971167,1.1954256345983794,0.7504417670911447,-0.10176967912015211,-0.23687837580136306,0.22543424255203526,0.2029914585657593,0.15650376929340704,0.635105944165627,-0.3220160659733502,1.141248290371819,-0.2215767803693378,0.2215767803693378,0.13030875321808932,1.2680621884873062,-0.1905815602836879,0.1561941022494444,0.5135633912897817,0.11882956452373708,-0.08195001156809056,0.23786607378926616,-0.16750522328131745,0.6486720879709926,0.6375590821173064,0.5135633912897817,0.7504417670911447,0.15418819941481532,0.17919697945691992,0.42842570111779454,0.14228372690405178,0.39101520087448005,0.42842570111779454,0.5571447198046265,0.6575622267496677,1.4452355316536738,1.1694203301430546,-0.6533424051709474,-0.7301536789237473,0.031536710000315896,-0.2215767803693378,0.2215767803693378,0.8958414567664081,3759798808.8588653,1.3348901554743053,0.42063492063492064,0.09523809523809523,0.1111111111111111,0.046360458317566335,0.6209200346744913,-0.2215767803693378,0.20571885867529405,0.051352826781733585,1.4973302664400496,0.6064524817180001,0.2817366236116643,0.2504999130025931,0.1459400011843388,-0.4426327715989894,0.7689666362951985,1.2358563421561852,0.03766852926802019,-0.009749034031992454,-0.2215767803693378,0.2215767803693378,0.4785748978609774,0.25396825396825395,0.9365079365079365,5018918416.509719,22.336480292757017,0.5079365079365079,0.12698412698412698,0.14285714285714285,0.05202681308173193,-0.04714769283871212,-0.08910169596685502,-0.2331571616386844,-0.2215767803693378,0.6666666666666666,0.125983564232141,-0.2215767803693378,0.6064524817180001,-0.1612291419010119,-0.2215767803693378,-0.055978730137586585,0.9503322943719296,0.04764866642673427,-0.2215767803693378,0.2215767803693378,0.07057252182700502,6751246253.901018,-0.003996063820104756,0.07211898168457252,0.028271997568076968,-0.060347638468325915,0.03741050024331449,0.1153358229255177,0.2305845787264047,2.0,7.0,2.0,1.0,1.0,63.0,126.0,0.9302669686485715,,,,,,,,0,0,0,0,0,0
latest_month_unlabeled_or_partially_labeled,2026-07-31,AMCR,42.630001068115234,-0.29135670862111307,-0.06077212989470837,0.9951374944893896,1.0148049475163738,0.11161787604890616,0.052971286007914564,-0.007708392399900843,0.0980262785536179,-0.09738894645121998,-0.12905741257045478,0.26838808938199643,0.10882630109311742,-0.12304421532541854,0.1470390692114425,-0.020864409085352562,-0.13189196562648586,0.13189196562648586,-0.018441864533368824,0.9483669030133088,-0.38401356339296755,-0.2981877562737798,-0.10509733885112083,0.097707785719837,-0.17922775319608708,0.059028451767757284,0.1853877235127379,0.09031788615371705,-0.007495948365768205,-0.10509733885112083,0.09031788615371705,-0.04301893353296593,0.04693595447998633,0.13933067681154165,0.03750446675940866,0.10192017656822716,0.13933067681154165,0.4071323513101645,0.3694517476324007,0.9116510686954394,0.9263037198175765,-0.1072690043511646,-0.12209631747118455,0.017354316080984505,-0.13189196562648586,0.13189196562648586,0.18125211339945202,208240322.35540056,0.7285075407237743,0.15873015873015872,0.023809523809523808,0.015873015873015872,0.025914670135243952,0.6385424898622981,-0.05266664293077261,0.09530677049108549,0.04871585898984354,1.059760393916597,0.11669239605637705,0.11047044137893006,0.09814532208249838,0.1038116276678962,-0.24752439647051205,0.34222452812499726,0.9841815909742619,0.01685593699306068,0.0746135327164601,-0.05266664293077261,0.05266664293077261,0.18125211339945202,0.2222222222222222,0.7301587301587301,151704645.11865887,18.837446070867948,0.14285714285714285,0.015873015873015872,0.015873015873015872,0.02633793437039769,0.004232429577084806,0.05905663869775735,-0.04931232445911302,-0.01660893728602264,0.5,0.004027923315637912,-0.17922775319608708,0.11669239605637705,0.043738701182303275,-0.01660893728602264,-0.017311696179678426,0.3368110805604759,0.01635254107261606,-0.05266664293077261,0.05266664293077261,0.022057108699028216,141424831.453941,-0.015655277007157076,0.03044468636052281,-0.015245976688348484,-0.060347638468325915,0.03741050024331449,0.1153358229255177,0.2305845787264047,1.0,3.0,1.0,1.0,0.0,63.0,126.0,0.4221630345614723,,,,,,,,0,0,0,0,0,0
latest_month_unlabeled_or_partially_labeled,2026-07-31,AMD,539.6900024414062,1.8304443471122964,2.061028925838701,1.070853331523969,1.0689329116983706,1.107176373302957,1.5200317202688387,1.2797702537981483,0.3731817290569217,0.4158492674214451,0.49744433165271595,0.024996406616322853,-0.15426853239039462,1.1644344308726307,-0.7573295155291095,1.6831977589146563,-0.0709575882817034,0.0709575882817034,0.21274507024515565,0.9577155750454918,-0.35522007441476133,-0.01836077407095338,1.6956195212195935,0.2287705309354603,0.016083042075494047,0.40784338023910793,-0.0709575882817034,1.65295198285507,1.542780585957604,1.2797702537981483,1.6956195212195935,0.7425650248110034,0.1990444663823141,0.5224407382690388,0.4558943547170746,0.4850302380257243,0.5224407382690388,0.6086946115009775,0.7603207923847034,0.9442360726765316,1.1288616260294575,-0.2126331965727707,-0.2685028460370408,0.03605396999578986,-0.0709575882817034,0.0709575882817034,1.8263420322949337,12212124756.854427,1.3259439868960827,0.5079365079365079,0.15873015873015872,0.0873015873015873,0.0505659834373386,0.7825932835462446,-0.0709575882817034,0.0822445182477638,0.06446094543230396,1.517316170079654,0.12557643988456646,0.3455256982430896,0.04570825028365211,0.047125403828580215,-0.11878723763288723,0.8582969659954018,0.8364497923431866,0.04269872553827263,0.03966842086689337,-0.0709575882817034,0.0709575882817034,0.7675630503906377,0.25396825396825395,0.9841269841269841,16192593388.575914,23.50781977646347,0.6031746031746031,0.20634920634920634,0.12698412698412698,0.05742577709973727,0.02344207424397604,0.0027238873605512914,-0.09883741792976766,-0.0709575882817034,0.6666666666666666,0.1858154568026734,-0.15426853239039462,0.7425650248110034,-0.010609949813377484,-0.0709575882817034,0.011431055397110645,0.717922318975641,0.03711420428453305,-0.0709575882817034,0.0709575882817034,0.08861140836379588,14981670304.388138,0.017079783439515772,0.07033933244794444,0.023776636219098313,-0.060347638468325915,0.03741050024331449,0.1153358229255177,0.2305845787264047,2.0,8.0,2.0,1.0,1.0,63.0,126.0,0.9622935763455434,,,,,,,,0,0,0,0,0,0
latest_month_unlabeled_or_partially_labeled,2026-07-31,AME,241.13999938964844,0.08214452388041327,0.31272910260681797,1.0314666882492725,1.0464679175699692,0.1986637732912424,0.17814501932605453,0.07994002820232549,0.04667659117311129,-0.06879981778387756,0.053102512070724917,-0.027618273049369257,0.06804181761835526,-0.03539579472319221,-0.05445578918096983,0.3264606069862653,-0.003306617523704314,0.003306617523704314,0.004577794866766682,0.8925221234237392,-0.6879814412753176,-0.6800298857456788,0.011140210418447927,0.0580903321219608,-0.10249840715203151,0.05594800008796175,0.01982811590966982,0.12661661937543678,0.07256561933207006,0.011140210418447927,0.12661661937543678,0.0986191464537709,0.006017249151459403,0.02548423902135566,-0.04097660425538918,-0.011926261221958834,0.02548423902135566,0.10611237745122028,0.2448688340694309,0.8139944973597215,0.9807811522046782,0.0005722460658081907,-0.002736263656765048,0.011861251470881953,-0.003306617523704314,0.003306617523704314,0.15900340388725054,294508386.5105523,0.9663781248609145,0.047619047619047616,0.007936507936507936,0.0,0.021851142836881377,0.6079272179405458,-0.003306617523704314,0.02819069331531554,0.042004834330858554,0.9284223245731809,0.07284804239053555,0.07800659006266272,0.06930054425329524,0.032261134771555344,-0.2507677291879924,0.24016273721763262,0.8299450856390945,0.011944547933822812,0.021138501642960383,-0.003306617523704314,0.003306617523704314,0.09138440794867653,0.25396825396825395,0.6984126984126984,284606462.31188095,19.466617953523368,0.047619047619047616,0.0,0.0,0.020963213144998872,0.027839358882176812,0.010185165798155094,-0.016589335127276325,-0.003306617523704314,0.5,0.015454562921922784,-0.10249840715203151,0.0986191464537709,0.0570410209446216,-0.003306617523704314,0.021323088955032654,0.19932188350740745,0.010133497101753349,-0.003306617523704314,0.003306617523704314,0.04236190545038343,238456025.94822475,0.022186795077159926,0.021282836966485325,0.014728160280210956,-0.060347638468325915,0.03741050024331449,0.1153358229255177,0.2305845787264047,1.0,3.0,1.0,1.0,0.0,63.0,126.0,0.258584192317295,,,,,,,,0,0,0,0,0,0
latest_month_unlabeled_or_partially_labeled,2026-07-31,AMGN,371.5,0.06615037045797179,0.2967349491843765,0.986936706687703,1.0000816950061338,0.27194708133607337,0.15150474060071573,0.10243059203162264,-0.038609796629014426,-0.13812368777748507,0.019799953777527968,0.06122636706904139,0.14323623233240212,-0.012905230893895059,-0.02140427118505328,0.37781850409095696,-0.035693095745862435,0.035693095745862435,-0.0008896148520041169,1.0287821431169217,-0.1839058063797807,-0.11778069640648647,-0.035693095745862435,0.07126462896895358,-0.0935438483422475,0.06435729965699544,0.1008882247864964,0.06382079540260821,0.04351943056278947,-0.035693095745862435,0.10243059203162264,-0.015915917228071952,0.03112737077058103,0.08102632084656936,-0.01997614041668483,0.04361582060325486,0.08102632084656936,0.3145322543914558,0.27111057537553335,0.8586909408915883,0.9501987898089901,0.30486447995015364,0.33866442294799914,0.012368639131538442,-0.035693095745862435,0.035693095745862435,0.1557985648450657,955554317.9689195,0.973712759283775,0.06349206349206349,0.007936507936507936,0.0,0.023049288278949615,0.9301073847504138,-0.0070827046364125845,0.0576216382157031,0.0636179208950387,1.0795017708712304,0.07521002977998692,0.08251799832624061,0.10306122680135399,0.06371450545576463,0.08153604013476623,0.2576089406262508,0.9036961003330716,0.012050861939341722,0.05267962694648176,-0.0070827046364125845,0.0070827046364125845,0.1557985648450657,0.2222222222222222,0.873015873015873,930435431.5950423,20.65116324162828,0.07936507936507936,0.0,0.0,0.02269804822327742,0.0370847356140227,0.06715031839249241,0.11126721522754518,0.025903029408185452,0.5,0.019152230922261704,-0.0935438483422475,0.14323623233240212,0.08625066787651137,0.025903029408185452,0.020788085309282556,0.2328001950548766,0.01084500589238155,-0.0070827046364125845,0.0070827046364125845,0.057109545976443465,830557095.6848145,0.01969674763103746,0.024268421891147744,0.012675480441597387,-0.060347638468325915,0.03741050024331449,0.1153358229255177,0.2305845787264047,1.0,3.0,1.0,1.0,0.0,63.0,126.0,0.45354870349894777,,,,,,,,0,0,0,0,0,0
latest_month_unlabeled_or_partially_labeled,2026-07-31,AMP,520.1099853515625,-0.21347601625719914,0.017108562469205557,0.9009730620352999,0.9230061314853611,0.16035511040043393,0.06773306128417311,-0.006900375867121222,0.18153920622956232,0.11727531828132498,-0.09673328211757282,0.19618663788944413,-0.10561776369551545,-0.12223619879263892,0.10635373163899253,-0.024277289475307915,-0.04023422321485892,0.04023422321485892,0.001681329937538889,1.4096901252094831,0.30983930081759237,0.44010721480578363,0.11037494241420376,0.09205055763969172,-0.054709487109674715,0.11986362086326552,0.1024835974357532,0.1746388303624411,0.09270446563650787,-0.006900375867121222,0.1746388303624411,0.06838441503303772,0.031210677240620655,0.09945335577187131,-0.05781976964910118,0.06204285552855682,0.09945335577187131,0.3939790261095576,0.2842317250506691,1.0803467033789451,0.8881243727604882,0.1760536640931527,0.33332731925923476,0.013576710077384473,-0.04023422321485892,0.04023422321485892,0.2128472843919753,333535781.45001125,0.9796129090429897,0.09523809523809523,0.0,0.007936507936507936,0.0265163667472924,1.0336503698759665,0.01189546368425265,0.06657905339008852,0.09487204304970676,1.1513330785785563,0.02927916932699537,0.0904207178530331,0.16692467147437262,0.1017946428183727,-0.1556820935304094,0.25243312252925704,1.2164362745963013,0.011927251366823778,0.13341129659368378,-0.02456824905996524,0.02456824905996524,0.1824712473214296,0.07936507936507936,0.6031746031746031,326735957.13617235,19.60466293521059,0.07936507936507936,0.0,0.0,0.025137690673506883,0.06512617322060477,0.11972319292431433,0.4355049935088709,0.13372999886646708,0.5,0.0022077604620348024,-0.10561776369551545,0.13372999886646708,0.194077637334793,0.13372999886646708,0.03813954134334119,0.3070688071542011,0.015395213971372805,-0.02456824905996524,0.02456824905996524,0.1641038863993951,381124121.81643534,-0.0061852112209885846,0.027102780612909494,-0.010968333858519919,-0.060347638468325915,0.03741050024331449,0.1153358229255177,0.2305845787264047,1.0,3.0,1.0,1.0,0.0,63.0,126.0,0.30778810143738633,,,,,,,,0,0,0,0,0,0
latest_month_unlabeled_or_partially_labeled,2026-07-31,AMT,164.64999389648438,-0.40995798227695923,-0.17937340355055453,1.0017116135692232,1.0251222114214922,-0.05287702211003564,-0.04378592116040525,-0.06357370512327187,0.036354421341449505,-0.061400233855622655,0.0293148542236934,-0.11955795036265038,0.07016960590176269,-0.17890952804878957,-0.026669391015685107,-0.21721727935826265,-0.26046367798234804,0.26046367798234804,-0.013500493583810225,1.3107419712070876,0.2040313996806813,0.09537587832497452,-0.12497393897889453,0.04940918484333194,-0.1004899188144962,-0.0656998205853061,-0.09941398457499184,-0.027219283781822368,-0.07192230929466292,-0.12497393897889453,-0.027219283781822368,0.06927544280198283,-0.022314324184857792,-0.09024309613895698,0.023260954957493363,-0.12765359638227147,-0.09024309613895698,-0.3010343810253412,0.29267333294612324,1.119279894137516,1.0242706648819984,-0.3257836800834435,-0.32133210253433364,0.014029583163073012,-0.14371683247420663,0.14371683247420663,0.015668331852258577,568429633.1396315,0.986785751306634,0.11904761904761904,0.007936507936507936,0.0,0.025646158768990908,0.8446917988028982,0.00561660708937739,-0.05445351777978369,-0.06476756068087786,0.7924867009703341,-0.11675556190541148,0.0820422099982984,-0.11092385627199608,-0.0958094767274027,-0.1844542075025346,0.29977670932995615,1.0927579325592256,0.013772697975265877,-0.08810228445127133,-0.14371683247420663,0.14371683247420663,0.015668331852258577,0.5079365079365079,0.20634920634920634,560918262.6026456,20.14508575519404,0.1111111111111111,0.015873015873015872,0.0,0.024673655500018567,-0.04361665903274681,-0.0737670347686733,0.020155465223664237,0.0066025953653283675,0.6666666666666666,-0.007989480282223405,-0.11675556190541148,0.07016960590176269,0.06695023383365428,0.0066025953653283675,-0.014588196913031037,0.3275833771168108,0.016001691409009665,-0.06230424665169554,0.06230424665169554,0.015668331852258577,574813690.6401135,-0.01741971870754655,0.02178647480904966,-0.009588335956899563,-0.060347638468325915,0.03741050024331449,0.1153358229255177,0.2305845787264047,1.0,3.0,1.0,1.0,0.0,63.0,126.0,0.47142294111352856,,,,,,,,0,0,0,0,0,0
latest_month_unlabeled_or_partially_labeled,2026-07-31,AMZN,233.66000366210935,-0.23250673902314145,-0.0019221602967367524,1.25167473686917,1.2610252552707473,-0.04323969169523767,0.012303943539441198,-0.02356873931350767,0.14547779423642881,0.13623542341879025,0.1076472803105828,-0.22611100243275295,-0.12244046250772744,-0.13890456223902536,-0.09489498280866249,-0.07519183664988037,-0.15029633092113626,0.15029633092113626,0.025332896778180736,0.939045173547794,-0.5299297152064524,-0.5856159908021246,0.11266668410528258,0.0814547938310207,-0.00823807489304329,-0.031093242441876834,-0.15029633092113626,0.12190905492292115,0.07033566657156536,-0.02356873931350767,0.12190905492292115,0.27267485533749514,-0.02762749369578421,-0.11846372212217016,0.021051901989134647,-0.15587422236548465,-0.11846372212217016,-0.397511708669998,0.3134481130345573,0.962573313337331,0.9507575635159937,-0.2833078910375172,-0.29738070245092185,0.015663153964475023,-0.15029633092113626,0.15029633092113626,0.17541129610978756,11726243106.838736,1.0469104319057667,0.14285714285714285,0.007936507936507936,0.007936507936507936,0.026501704069754776,0.739121904124201,-0.01701877465355206,-0.05134651031563131,-0.06497625466539292,0.9853692583729649,-0.11934679486514477,0.14449012952921297,-0.13663911093991532,-0.02522370929934481,-0.1546355091805428,0.29801316423742147,1.0124277210876362,0.015007874005146336,0.027136243805359284,-0.15029633092113626,0.15029633092113626,0.029293904745119725,0.8412698412698413,0.30158730158730157,12276326235.61256,23.230938548506586,0.15873015873015872,0.0,0.0,0.027219160650752007,-0.03509543120988723,0.023845212055714216,-0.06508018343128485,-0.019635783954391584,0.3333333333333333,0.004010940184387117,-0.12244046250772744,0.27267485533749514,0.04071185451393433,-0.019635783954391584,-0.04072976177819221,0.30171678872300806,0.014544235891522983,-0.08354252624280045,0.08354252624280045,0.029293904745119725,13298025191.889372,-0.053345048097761194,0.029560649837337676,-0.04494473472680105,-0.060347638468325915,0.03741050024331449,0.1153358229255177,0.2305845787264047,2.0,8.0,2.0,1.0,1.0,63.0,126.0,0.6326186824553268,,,,,,,,0,0,0,0,0,0
latest_month_unlabeled_or_partially_labeled,2026-07-31,ANET,176.61000061035156,0.20270546234428122,0.4332900410706859,0.874823213997932,0.9172333238404632,0.11998223017325094,0.34785928608477157,0.24601378415262753,0.19241268893943353,0.07690756873390092,0.21849865966173376,-0.1959174903902532,-0.05813464917328137,0.13067796122710984,-0.22343261488114696,0.40920062720473993,-0.055359465831405275,0.055359465831405275,0.04998992999436025,1.377905027804692,-0.29355064558672683,-0.2775981931329925,0.32292135288652846,0.09684941041565288,-0.0802996346120084,0.14491717721838215,-0.027114436098959138,0.43842647309206106,0.33578720337707235,0.24601378415262753,0.43842647309206106,0.406662391521293,0.024024769823049796,0.022581169271480572,-0.07666032643435128,-0.01482933097183392,0.022581169271480572,0.03641047332968778,0.6012057846371206,1.0188235450797747,1.0315658371665835,-0.5780116322044778,-0.5612940678607863,0.029892318258775162,-0.055359465831405275,0.055359465831405275,0.5207957012601545,1318162664.0200298,1.1706369924992257,0.4444444444444444,0.09523809523809523,0.047619047619047616,0.04521128715304466,0.49091443959177206,-0.011191396099604733,0.08395604060673811,0.08195829911571484,1.312157086564447,0.06527875827693852,0.18561313308049326,0.10748102626478961,0.057786238502204545,-0.56621398696949,0.6201833485385839,0.9876476210943472,0.029660760023752418,0.0754647836180129,-0.055359465831405275,0.055359465831405275,0.2945100791000994,0.14285714285714285,0.7936507936507936,1543089976.633175,21.157052722064197,0.4126984126984127,0.07936507936507936,0.06349206349206349,0.048391232226234614,0.04176252163293159,0.029367293333770528,0.06467707936153483,0.03961617338180323,0.5,0.04941045216006562,-0.0802996346120084,0.406662391521293,0.09996381185012915,0.03961617338180323,0.025520418599132455,0.6125226088264588,0.029290971337365405,-0.055359465831405275,0.055359465831405275,0.12062178788463807,1385400231.154887,0.006221583039676792,0.05883301361261907,0.02202495160435647,-0.060347638468325915,0.03741050024331449,0.1153358229255177,0.2305845787264047,2.0,7.0,2.0,1.0,1.0,63.0,126.0,0.8933753611299354,,,,,,,,0,0,0,0,0,0
latest_month_unlabeled_or_partially_labeled,2026-07-31,AON,355.7799987792969,-0.22564444008702966,0.004940138639375036,1.1344220587588034,1.1444766222281646,0.04707810199900675,0.010877806399654188,0.020245283502666744,0.08489930520154165,0.04309440349151927,-0.10865461803633014,0.2532673620380159,-0.04052741002579996,-0.09509053942285095,0.12436746049901903,0.06713180139551143,-0.049434823717117715,0.049434823717117715,0.014206410212986187,1.1947864328280522,-0.5494148244473342,-0.48425446580418197,0.06333968699418602,0.042451284713537665,-0.037827540520321445,0.08231448543300535,0.07524650163682733,0.1051445887042084,0.06290985306702039,0.020245283502666744,0.1051445887042084,-0.034481666838246716,0.03894022353254423,0.14461274400168578,0.016825853943309266,0.10720224375837129,0.14461274400168578,0.541308990002005,0.3015751563612947,1.119386021902685,0.8858613733088597,-0.25849697885196377,-0.20464306425546774,0.014307167905656011,-0.034858817603848236,0.034858817603848236,0.15411818035753688,501909721.04741657,1.012223248192121,0.09523809523809523,0.0,0.007936507936507936,0.025061481949147247,0.6001324458330503,-0.02106289004428641,0.06596183331735661,0.06356900350841332,0.9485289297604576,0.04945265140652588,0.049300329700877256,0.1256723455278126,0.0861524165341172,-0.371545929798357,0.26715378217005065,1.2636130839767474,0.01320087679191763,0.09953754161738648,-0.034858817603848236,0.034858817603848236,0.15411818035753688,0.07936507936507936,0.8412698412698413,508044688.1378174,20.046079972417292,0.07936507936507936,0.0,0.0,0.02420778969535326,0.03512383298764776,0.11628627199653585,0.21514383775252852,0.07262804474230777,0.5,0.0043449887846291335,-0.04052741002579996,0.07262804474230777,0.1329756832106337,0.07262804474230777,0.010856371358706873,0.3375790145839499,0.017015544980347148,-0.034858817603848236,0.034858817603848236,0.12606420330240842,518968348.114159,-0.012945074649940325,0.022453700977802353,-0.01034769173948491,-0.060347638468325915,0.03741050024331449,0.1153358229255177,0.2305845787264047,1.0,3.0,1.0,1.0,0.0,63.0,126.0,0.39744284338552627,,,,,,,,0,0,0,0,0,0
latest_month_unlabeled_or_partially_labeled,2026-07-31,AOS,59.4900016784668,-0.3766461157288695,-0.14606153700246483,1.0009469303748906,1.0011628491147857,-0.08889159064236196,-0.10101610025396457,-0.1858997354987343,0.09321286123129247,-0.047071705365990923,-0.153740812564092,0.11573954367142447,0.06136890837423081,-0.301235558424252,0.14789846660606676,-0.6498109807154341,-0.256515156701584,0.256515156701584,-0.053616073380551965,1.0021643111833125,-0.6416940969936362,-0.655310175959611,-0.2329714408647252,0.07139577785179187,-0.15461538317768597,-0.04043299600649253,0.1463073664846095,-0.09268687426744182,-0.17051935021030043,-0.2329714408647252,-0.09268687426744182,-0.05684581861332294,-0.014978715056653158,-0.03800126889266753,-0.08279429041480202,-0.07541176913598202,-0.03800126889266753,-0.13346023574645324,0.2860827856341561,1.0084744760902618,0.995301101504739,0.1241308089500861,0.06623951546069762,0.014242694183433052,-0.256515156701584,0.256515156701584,0.06651134780137191,104864746.2632921,1.0128535496275406,0.09523809523809523,0.007936507936507936,0.007936507936507936,0.025647110494418243,0.8154418558194122,-0.0185013873293991,0.04017300011173108,0.010857956819237069,0.9084309640337828,0.10578279038911531,0.09621230865800373,0.04883639630022807,0.04593453523387914,0.014749751408684064,0.28473851166321973,1.013235567172192,0.014048484117329013,0.01760753786463165,-0.08083834664683154,0.08083834664683154,0.06651134780137191,0.9841269841269841,0.5714285714285714,106212630.48356678,18.480953600222477,0.1111111111111111,0.0,0.0,0.02603635524790754,-0.007948836695245043,0.009778769732681436,-0.17850063514899617,-0.051498716188961846,0.3333333333333333,-0.02976708493857111,-0.15461538317768597,0.10578279038911531,0.008848922279364069,-0.051498716188961846,-0.01780625996049079,0.28850718736084824,0.013644932665958237,-0.051498716188961846,0.051498716188961846,0.012423474775118848,104140017.64562698,-0.0035342418746455717,0.026823239604469314,0.007178445773257103,-0.060347638468325915,0.03741050024331449,0.1153358229255177,0.2305845787264047,1.0,3.0,1.0,1.0,0.0,63.0,126.0,0.23363590969076578,,,,,,,,0,0,0,0,0,0
latest_month_unlabeled_or_partially_labeled,2026-07-31,APA,36.41999816894531,0.7232890441810635,0.9538736229074682,0.8781630321452539,0.9096959486908988,0.645603811509766,0.5238318082566817,0.3980243883349339,-0.5280473267251314,-0.18229097124705929,0.552541536980101,-0.6520668282297788,0.14994321015187095,0.2826885654094162,-0.4975496795846117,0.8636117291686765,-0.16823999696125214,0.16823999696125214,0.038228447048137104,0.9242187169619825,-0.015116652024153132,-0.11313745407840714,0.21573341708787463,0.2682074554063306,0.39743157691800035,-0.0012776858110417066,-0.05086020008166525,-0.13002293839019752,0.16124495567753702,-0.13002293839019752,0.3980243883349339,-0.03386841056629386,-0.04646612655423643,-0.0995252912496778,-0.10557320390726677,-0.1369357914929923,-0.0995252912496778,-0.2248307772345808,0.46088349068403367,0.7931915275005027,0.9604760585204224,0.10181126070609525,0.2407244729561555,0.023179310845703665,-0.16823999696125214,0.16823999696125214,0.4536152636786046,252599124.7287266,0.8404054799084711,0.31746031746031744,0.007936507936507936,0.05555555555555555,0.03723137696542795,0.8584747410900958,0.11067311833045756,-0.07197757919990133,0.025411782494430213,0.7494690427912818,-0.10595665306114699,0.1945823888088976,0.006761774897631634,-0.06211309971681245,0.07717532219934409,0.4426675585693345,0.825831649278572,0.02181790116178105,-0.007621509370996149,-0.12716962337122828,0.12716962337122828,0.15081058494864807,0.873015873015873,0.23809523809523808,212285688.64210522,19.17344351809967,0.30158730158730157,0.015873015873015872,0.06349206349206349,0.03235744297596847,0.06754728255435816,0.054827770031957934,0.34487930077210804,0.1260771397099698,0.5,0.07134227654085558,-0.10595665306114699,0.39743157691800035,0.18642477817829572,0.1260771397099698,0.07692454287685391,0.36556887997543236,0.017459587390046567,0.0,-0.0,0.15081058494864807,178905807.9143615,0.047503237239500784,0.03244225429561956,0.024816480439425526,-0.060347638468325915,0.03741050024331449,0.1153358229255177,0.2305845787264047,1.0,3.0,1.0,1.0,0.0,63.0,126.0,0.4993988301173449,,,,,,,,0,0,0,0,0,0
latest_month_unlabeled_or_partially_labeled,2026-07-31,APD,294.2900085449219,-0.18107499151072282,0.04950958721568188,0.9812955532784777,0.993390279378817,0.23727185731431688,0.21508279490734217,0.09348543916107066,-0.06771931859559444,-0.012574385566761936,0.10800466273418552,-0.12110859998413015,0.0116331362557065,-0.021850383764447034,-0.10658937641101529,0.3591876128167885,-0.0633374510387088,0.0633374510387088,0.01316097817035411,1.3197882331365915,-0.43763286910495036,-0.44500209269963054,0.08091105359430872,0.036020792426476024,0.05375975275770717,0.01954271652702322,-0.051481647750570736,0.025766120565476225,0.06672087110695187,0.025766120565476225,0.09348543916107066,0.039386171738396536,-0.0034107066707280698,-0.01310393724994463,-0.07142133451938726,-0.05051443749325912,-0.01310393724994463,-0.04759213788901698,0.2602691067989445,1.528394139073429,1.0578984209382776,-0.6307227714310133,-0.6270219975557065,0.011256634263143184,-0.0633374510387088,0.0633374510387088,0.1644642888517276,383776228.3778357,0.9676951035950925,0.05555555555555555,0.023809523809523808,0.0,0.022441252258971492,0.6208349964077593,-0.020816167130721097,0.01899193053423942,0.019769175778266534,0.9910723755185633,0.05225748601194513,0.04687130241741502,0.06280286144551761,0.05696959360156151,-0.43122513456587885,0.2753382771016193,1.4447456474297944,0.011664211802415147,0.06407783669461775,-0.0633374510387088,0.0633374510387088,0.09127748211069209,0.2222222222222222,0.2698412698412698,371378377.0774236,19.73273198784145,0.047619047619047616,0.031746031746031744,0.0,0.022988875566485868,0.01446213571827859,0.05761604267352283,0.02519312471548956,0.010021668245421056,0.8333333333333334,0.015939480081631523,-0.07142133451938726,0.05375975275770717,0.07036930671374697,0.010021668245421056,-0.004805600608949856,0.3977937774133831,0.01650889963136445,-0.0633374510387088,0.0633374510387088,0.09127748211069209,413875584.8743257,-0.009724723293378923,0.023431684176118506,-0.005729987456063679,-0.060347638468325915,0.03741050024331449,0.1153358229255177,0.2305845787264047,1.0,3.0,1.0,1.0,0.0,63.0,126.0,0.3759826300959447,,,,,,,,0,0,0,0,0,0
latest_month_unlabeled_or_partially_labeled,2026-07-31,APH,157.42999267578125,0.25756756129069047,0.48815214001709517,1.1963266043847545,1.2479332600387592,0.1359534032969445,0.16900342747075325,0.09646813017124534,0.1513949564276904,-0.014863775797608447,0.02416073788432138,0.04644086752021126,0.013742340937797026,-0.018867692754272358,-0.025866524766712695,0.18320752942795152,-0.10713483361932019,0.10713483361932019,0.024176788803919935,1.344308951818024,-0.32171999141077945,-0.27383233389058037,0.08160435437363689,0.09199939375150566,-0.13323475468646062,0.09831988301682437,-0.07088071215088232,0.24786308659893574,0.14197852371460598,0.08160435437363689,0.24786308659893574,0.16557184325108842,0.04914743796966747,0.07060160540453264,0.010117414766583677,0.03319110516121815,0.07060160540453264,0.1465088525696128,0.5265511219569311,0.8180803334360803,0.915187683960307,-0.5618537038706679,-0.6087944344074053,0.025372101766275062,-0.10713483361932019,0.10713483361932019,0.32326901442203937,1395218981.217557,1.0051215540240472,0.3253968253968254,0.07936507936507936,0.047619047619047616,0.04054697417171368,0.5955149031905334,-0.10713483361932019,0.12359102748154815,0.04657852070958479,0.9465850080507631,0.1870531141516074,0.13329336170400663,0.059878376269678846,0.06364496630129768,-0.4495928395520654,0.48189310179046496,0.8938935125262913,0.02441104962210309,-0.010469087710591962,-0.10713483361932019,0.10713483361932019,0.32271392882433214,0.25396825396825395,0.6984126984126984,1402364670.6052387,21.06142569987153,0.36507936507936506,0.07936507936507936,0.031746031746031744,0.03913139275262182,-0.01521030345452734,-0.04098899779995302,-0.2487105481120916,-0.10713483361932019,0.6666666666666666,0.022685854133549288,-0.13323475468646062,0.1870531141516074,-0.046787195150994276,-0.10713483361932019,-0.019848372277938453,0.4307611174216684,0.020881420553986594,-0.10713483361932019,0.10713483361932019,0.04597700100660762,1168041361.3824027,0.010423192983797014,0.03739529892861006,0.016385594572547513,-0.060347638468325915,0.03741050024331449,0.1153358229255177,0.2305845787264047,1.0,3.0,1.0,1.0,0.0,63.0,126.0,0.8582209223526055,,,,,,,,0,0,0,0,0,0
latest_month_unlabeled_or_partially_labeled,2026-07-31,APO,119.0,-0.39860867991898274,-0.16802410119257805,1.0175160538056311,1.0221445117281591,-0.030967888475343153,-0.17111096632814737,-0.10814644277347041,0.18068124800069252,0.2506113200514135,-0.039350368638820465,-0.03226374736013149,-0.21936019656772676,-0.2234822656989881,0.03653232677451845,-0.2762167360305663,-0.21421105269617002,0.21421105269617002,-0.007199390072833212,1.091385872587108,-0.3326053412462908,-0.38040021975535987,0.1424648772779431,0.12931999207007064,0.06520074846047175,-0.014399819049966789,-0.10397986775322021,0.07253480522722211,0.0356177465772316,-0.10814644277347041,0.1424648772779431,0.15526832506859956,-0.017035460614287734,-0.07161411599895195,0.004139103889364781,-0.10902461624226645,-0.07161411599895195,-0.22180626762335892,0.391527480657446,0.873250451217913,0.8246365341514317,-0.6078447782845824,-0.6055576675925225,0.018117567239554478,-0.14333023639204068,0.14333023639204068,0.19144394585265112,581743228.2933795,0.8731007773126357,0.20634920634920634,0.031746031746031744,0.047619047619047616,0.03631535728958053,0.4430087533386384,0.004967262423263841,-0.05605916109766618,-0.06005725100487891,0.8438492719002287,-0.08080186941791934,0.12825614050931097,-0.07544096190945992,-0.09174243062902054,-0.44555249508608386,0.322867864674398,1.0589519322188485,0.015383293864281411,-0.11051949474505618,-0.14333023639204068,0.14333023639204068,0.03631453542150509,0.38095238095238093,0.2698412698412698,507920464.81931174,20.045835429937625,0.15873015873015872,0.015873015873015872,0.015873015873015872,0.03160361424199508,-0.04218671525551365,-0.1256922982534513,0.017058000130953464,0.005832156670145361,0.6666666666666666,-0.011620288649510776,-0.21936019656772676,0.15526832506859956,0.06617979513847128,0.005832156670145361,-0.003721393363411374,0.34190154914832743,0.016167569453083626,-0.03518725852724347,0.03518725852724347,0.03631453542150509,614727474.6413821,-0.007853794486773702,0.031020399187507024,-0.0002520398647304356,-0.060347638468325915,0.03741050024331449,0.1153358229255177,0.2305845787264047,1.0,3.0,1.0,1.0,0.0,63.0,126.0,0.6463098762349753,,,,,,,,0,0,0,0,0,0
latest_month_unlabeled_or_partially_labeled,2026-07-31,APP,398.8599853515625,-0.20969905814902812,0.020885520577376582,0.9661419945599745,1.0251287610397655,-0.37417040676536095,-0.40806152827746933,-0.15694025131349887,0.15910101852848013,0.07434484553681331,-0.056561856812558764,-0.04983451397843752,-0.08103823111955799,-0.27227607423901656,0.05054388052250258,-0.18857831535019146,-0.45629771179724077,0.45629771179724077,0.021414049452058714,1.1252872190976784,1.3863777916184712,1.1324758552540337,-0.08259540577668556,0.0796072641313653,-0.0845734294979491,-0.15753485483147056,-0.21303572541711246,0.002160767214981263,-0.0791249632917344,-0.15694025131349887,0.002160767214981263,0.12148242739576798,0.00998045919010182,-0.10639637079099629,0.37356338853344484,-0.14380687103431078,-0.10639637079099629,-0.1533150317277148,0.8322285148324692,0.9164045744345222,0.833872180172323,-0.04111474589299435,-0.2576888517648154,0.03869151802706343,-0.350073362525847,0.350073362525847,0.08707852435355279,2584816681.566729,0.9986894805439234,0.5,0.15079365079365079,0.12698412698412698,0.0626117520256218,1.109779351675293,-0.18962032394082828,-0.07292052828240869,-0.20255148303045056,0.8922753373439201,-0.15961774307215815,0.22090480108177157,-0.34942672710350475,-0.10842842112386719,-0.06450450240961758,0.6939722060649255,1.0989748743568153,0.03361478108632837,-0.10907320183130698,-0.350073362525847,0.350073362525847,0.0,0.5714285714285714,0.0,2581429229.0151443,21.671609047620052,0.4603174603174603,0.1111111111111111,0.14285714285714285,0.061027151860642254,-0.1674917252658139,-0.1298061839328265,-0.2961488493741199,-0.22586029448696965,0.3333333333333333,-0.009340647041237013,-0.22586029448696965,0.37356338853344484,-0.16551265601864373,-0.22586029448696965,-0.16190390862255577,0.7626580179673234,0.03568978245640989,-0.2935654775867865,0.2935654775867865,0.0,2594382319.227382,-0.08835963794764834,0.06751940355436313,-0.04541041947766944,-0.060347638468325915,0.03741050024331449,0.1153358229255177,0.2305845787264047,2.0,7.0,2.0,1.0,1.0,63.0,126.0,0.9384279701822593,,,,,,,,0,0,0,0,0,0
latest_month_unlabeled_or_partially_labeled,2026-07-31,APTV,56.09999847412109,-0.41327690138132744,-0.18269232265492275,1.0320906102210081,1.091669746436167,-0.3082614114718816,-0.2627151902465672,-0.2594059607376754,0.06729761542847823,0.022256080070160333,-0.20448847100286205,0.1354542864146825,-0.029174905405579654,-0.3747417836631931,0.19037177614949585,-0.5698518061665317,-0.3673170223006855,0.3673170223006855,-0.06539352983642654,1.7725739097559159,0.7807914046121593,0.6578559220731199,-0.23714988066751508,0.03428566768073636,-0.05575195027303048,-0.10779323352356118,0.023001555387644146,-0.19210834530919718,-0.2295547289047959,-0.2594059607376754,-0.19210834530919718,-0.13220051551149026,0.0018485789023261479,-0.06903418458817956,0.12744779843660714,-0.10644468483149405,-0.06903418458817956,-0.13823729401963258,0.45521652810532187,0.7135803104233998,1.0970361866379774,0.4444168910301829,0.3201659167920927,0.0219885409561486,-0.34154929009914103,0.34154929009914103,0.06714854098894762,191659381.9586315,1.0921051097110512,0.2698412698412698,0.031746031746031744,0.047619047619047616,0.03604142616495007,1.0384497835130315,-0.0687321350555784,-0.03079476687321514,-0.08717854162450611,0.7293941798945004,-0.09655580125933294,0.09170401309415348,-0.1742714680868076,-0.1150627297365796,-0.2094170113753877,0.49938900408724196,0.6504619620709756,0.024812632180130682,-0.10778388469055045,-0.2697214436737254,0.2697214436737254,0.06714854098894762,0.5396825396825397,0.6984126984126984,209312190.3610835,19.159337433981133,0.31746031746031744,0.06349206349206349,0.06349206349206349,0.03904005816525174,-0.0791403349136145,-0.09523357769626994,-0.26481730646532947,-0.08602154614065205,0.16666666666666666,-0.04537615335891304,-0.13220051551149026,0.12744779843660714,-0.025673907672326135,-0.08602154614065205,-0.050897949347150195,0.3248335514352579,0.018059207467447734,-0.09472329564229487,0.09472329564229487,0.0,149576012.7914792,-0.03788440104545843,0.032824038044937616,-0.02268217036748088,-0.060347638468325915,0.03741050024331449,0.1153358229255177,0.2305845787264047,1.0,3.0,1.0,1.0,0.0,63.0,126.0,0.5547888504476228,,,,,,,,0,0,0,0,0,0
latest_month_unlabeled_or_partially_labeled,2026-07-31,ARE,50.119998931884766,-0.5348739303213441,-0.3042893515949394,0.9699007205914978,1.0049878516345683,-0.10096626581903423,0.053942673936566266,-0.05600380798419324,0.14987868970832963,0.0104810507827654,-0.2468877812205308,0.5003479807452358,-0.010980933135749216,-0.17133963090971094,0.30946400750889824,-0.12420674189812297,-0.39195916620842974,0.39195916620842974,-0.009748143093335049,0.6117326758103457,-0.46435485228516116,-0.3285901262709181,-0.045522757201427844,0.08367115770704049,-0.12743471968736442,0.04910580622768279,0.18972351112737695,0.09387488172413638,-0.0025505611538282347,-0.05600380798419324,0.09387488172413638,-0.12731582371828098,0.05248275168119876,0.253460199524705,0.22636389741945884,0.2160496992813905,0.253460199524705,0.5224887636960949,0.4508918527959518,0.8059536189304959,1.0758715643373034,-0.1870209504343383,-0.22901588888734048,0.021373399531867204,-0.1358694758558694,0.1358694758558694,0.2565619513934343,110234067.8803247,0.8846826351852035,0.24603174603174602,0.023809523809523808,0.047619047619047616,0.037874971286836055,0.315707228342876,-0.04975395654053727,0.03205376243188529,0.00809069491133041,0.862124135009378,0.07776758517316229,0.1360124531485411,0.02209483022311942,-0.0009019092452334787,-0.3587155501066457,0.48510172301452575,0.7491169444811316,0.022388536709285662,-0.03572371395087204,-0.08656825391771228,0.08656825391771228,0.2565619513934343,0.2698412698412698,0.9365079365079365,97522165.65955026,18.395590260482262,0.2698412698412698,0.047619047619047616,0.031746031746031744,0.03765594485170791,-0.009941932509066387,-0.0015771288523253046,-0.14214616830170787,-0.05165562196890339,0.3333333333333333,-0.002209269319612813,-0.12743471968736442,0.22636389741945884,0.008692016499422528,-0.05165562196890339,-0.0067228564937914514,0.3633979205071738,0.017390233088518996,-0.08656825391771228,0.08656825391771228,0.05515787225020552,84391324.83683994,0.016756576533719647,0.03262171316292069,-0.00015961031887179455,-0.060347638468325915,0.03741050024331449,0.1153358229255177,0.2305845787264047,1.0,3.0,1.0,1.0,0.0,63.0,126.0,0.4704058922138602,,,,,,,,0,0,0,0,0,0
latest_month_unlabeled_or_partially_labeled,2026-07-31,ARES,121.27999877929688,-0.5527500215047243,-0.3221654427783196,0.9557290330194179,0.9874515223956032,-0.15960067898445007,-0.23176679874561246,-0.17037791500539534,0.293217127128354,0.2789354983232356,-0.20492867084166888,0.24838484209217704,-0.25162021578382954,-0.28571373793091304,0.2138340862559035,-0.3352145515525693,-0.34758951737814614,0.34758951737814614,-0.016434992563020723,1.0375677597085222,-0.581645359455421,-0.5634652685524709,0.10855758331784027,0.16532052745478218,-0.012719210952845117,0.042303035757689234,0.10343217223534196,0.12283921212295867,0.0203396268118012,-0.17037791500539534,0.12283921212295867,0.07607702466057154,0.006166549234524643,0.04345617125050816,0.0945484897846871,0.006045671007193665,0.04345617125050816,0.10568929557023159,0.5082652713501794,0.8078082809113096,0.8089655362722392,-0.33769220659745036,-0.2783695073472895,0.023728012910051048,-0.23124362368512985,0.23124362368512985,0.2867309632335222,396949916.69687545,0.7757754813952693,0.30952380952380953,0.07142857142857142,0.07142857142857142,0.04437625184119823,0.5215906297572482,0.07386280586960337,-0.03283321584330334,-0.012865798353367208,0.839626630834096,-0.12504806662423917,0.14076904074489846,-0.046678899117781,-0.06936718995016677,-0.3525683574930947,0.4111690878063531,0.9985694627162212,0.020024737778190953,-0.05668101732064035,-0.10149649860632692,0.10149649860632692,0.1271375511075492,0.3968253968253968,0.2698412698412698,307944012.7153306,19.545428550763493,0.25396825396825395,0.031746031746031744,0.031746031746031744,0.03982529747531327,-0.004242113482679555,-0.04812701078579318,0.21815355826635657,0.08956968322144543,0.5,-0.021532049282368293,-0.25162021578382954,0.0945484897846871,0.14991732168977134,0.08956968322144543,0.021481597715816703,0.41058089509630874,0.02017593932801148,-0.0350095601145356,0.0350095601145356,0.1271375511075492,251434086.0746838,-0.007008584886668778,0.03636272045001641,-0.003582109707755854,-0.060347638468325915,0.03741050024331449,0.1153358229255177,0.2305845787264047,1.0,3.0,1.0,1.0,0.0,63.0,126.0,0.6620601348218427,,,,,,,,0,0,0,0,0,0
latest_month_unlabeled_or_partially_labeled,2026-07-31,ARM,283.0400085449219,0.7714667637664114,1.0020513424928161,1.2938301336099323,1.3661700978394848,0.6667059023530988,1.5893332253822718,1.6864085697159092,-0.8154407561991315,-0.46561598185994235,0.9962035507387319,-0.6504447133086741,0.20966207488537458,1.5710727467903915,-1.3406497322858515,1.8585477568853754,-0.35593679959861735,0.35593679959861735,0.19587297635553313,1.3280024312573422,-0.533916282920267,-0.37276371875769854,1.220792587855967,0.4090882631281979,0.1869753032691881,0.17567530332039505,-0.2516397488384008,0.8709678135167778,1.2593896570295513,0.8709678135167778,1.6864085697159092,0.3902697582054824,0.17210298688209202,0.34575883743005775,0.6797736603361171,0.30834833718674326,0.34575883743005775,0.3132252319968564,0.9073797342404891,0.7953281310119269,1.2165430286405263,-0.4251344150353388,-0.5411062506147135,0.04281058019677595,-0.35593679959861735,0.35593679959861735,1.7072214278635847,2114543853.9057837,1.5535737713871969,0.49206349206349204,0.1746031746031746,0.1349206349206349,0.06594411781747737,0.5226270596426085,-0.1627679428620039,0.015886480637693046,-0.1188110388689172,1.068306804185168,0.003623082307277148,0.30522828848716177,-0.19884513657585512,-0.17478837582143025,-0.468015787867752,1.1038664900199606,0.6537607896209783,0.0556459742197817,-0.25315077375014505,-0.35593679959861735,0.35593679959861735,0.42481760504061583,0.36507936507936506,0.9365079365079365,3285099869.876026,21.91266289051401,0.6666666666666666,0.2222222222222222,0.23809523809523808,0.08026046454383502,-0.14662075563980903,-0.31339862905783844,-0.27954440351118565,-0.20173730801175704,0.8333333333333334,0.21142776183194703,-0.20173730801175704,0.6797736603361171,-0.14138966954343113,-0.20173730801175704,-0.0749117224739656,0.7216646281515872,0.037654178150865095,-0.2117633420709749,0.2117633420709749,0.08026410440619713,1962853572.0156715,-0.00181268948506208,0.08009443477951471,0.01595873671681769,-0.060347638468325915,0.03741050024331449,0.1153358229255177,0.2305845787264047,1.0,4.0,1.0,0.0,1.0,63.0,126.0,0.956648714199094,,,,,,,,0,0,0,0,0,0
latest_month_unlabeled_or_partially_labeled,2026-07-31,ASML,1803.0,1.3784630383865533,1.609047617112958,0.9808228423417534,1.0189446390787706,0.708147953687422,0.6911759452381541,0.27148388320840877,0.09654846235929804,-0.025800836187596765,0.014782352013995359,0.2381798035506426,0.020712199824266975,0.15614806028289108,-0.018521727643770802,0.5292339045648341,-0.09371478752681706,0.09371478752681706,0.05193756081616252,1.1466737033453545,-0.21754807692307687,-0.019617351835842123,0.245683047020812,0.06449372009072045,-0.0894345071176823,0.14868783638955496,-0.038440333042590646,0.3680323455677068,0.29506642526564253,0.245683047020812,0.3680323455677068,0.09183852001596415,0.08905241842454248,0.25296215556463797,0.12075832404014664,0.21555165532132348,0.25296215556463797,0.4418490772773327,0.5129752286593167,1.063207963440875,1.1160539971550887,-0.5920150409201503,-0.6302492646744556,0.025963702784894786,-0.09371478752681706,0.09371478752681706,0.4409854701224931,2898608415.2061825,1.125110463684136,0.3333333333333333,0.05555555555555555,0.03968253968253968,0.03472971314428114,0.706938219293296,-0.09371478752681706,0.07756815029186881,0.03799320043986265,1.053996546011424,0.23356229653497307,0.1275632032286781,0.11795926801410572,0.02630889726831276,-0.3208623969562461,0.572508054386776,0.9526492142414952,0.028960978423306548,-0.037054658070581725,-0.09371478752681706,0.09371478752681706,0.3022187003077679,0.25396825396825395,0.9365079365079365,3261254658.071367,21.905377823029404,0.3968253968253968,0.07936507936507936,0.06349206349206349,0.03617007252287734,-0.00788391960138446,-0.04470244903146048,-0.17182783192396514,-0.09371478752681706,0.6666666666666666,0.04728700762847524,-0.09371478752681706,0.23356229653497307,-0.03336714905849114,-0.09371478752681706,5.3526262326686336e-05,0.5453993481584893,0.027537953665635776,-0.09371478752681706,0.09371478752681706,0.04458758730724521,3713325048.2282367,0.013370534177469473,0.041703497642817514,0.013722078191975129,-0.060347638468325915,0.03741050024331449,0.1153358229255177,0.2305845787264047,1.0,4.0,1.0,0.0,1.0,63.0,126.0,0.8736631950636659,,,,,,,,0,0,0,0,0,0
latest_month_unlabeled_or_partially_labeled,2026-07-31,ASTS,59.18000030517578,-0.11755086905551182,0.11303370967089288,1.1511820791245735,1.314432697908293,-0.2625545133311429,-0.18518515017029313,-0.46785360316185276,0.18198414912248573,0.21517016435231184,-0.3354913934515358,0.13630328902980104,-0.2879237200491722,-0.5831894260873705,0.268665498740118,-0.40340165942835593,-0.5553384782209414,0.5553384782209414,-0.05327874790847775,1.833389765274986,-0.11272546576480358,-0.28945999834078995,-0.2526834388095409,0.11584309918022039,0.04647051637482469,-0.3017129698799311,-0.19372825156347084,-0.28586945403936703,-0.33546883200358685,-0.46785360316185276,-0.2526834388095409,-0.10824183568731804,-0.03539152938810253,-0.19918810442173474,0.5346414251749987,-0.23659860466504923,-0.19918810442173474,-0.15870478892565879,1.1597711418064791,1.0701318740379968,1.0821839004822524,-0.5053523805585991,-0.6705689166280914,0.05877256713013454,-0.5553384782209414,0.5553384782209414,0.07580443757276512,1624795620.210251,1.1633475683818717,0.6746031746031746,0.23015873015873015,0.2857142857142857,0.09128121195112629,0.49930508891940284,-0.22300699618192044,-0.20775585738665947,-0.29975601110806704,0.6792726202995921,-0.21647123057064188,0.32210859125358127,-0.4781765418022996,-0.2757178670669518,-0.606052257220383,1.255085657906891,0.9888632362402685,0.06282255650683749,-0.24731196932327348,-0.5553384782209414,0.5553384782209414,0.07580443757276512,0.6031746031746031,0.07936507936507936,1890202033.8891106,21.359949557071634,0.6825396825396826,0.25396825396825395,0.2857142857142857,0.09145780892313785,-0.20585432399684378,-0.24013693795650382,-0.2691212499713396,-0.3340085539197968,0.3333333333333333,-0.06092223311285092,-0.3340085539197968,0.5346414251749987,-0.27366091545147087,-0.3340085539197968,-0.1655033194488328,1.2411080654365547,0.05554224398619093,-0.3340085539197968,0.3340085539197968,0.07580443757276512,1304282354.0272305,-0.06172212030422941,0.0985130047509952,-0.012646391665378398,-0.060347638468325915,0.03741050024331449,0.1153358229255177,0.2305845787264047,1.0,4.0,1.0,0.0,1.0,63.0,126.0,0.960750436922638,,,,,,,,0,0,0,0,0,0
latest_month_unlabeled_or_partially_labeled,2026-07-31,ATO,178.0399932861328,-0.06321013219738414,0.16737444652902056,0.8659364178530204,0.8719847376966637,0.05448162614616292,0.07404296455740655,0.08237243797570515,-0.11308404989380216,-0.1238256235380939,0.14846471027499875,-0.20601308046694644,0.1291805696634063,-0.032963384949812546,-0.13992080816765284,0.48227519516288975,-0.06887015958127674,0.06887015958127674,0.0020078864102510696,1.6264822134387351,-0.40467457135545504,-0.43893457950777126,-0.04145318556238875,0.06860049658388953,-0.011081917184160184,-0.007184182214529655,-0.04553524502855344,-0.030711611918097015,0.0034025468317397944,-0.04145318556238875,0.08237243797570515,0.028475475478053403,-0.02093077892706985,-0.057548370191947695,-0.1047132399343581,-0.09495887043526219,-0.057548370191947695,-0.30495478038846613,0.1707996571291286,1.2275422141355765,1.104868491180821,-0.497153973629224,-0.48031171452566535,0.008459185890970626,-0.06887015958127674,0.06887015958127674,0.08891874873952932,233870066.68703595,1.0423924779088136,0.0,0.0,0.0,0.016830978971937294,0.3112197877337456,0.041498205656002374,0.008212513361619767,0.02389228814687061,1.0798534155201567,0.01856559628094434,0.07560752912070721,0.05268129927326548,0.035770237053248444,-0.7553860173848023,0.1887111594664619,1.111030157827787,0.00948488449979422,0.046614801814059525,-0.057548370191947695,0.057548370191947695,0.06515106064791487,0.9047619047619048,0.5714285714285714,243784398.3225989,19.311794783311022,0.0,0.0,0.0,0.017111663378837762,0.022724628230339272,0.0429499030794227,0.1597503767837829,0.033493869336336246,0.6666666666666666,0.015653392273370332,-0.1047132399343581,0.1291805696634063,0.09384150780466216,0.033493869336336246,0.010783976154566943,0.20966378928588783,0.010977618297481308,-0.008133742138535904,0.008133742138535904,0.033493869336336246,205099137.40314302,0.003754754349398759,0.0189524175113772,0.004094402469880354,-0.060347638468325915,0.03741050024331449,0.1153358229255177,0.2305845787264047,1.0,3.0,1.0,1.0,0.0,63.0,126.0,0.12241751970610265,,,,,,,,0,0,0,0,0,0
latest_month_unlabeled_or_partially_labeled,2026-07-31,AVB,190.8000030517578,-0.1656394851569285,0.0649450935694762,0.8760556123330058,0.88477093298894,0.13031519875140107,0.07398833703303365,0.09599169644628125,0.08294573456817611,0.0027209026358425703,0.0414739438926377,0.010872783429100918,-0.0024764461954067674,-0.019344126479236445,-0.04364496912454263,0.43376109012757125,-0.024642382417295106,0.024642382417295106,0.021555904074592735,1.08130505063834,-0.3381595433662815,-0.3035143614523813,0.09871259908212382,0.04712292763397174,-0.06804842209760142,0.07007794585930616,-0.016610170776965916,0.17893743101445736,0.12454724218095414,0.09599169644628125,0.17893743101445736,0.12029372107698455,0.03338067646763765,0.05234672732173862,-0.002677602623269437,0.014936227078424125,0.05234672732173862,0.23174998977223552,0.2213008465513807,1.0155081202240372,1.0206732578610993,-0.3096638350395702,-0.3019442435902745,0.010703904185445602,-0.02404090510609813,0.02404090510609813,0.2108999764294055,193716677.8597756,1.0478929406037285,0.031746031746031744,0.007936507936507936,0.0,0.019346126706469808,0.6002462095306236,-0.012671324460567956,0.02723921180445532,0.0247166870099913,1.0492008128413721,0.04350322413780727,0.0622986747453918,0.05517205879436693,0.04690311326199659,-0.3038172410426633,0.22587585601701693,0.9949394798019047,0.010833655306059438,0.05716280536291696,-0.02404090510609813,0.02404090510609813,0.11717975360748212,0.07936507936507936,0.9682539682539683,202994339.20646545,19.12868865586106,0.047619047619047616,0.015873015873015872,0.0,0.018023544868733078,0.0152544820862075,0.06770966042698601,0.04975849258617553,0.011182365695324936,0.5,0.016962806665639856,-0.06804842209760142,0.12029372107698455,0.07153000416365085,0.011182365695324936,-0.002361644971803689,0.22473280668538073,0.011520821597387047,-0.02404090510609813,0.02404090510609813,0.0489076211095667,175545700.2564203,-0.006249976207812424,0.019025153957991665,-0.0021859668933958964,-0.060347638468325915,0.03741050024331449,0.1153358229255177,0.2305845787264047,1.0,3.0,1.0,1.0,0.0,63.0,126.0,0.18305471341441665,,,,,,,,0,0,0,0,0,0
latest_month_unlabeled_or_partially_labeled,2026-07-31,AVGO,392.4700012207031,0.11550210638497171,0.3460866851113764,0.9837126683235693,1.006729762010157,0.0677420035109697,0.13815588659237177,0.1890001058597779,0.08104330121970227,0.0437200907856552,0.26261887845032383,-0.32092528733350323,-0.0354663539257567,0.0736642829342602,-0.24730651474295728,0.39588686420548475,-0.18373000677683127,0.18373000677683127,0.0304231022118302,1.2115698493305327,-0.2508019576932947,-0.29448500508250697,0.2327201966454331,0.040563705139770555,-0.02938735024803074,0.03280850437499372,-0.1711223418822565,0.27004340707948016,0.23058790319489705,0.1890001058597779,0.27004340707948016,0.34868010047009723,-0.029670157259604202,-0.058306408883179395,0.07028724002199072,-0.09571690912649389,-0.058306408883179395,-0.10977382527395983,0.47740938876334515,0.8843569823743139,1.11256793720773,-0.426711411278728,-0.40437174555856314,0.02290036712390846,-0.18373000677683127,0.18373000677683127,0.33973337128067915,9551839481.445967,1.0962388003313628,0.30952380952380953,0.03968253968253968,0.031746031746031744,0.036839137240490594,0.5917017634235292,0.03061506678038184,-0.07397976335469514,-0.01818642561519279,1.000912881675392,-0.15314847626257944,0.16971617207254258,-0.12014872652553343,-0.07085979302383993,-0.4340693132712934,0.5311503788600381,0.7948790836034976,0.025695214039239887,-0.0019464142189073996,-0.18373000677683127,0.18373000677683127,0.08883336920316309,0.5555555555555556,0.2222222222222222,10471097054.098074,23.071884637151392,0.36507936507936506,0.015873015873015872,0.06349206349206349,0.03672632854904022,0.024749898395195924,-0.013633410917998301,0.09229640987810976,0.03896757437644771,0.5,0.03998878907202813,-0.15314847626257944,0.34868010047009723,0.09931521284477363,0.03896757437644771,0.02942546548489089,0.42220032640391764,0.022157894881690107,-0.021540187096780072,0.021540187096780072,0.08883336920316309,8754967517.082724,0.015018255749007947,0.04073467773568007,0.019524419699156415,-0.060347638468325915,0.03741050024331449,0.1153358229255177,0.2305845787264047,2.0,8.0,2.0,1.0,1.0,63.0,126.0,0.8562519171095337,,,,,,,,0,0,0,0,0,0
latest_month_unlabeled_or_partially_labeled,2026-07-31,AVY,155.1999969482422,-0.28457997723479367,-0.05399539850838897,0.9803759968666927,0.9913098273157607,-0.09754682049701358,-0.136966227753064,-0.1538537753766407,0.05838598448186039,-0.04671365333204203,-0.1119492185166765,0.06476210069220878,0.058433512730893256,-0.2691895983021584,0.10666665755217297,-0.6275541637296865,-0.20502106995428038,0.20502106995428038,-0.036227535093897756,1.2372398241635734,0.10516372795969775,0.05301423691313545,-0.20056742870868272,0.05265773520284193,-0.11619225579359849,-0.05363063581531846,0.095158792700612,-0.0954677908947803,-0.14996299832670124,-0.20056742870868272,-0.0954677908947803,-0.05067172576432277,-0.011156989665492278,-0.04718711782446772,-0.029646727535280193,-0.08459761806778221,-0.04718711782446772,-0.19129403101674722,0.24516413764551462,1.1975541685395157,1.0061554648130133,0.790450928381963,0.7115982024890155,0.012058195048666443,-0.20502106995428038,0.20502106995428038,0.014312806483424811,114321017.47979058,1.0074002651080938,0.06349206349206349,0.0,0.0,0.022487510637579502,1.1197600969820711,-0.0025004029430011343,0.017614532269707217,-0.023558550179510362,1.0497768393179285,0.027160585837871842,0.061704112622388695,-0.018076293229407625,0.020557387859125864,0.07818643512450851,0.24667323686820436,1.1902277634222982,0.012301495988961275,-0.002750631224787914,-0.07049173016956012,0.07049173016956012,0.014312806483424811,0.2222222222222222,0.49206349206349204,115167023.31656805,18.56189401799749,0.06349206349206349,0.0,0.0,0.023332742808501103,-0.032103179805668014,-0.010169827951583832,-0.15000377181491972,-0.04404070764687584,0.3333333333333333,-0.0258262196952187,-0.11619225579359849,0.058433512730893256,0.016306930821450072,-0.04404070764687584,-0.035395776707284776,0.29359733501378166,0.014701236194385766,-0.07049173016956012,0.07049173016956012,0.0,114895569.4896153,-0.02042467060230213,0.027715398409251545,-0.014478040695504624,-0.060347638468325915,0.03741050024331449,0.1153358229255177,0.2305845787264047,1.0,3.0,1.0,1.0,0.0,63.0,126.0,0.12606947961622145,,,,,,,,0,0,0,0,0,0
latest_month_unlabeled_or_partially_labeled,2026-07-31,AWK,134.41000366210938,-0.2469188656087572,-0.0163342868823525,1.095225926563532,1.110675024779622,0.06800988316288614,0.0443627115059122,0.055442680066824845,-0.06072225545133114,-0.06028353097835515,0.001244372883634437,0.05288657521557605,0.060576774110525866,-0.05989314285869285,-0.0013117319676143602,0.2303830855050098,-0.061802311716759095,0.061802311716759095,0.007091112182244119,1.6202897870776545,-0.33259533408234754,-0.29646808675038816,-0.004840850911530303,0.03493205045388883,0.0004410530457796824,0.030206541354144578,0.06277723471055519,-0.0052795753845062965,0.015107417923596081,-0.0052795753845062965,0.055442680066824845,-0.05635971848738974,0.010770637126555016,0.054130948099210485,-0.033236255537924975,0.016720447855895992,0.054130948099210485,0.22613329611340252,0.24065429953458634,1.190820913311196,0.9946894130088973,-0.2832605841229284,-0.26784506633075233,0.011981356436003907,-0.030914984891693864,0.030914984891693864,0.10963433261628919,258082565.5356271,1.0316649733786145,0.03968253968253968,0.0,0.0,0.024068343440310478,0.6787956868785885,0.03041985230870148,0.046447029250772154,0.0503834201397253,1.062620498544055,0.06741303978493862,0.0497011821865961,0.09037079031728501,0.06440348673901419,-0.41518430221896196,0.23937628394212504,1.1971786345940976,0.011927230460684245,0.052194700158236795,-0.017901482809557168,0.017901482809557168,0.10963433261628919,0.2222222222222222,0.5714285714285714,266254743.10279724,19.399964093055633,0.031746031746031744,0.0,0.0,0.02305902441424316,0.029748659067880823,0.06036765823100665,0.07505104610245687,0.02150784155397978,0.6666666666666666,0.01005712241165154,-0.05635971848738974,0.06741303978493862,0.0818554800223057,0.02150784155397978,0.01379918508154132,0.28657617276404224,0.01370809914390841,-0.017901482809557168,0.017901482809557168,0.04024453740457945,280097128.80379814,0.013757124080701955,0.02497688241704324,0.005265312757359197,-0.060347638468325915,0.03741050024331449,0.1153358229255177,0.2305845787264047,1.0,3.0,1.0,1.0,0.0,63.0,126.0,0.19744230837821447,,,,,,,,0,0,0,0,0,0
latest_month_unlabeled_or_partially_labeled,2026-07-31,AXON,491.8999938964844,-0.57948396818902,-0.34889938946261534,1.1890336301800373,1.2623868197496484,-0.32821653439867915,-0.13387213170603007,0.017205028237816444,0.14105156143632103,-0.11030980007504432,-0.16919636684429562,0.3935591255555083,0.12163455782925969,-0.09813079468770125,0.20715773047339625,0.025131921378614502,-0.43522737816163903,0.43522737816163903,0.04082233738077612,1.3534247083136404,-0.33571264103154497,-0.1866712965963968,-0.09310477183722787,0.12599360369814266,-0.21701699239378647,0.07006359063619017,0.07426353024809129,0.15825658967413747,0.02745228202490868,-0.09310477183722787,0.15825658967413747,-0.05399230625624374,0.1447328796904077,0.2243627587112127,0.11688567879733269,0.1869522584678982,0.2243627587112127,0.3481094608135283,0.6845886543500297,1.087930020696513,0.941467315616033,-0.6354791837766125,-0.6801559159475539,0.03133713777064635,-0.23195831586583315,0.23195831586583315,0.4219228491212148,515977843.5570127,1.0113545576350937,0.3968253968253968,0.11904761904761904,0.09523809523809523,0.0561487890058294,0.49357018619372134,-0.23195831586583315,0.18687633504295897,0.03320538729910738,1.1418975998366228,0.2493536811964534,0.17560498948851352,0.09622925779620672,0.21835689987537732,-0.5258963052230834,0.6445178427121148,1.1555685499125845,0.030282325909148308,0.21100705505706996,-0.23195831586583315,0.23195831586583315,0.305397761094065,0.19047619047619047,0.7619047619047619,521836543.72011214,20.072864964090535,0.3968253968253968,0.14285714285714285,0.06349206349206349,0.058700082777598,-0.032454138980155145,0.1917528819439942,-0.16456156437840863,-0.12256291049113155,0.5,0.01571695144698067,-0.21701699239378647,0.2493536811964534,-0.062215272022805634,-0.12256291049113155,-0.09674008349625707,0.7447845488956257,0.03751327227715704,-0.23195831586583315,0.23195831586583315,0.10606431260517368,570271390.9064883,-0.06753765864501915,0.062474968437708694,-0.02875624249351283,-0.060347638468325915,0.03741050024331449,0.1153358229255177,0.2305845787264047,1.0,3.0,1.0,1.0,0.0,63.0,126.0,0.8022545208117844,,,,,,,,0,0,0,0,0,0
latest_month_unlabeled_or_partially_labeled,2026-07-31,AXP,340.8399963378906,-0.07965165863876655,0.15093292008763814,0.9096852476963782,0.923917259212418,-0.04744520162453747,-0.07118504720898422,-0.02645470499524194,0.159929599489113,0.13637212089736894,-0.0797874885908354,0.13774451800996634,-0.12286690788298638,-0.14179052792075963,0.08441173441437289,-0.09427327666358953,-0.10723817922277623,0.10723817922277623,0.0039946424438848105,1.0644640048540033,-0.06044159637306834,-0.005987582333070396,0.109917415902127,0.08634213624528407,-0.020783414530114563,0.06504826696315291,0.05040000697637048,0.13347489449387107,0.07231253513358538,-0.02645470499524194,0.13347489449387107,0.0713808434319898,0.03601293390549509,0.057957029419130945,-0.020368285704650768,0.020546529175816453,0.057957029419130945,0.230938340414525,0.2806172218840394,0.9389844733698224,0.8943257930743183,0.22206787060924782,0.23479621716277355,0.01271959674058786,-0.06838352355240362,0.06838352355240362,0.17307102509647243,1098183665.410505,0.9475060477765646,0.0873015873015873,0.0,0.015873015873015872,0.023251454534086842,0.8538631434032902,-0.044751546797980435,0.08243767498004062,0.03192695362182163,1.1189036061840398,0.06882161484773386,0.07190728041990116,0.07995383773392972,0.08895029473846794,0.045560020374667554,0.2509632195117555,1.0499355834767845,0.012019154129458342,0.06993812117096154,-0.05733332568079863,0.05733332568079863,0.13708285656428387,0.07936507936507936,0.5396825396825397,1040535664.5458888,20.763001480525155,0.09523809523809523,0.0,0.0,0.02131112680560175,-0.006774262654517416,0.03380501349351506,0.039527917392375864,0.010415417064503885,0.5,-0.002233455462254027,-0.12286690788298638,0.0713808434319898,0.0707630555328298,0.010415417064503885,-0.02249769989960093,0.26349521430928735,0.012934190628919238,-0.05733332568079863,0.05733332568079863,0.013228637877684468,1077503514.6705265,-0.033826289923127195,0.02546649890960686,-0.024861964557420957,-0.060347638468325915,0.03741050024331449,0.1153358229255177,0.2305845787264047,1.0,3.0,1.0,1.0,0.0,63.0,126.0,0.4479534186967222,,,,,,,,0,0,0,0,0,0
latest_month_unlabeled_or_partially_labeled,2026-07-31,AZO,2923.5,-0.4547869970298192,-0.22420241830341447,1.2499829783318765,1.2638873586570245,-0.20436637671992197,-0.13799203892083145,-0.21077994185900906,0.07628923335913118,-0.010778395552457298,-7.019152466014589e-05,-0.21065434988653375,0.013846118560273624,-0.32611576478452675,5.540044781515707e-05,-0.6448671729215509,-0.3286317329098649,0.3286317329098649,-0.04016059380155357,1.9570290374957522,-0.6300859598853867,-0.7080359263501006,-0.22155833741146636,0.04746400906914502,-0.10059698927169314,-0.11940582601840177,-0.16476412375110983,-0.13449070849987788,-0.1889429959234511,-0.22155833741146636,-0.13449070849987788,0.09658710667074222,-0.06185062364706506,-0.2107245414111939,-0.20756853530060926,-0.2481350416545084,-0.2107245414111939,-0.5941333787055773,0.32685791851378787,1.0975736476554085,1.085105974606749,-0.807972631265804,-0.8243421269526725,0.015550949291665148,-0.24699997113678984,0.24699997113678984,0.0,860137856.2552316,1.3623649410237058,0.10317460317460317,0.007936507936507936,0.023809523809523808,0.027690667070245163,0.38987316287497487,-0.0735523036399266,-0.033557693400571464,-0.06291336978642181,1.04133392981229,0.08883581819412845,0.11966787064918906,-0.0039826865176054715,-0.0009635552911969603,-0.701088214864552,0.35467548022683715,1.011489820663072,0.016240039842103156,-0.020541517386746366,-0.2107245414111939,0.2107245414111939,0.0,0.9047619047619048,0.0,1171821659.8094153,20.881825349977863,0.12698412698412698,0.015873015873015872,0.031746031746031744,0.02958826636665948,-0.04608827388653758,-0.019535771869190532,-0.23761808245466637,-0.08524563865439017,0.5,-0.032357019966924715,-0.20756853530060926,0.09658710667074222,-0.02489800018606425,-0.08524563865439017,-0.044511507256539184,0.3587506378882324,0.017348412051024692,-0.09155878727997069,0.09155878727997069,0.0,1080374949.7767856,-0.030861587908534438,0.035210978682214934,-0.022211358136241866,-0.060347638468325915,0.03741050024331449,0.1153358229255177,0.2305845787264047,1.0,3.0,1.0,1.0,0.0,63.0,126.0,0.5581501230516817,,,,,,,,0,0,0,0,0,0
latest_month_unlabeled_or_partially_labeled,2026-07-31,BA,209.22999572753903,-0.2874273519797227,-0.05684277325331799,1.047463795592398,1.0738349358440624,0.04084166391694222,-0.03633934951679574,-0.10478352458178386,0.1560320650570961,0.024354556314136855,-0.02006675687536663,-0.06638481347476022,-0.026484692833631307,-0.22011934750730155,0.01833195423165701,-0.30759633598470015,-0.17021613804426816,0.17021613804426816,-0.01688443307685661,0.930695004819119,0.0025819511288289743,-0.08409283295095227,-0.080428968267647,0.08394255580255706,-0.12525820838088642,-0.04402826961030082,-0.06630654166374861,0.05124854047531224,-0.044654650791372874,-0.10478352458178386,0.05124854047531224,0.15073104649549252,-0.017773910675182414,-0.08645157035012685,0.009256408018542883,-0.12386207059344134,-0.08645157035012685,-0.252256230496099,0.34065270721233754,0.865325790780743,1.0060490146261345,-0.30795443204014994,-0.3311004277222066,0.017279168741660807,-0.17021613804426816,0.17021613804426816,0.10580829926160873,1488226086.9129484,0.9307423803464135,0.15079365079365079,0.023809523809523808,0.0,0.02852266222515305,0.7355486913189858,-0.030091460139236914,-0.015159944230101918,-0.05019104144366493,0.8705299227014205,-0.06350851422628812,0.09277604069961139,-0.0948301914243691,-0.011695717104952652,-0.22568809290849534,0.3427133204206973,0.8601228948097656,0.017029326964318643,-0.03307019485487017,-0.13038241720775334,0.13038241720775334,0.021630823289888523,0.7619047619047619,0.031746031746031744,1385155090.626986,21.049077949830544,0.15873015873015872,0.015873015873015872,0.0,0.027651976282241225,-0.04485758091623371,-0.060347798364873584,-0.11346180376417843,-0.03344576824657797,0.3333333333333333,-0.014784954862224734,-0.12525820838088642,0.15073104649549252,0.026901870221747948,-0.03344576824657797,-0.04010387805860516,0.2947755732501169,0.014817972589650938,-0.10791335500601051,0.10791335500601051,0.021630823289888523,1190407960.7794626,-0.019333981293999658,0.02886774252795068,-3.824214092296163e-05,-0.060347638468325915,0.03741050024331449,0.1153358229255177,0.2305845787264047,1.0,3.0,1.0,1.0,0.0,63.0,126.0,0.6679587687698398,,,,,,,,0,0,0,0,0,0
latest_month_unlabeled_or_partially_labeled,2026-07-31,BAC,61.27999877929688,0.09403766006073555,0.32462223878714025,0.9336938462254927,0.9394125665885767,0.1649867475572835,0.12630222821451542,0.16441016458122903,0.09914664416892749,0.07874894016254808,0.010568002978257995,0.14166535603328878,-0.06334582585772786,0.04907434165571134,-0.012176805569682259,0.7152072451536419,-0.005517691633908028,0.005517691633908028,0.027973649323996375,1.1325144804764182,0.07988423430739933,0.24427863863962673,0.2431591047437771,0.052356978133158726,-0.016143084240553995,0.1562101253010595,0.043443567626195057,0.2635568087501565,0.2237086926917209,0.16441016458122903,0.2635568087501565,0.09661536777073487,0.05509780197270553,0.15223335901154678,-0.03479240097032088,0.11482285876823228,0.15223335901154678,0.7455732951180428,0.2298776553164114,0.8837387878031236,0.8882244571189726,-0.2921117203796286,-0.23869088698640606,0.011348499429954717,-0.005517691633908028,0.005517691633908028,0.31845881939865395,2017211745.7296555,0.977756477034664,0.03968253968253968,0.0,0.0,0.021725820985799043,0.621555744972589,0.015276243974079118,0.10822740013443433,0.09902297743793387,1.0421200631485672,0.11000109090541588,0.07472714437770932,0.1937673928073962,0.10311493358576351,-0.31709055594809366,0.20418295559720182,0.9949498471023884,0.010368426881749361,0.08526191913852443,-0.005517691633908028,0.005517691633908028,0.23766110924876838,0.015873015873015872,0.7301587301587301,1972341849.9375722,21.402487430505484,0.015873015873015872,0.0,0.0,0.0200487581501811,0.045626708897016144,0.07358258450676058,0.37147129640843984,0.07546506268174302,0.5,0.02796670171488184,-0.06334582585772786,0.11000109090541588,0.13581270115006894,0.07546506268174302,0.026457045844517024,0.2031518004523497,0.010218409387586648,-0.005517691633908028,0.005517691633908028,0.07546506268174302,2099590546.7416854,0.006768731231920455,0.02030492625262333,0.001929290548382534,-0.060347638468325915,0.03741050024331449,0.1153358229255177,0.2305845787264047,1.0,3.0,1.0,1.0,0.0,63.0,126.0,0.4004442344045369,,,,,,,,0,0,0,0,0,0
latest_month_unlabeled_or_partially_labeled,2026-07-31,BALL,62.22999954223633,-0.12791248211706363,0.10267209660934107,1.1134603412518735,1.134581419419683,0.33827901110946046,0.1826529141599762,0.1015496438800978,-0.04490121758675558,-0.168358380074912,0.07723788868888004,-0.05466928481178468,0.18041144040334545,-0.0137861790454199,-0.07898104000300243,0.3486223962772785,-0.07548518943144211,0.07548518943144211,-0.009109478160822748,1.5055974703851387,-0.4053621339990774,-0.3919419875509812,-0.0668087361948142,0.0871802103421879,-0.11683844826347445,0.042612985872336084,0.07759028264641787,0.05664842629334221,0.030463111326208603,-0.0668087361948142,0.1015496438800978,0.033327663578788025,0.005407688171371605,0.02256860387709536,-0.10494440606825728,-0.014841896366219132,0.02256860387709536,0.08104163114842876,0.29128835371589207,0.8294733860990414,0.9560341356852622,-0.1481164716401664,-0.15043733519965763,0.012946956988838848,-0.07548518943144211,0.07548518943144211,0.1826301939456796,152950166.92794314,1.0855439898250883,0.0873015873015873,0.007936507936507936,0.007936507936507936,0.024179040644019618,0.590371075508298,0.010405411760110117,0.08484125811858312,0.06623287448167092,1.020076130130062,0.14558480810573138,0.12369048094499785,0.1424637875120378,0.11274585061306786,-0.49241388895323246,0.2784816094799558,0.8676190055750413,0.01253452251826462,0.08323277304729926,-0.0182994140807885,0.0182994140807885,0.1826301939456796,0.2222222222222222,0.49206349206349204,166034134.45137265,18.92770396043002,0.09523809523809523,0.0,0.015873015873015872,0.02455855075435267,0.027010665117524812,0.06763133754452477,-0.01127570776049947,-0.0027243906968827947,0.5,0.022469444509875054,-0.11683844826347445,0.18041144040334545,0.05762324777144312,-0.0027243906968827947,0.004430594590689507,0.24161593708793627,0.010912746121262409,-0.0182994140807885,0.0182994140807885,0.03217778399816451,137592669.31412107,0.004535991541888329,0.025481522887829098,-0.0030119473156431376,-0.060347638468325915,0.03741050024331449,0.1153358229255177,0.2305845787264047,1.0,3.0,1.0,1.0,0.0,63.0,126.0,0.2592898669615151,,,,,,,,0,0,0,0,0,0
latest_month_unlabeled_or_partially_labeled,2026-07-31,BAX,21.670000076293945,-0.22618820336240852,0.0043963753639961745,1.0281751823298904,1.040588821446575,0.1750619007725962,0.13510811896588093,0.08081295842997438,0.20973838483119445,-0.01644072778297212,-0.12363538257709483,0.35692679683829964,0.015446408041835502,-0.034522864495543315,0.15247845583123043,0.17325131221954929,-0.2520306389509528,0.2520306389509528,0.014987025760930806,0.6350451229039535,-0.7868629671574179,-0.737139927334135,0.06437223064700226,0.1261067527828201,-0.17525774065107835,0.14349910383972908,0.13826070864632045,0.2905513432611688,0.14524551077938183,0.06437223064700226,0.2905513432611688,0.04642854749318537,0.09885636924429475,0.2332914142612048,0.06881465275105447,0.19588091401789032,0.2332914142612048,0.5734671370366962,0.4664493295587035,0.9271913199319245,0.8721390799023594,-0.3446029281599605,-0.33384358348633736,0.021786263285415126,-0.07194862003124458,0.07194862003124458,0.37223178237436727,156438289.5750462,0.8724467402871078,0.2777777777777778,0.03968253968253968,0.023809523809523808,0.0368718202860699,0.3095780153550732,-0.03928068941442331,0.1288292255123622,0.061656400294226366,1.0609156786133656,0.1352502084829479,0.1043986300223629,0.15388707582441796,0.1316342659191394,-0.3189008238292226,0.4068086891024001,1.0631232349268518,0.021449068800987747,0.10292079758333261,-0.07194862003124458,0.07194862003124458,0.3045283111158723,0.07936507936507936,0.873015873015873,136484075.7958397,18.731718512274405,0.25396825396825395,0.015873015873015872,0.031746031746031744,0.03511102594498801,0.0048690089735454745,0.10854272715013069,0.03795836461088413,0.016416528446512757,0.8333333333333334,0.017849767427409607,-0.17525774065107835,0.1352502084829479,0.07676416691483867,0.016416528446512757,-0.023741940652868943,0.43248776955489554,0.022088595317437447,-0.07194862003124458,0.07194862003124458,0.02994292458902259,130230741.46975562,-0.027335150914991058,0.036554809829898116,-0.017679046863815606,-0.060347638468325915,0.03741050024331449,0.1153358229255177,0.2305845787264047,1.0,3.0,1.0,1.0,0.0,63.0,126.0,0.5236890537504013,,,,,,,,0,0,0,0,0,0
latest_month_unlabeled_or_partially_labeled,2026-07-31,BBY,84.43000030517578,0.13952818335399986,0.37011276208040456,1.1841604047706131,1.2391001847998722,0.07138006776184902,0.29771686027919464,0.3341965223197185,-0.0015866283640177947,0.06738792135186644,-0.0566662330427008,0.47100818607501727,-0.048079815423277106,0.21886069939420083,0.08014543071259794,0.8313204123523978,-0.03076570182984606,0.03076570182984606,0.05669866609243068,1.3595498651455498,-0.025628219135320762,0.3780948875277268,0.40158444367158497,0.039372447731461126,0.051758995658617746,0.24949241952181955,0.09704255877553425,0.33260989395570073,0.3561302866490014,0.33260989395570073,0.40158444367158497,-0.05778804687323602,0.13454563728960878,0.41434195303231647,0.2886425803310084,0.376931452789002,0.41434195303231647,0.9056479232088581,0.40200687647502653,0.6988375416103767,1.1380622853144071,-0.2523055548901717,-0.16805687251184664,0.01788724817920655,-0.03076570182984606,0.03076570182984606,0.5409500414917421,289574213.7346661,1.0042695027895834,0.15079365079365079,0.015873015873015872,0.0,0.03287679917981215,0.631212820815288,-0.007216585208889348,0.16913653693761677,0.14700962859612998,1.0407001767444592,-0.013601366434444762,0.13113098269414036,0.09754401617632413,0.11374170819843465,-0.4661840155056436,0.4575088645532752,0.6140591342215617,0.020116860042828782,0.1264516725687459,-0.03076570182984606,0.03076570182984606,0.5409500414917421,0.015873015873015872,0.7619047619047619,290810551.6479977,19.488182591300852,0.1746031746031746,0.015873015873015872,0.0,0.032210943324796355,0.06451937976040023,0.14675256179330942,0.4010783817987801,0.11267795679015635,0.5,0.05560171734147077,-0.05778804687323602,0.2886425803310084,0.17302559525848227,0.11267795679015635,0.039451893772656454,0.28093749726627393,0.014301821729095115,-0.03076570182984606,0.03076570182984606,0.11267795679015635,290060325.99817914,-0.002469324496399916,0.029644156215702596,-0.012052425670717959,-0.060347638468325915,0.03741050024331449,0.1153358229255177,0.2305845787264047,1.0,3.0,1.0,1.0,0.0,63.0,126.0,0.4984645290152299,,,,,,,,0,0,0,0,0,0
latest_month_unlabeled_or_partially_labeled,2026-07-31,BDX,152.97000122070312,-0.11220046241405135,0.11838411631235335,1.2021228553261463,1.2254848663695623,0.1094755008361703,0.01613329099208971,-0.030858027821266787,0.010622769944846455,-0.09067278923051536,-0.062366755621120706,0.09597128915142061,0.10321681282684247,-0.14619385074678448,0.0644625613515667,-0.10995786282126149,-0.16375083165778337,0.16375083165778337,-0.022484120455328993,0.9911709979643812,-0.5530383054428198,-0.5380183661913134,-0.12153081705178215,0.05567044137420357,-0.10338763462319522,0.005345107220017686,0.14741996266954716,-0.02023525787642033,-0.05754136758315642,-0.12153081705178215,-0.02023525787642033,-0.05208935299734918,0.009410007703849255,0.03360453353029991,-0.012882421764970564,-0.0038059667130145858,0.03360453353029991,0.10623274281950601,0.28063502717788424,1.1816708624687602,1.1271912283935694,-0.23763690673747095,-0.22937499573163578,0.01340981655731404,-0.16375083165778337,0.16375083165778337,0.08712951404917879,441927289.08171725,0.9234389067724316,0.07142857142857142,0.023809523809523808,0.0,0.024780104577822534,0.547621885802837,-0.004164774357168888,0.03864668036186725,0.026527978856671908,1.055088940484538,0.035867689698104055,0.0715111878080266,0.047093635368533615,0.05523446542627419,-0.3521234587799178,0.31632934101490207,1.0483322019395354,0.015595580746871781,0.06156140537819654,-0.04351898814369237,0.04351898814369237,0.08712951404917879,0.07936507936507936,0.3492063492063492,408092852.7025253,19.827005289079672,0.1111111111111111,0.015873015873015872,0.0,0.025786325623526472,0.012610471046707428,0.08001340524432399,0.032679864421926066,0.010837238946704852,0.5,-0.0030729446523105977,-0.10338763462319522,0.10321681282684247,0.07118487741503077,0.010837238946704852,-0.007300681244356344,0.33161823460423445,0.017130609760003954,-0.04351898814369237,0.04351898814369237,0.03518980035118857,359754911.14778066,-0.009165384410148025,0.026952056659712748,-0.010056676066859227,-0.060347638468325915,0.03741050024331449,0.1153358229255177,0.2305845787264047,1.0,3.0,1.0,1.0,0.0,63.0,126.0,0.4234914577165888,,,,,,,,0,0,0,0,0,0
latest_month_unlabeled_or_partially_labeled,2026-07-31,BE,217.3000030517578,4.581129959892126,4.8117145386185305,0.8843581225253929,0.9477992399629829,0.6442191058599245,1.5008632130068316,0.43555532840923106,0.16825302823535804,-0.039653705696248265,0.8719693102466648,-1.105100259268435,0.02840723518837951,0.32021950548371336,-0.6686862774310013,0.38015911753763704,-0.37169293272552895,0.37169293272552895,0.10070440639076783,1.049779479156892,-0.3239542635936772,-0.4815614477042047,0.3959016227129828,0.11038320214893854,-0.12963315290773203,-0.05783659583722134,-0.35568426567827127,0.6038083566445891,0.478421769255601,0.3959016227129828,0.6038083566445891,1.0913718640734649,0.013563800263003412,-0.23313094902177023,0.005787742565001697,-0.2705414492650847,-0.23313094902177023,-0.19748403297573214,1.145718485539439,1.1264311768500377,1.030362451276938,-0.3491987909403337,-0.5328077336910388,0.055733558757508614,-0.37169293272552895,0.37169293272552895,0.8182578794037312,2518703319.766762,1.3126840004952545,0.6746031746031746,0.23809523809523808,0.20634920634920634,0.09385503584188849,0.7270458806130092,-0.24692788101241936,-0.07112351077348822,-0.20044800463765966,1.1332437070695085,0.062105305989583304,0.4882317115448001,-0.23754384894120062,-0.11733107477979343,-0.30713788914793994,1.1805053072337173,1.0932377974896512,0.0558083767543514,-0.21078502094906204,-0.37169293272552895,0.37169293272552895,0.10270986371623159,0.3492063492063492,0.047619047619047616,3306261549.852111,21.91908394720625,0.6507936507936508,0.20634920634920634,0.2222222222222222,0.09201679619299682,-0.17723363422820881,-0.3128163827527378,-0.2186064120768306,-0.28212753786367284,0.6666666666666666,0.12931857617417075,-0.28212753786367284,1.0913718640734649,-0.22177989939534692,-0.28212753786367284,-0.1336830929975108,1.290573022005033,0.06633197780113867,-0.3338238406286178,0.3338238406286178,0.10270986371623159,3953265509.162612,-0.030520954681544255,0.12125070888264251,0.011827167229407243,-0.060347638468325915,0.03741050024331449,0.1153358229255177,0.2305845787264047,1.0,3.0,1.0,0.0,1.0,63.0,126.0,0.9813166529942576,,,,,,,,0,0,0,0,0,0
latest_month_unlabeled_or_partially_labeled,2026-07-31,BEN,32.290000915527344,0.18651846816995366,0.41710304689635835,1.0339632372152465,1.0377741777266098,0.4836255961052822,0.38512866427750847,0.2430775068840354,0.13770483307584747,0.0037470207067902273,0.14229909194101786,-0.054074899473375515,-0.003005251038837309,0.1277416839585177,-0.15485331441639305,0.7915157582242351,-0.06242734601952826,0.06242734601952826,0.05019610290872856,0.655754080513815,-0.4901478153285147,-0.44516651805800966,0.24682452759082563,0.07844462666038986,-0.09701587896391362,0.11339168496937124,-0.06242734601952826,0.38078233995988287,0.2902281248115813,0.2430775068840354,0.38078233995988287,0.2688399591896957,0.0681952745851111,0.08822419246764235,0.03503508696146307,0.050813692224327855,0.08822419246764235,0.2965007291899281,0.30710381234781675,0.8036402011553951,0.9688950080796129,-0.11022977794949884,-0.13643880705402145,0.015373430536662062,-0.06242734601952826,0.06242734601952826,0.4545372376090864,145757582.43287858,1.0268092812676861,0.10317460317460317,0.015873015873015872,0.0,0.02792388632719795,0.7645442887180455,-0.05281680394802679,0.04582359502590139,0.002533082500317141,0.98304725119984,0.08329828033607911,0.12622349822194914,0.051388698002814426,0.04963659255689268,-0.06819155519588704,0.29755135074601785,0.8294399232670636,0.014378521227646051,0.016097409196287993,-0.06242734601952826,0.06242734601952826,0.21603579568240305,0.20634920634920634,0.9841269841269841,149665238.45721957,18.82391162107237,0.06349206349206349,0.031746031746031744,0.0,0.026758195720549712,-0.019964167791205134,-0.02064387213679708,-0.11935103912963178,-0.02945595217170016,0.5,0.04294937405213114,-0.09701587896391362,0.2688399591896957,0.030891686296625753,-0.02945595217170016,-0.02797405113546203,0.24680096953078817,0.012181598804481584,-0.06242734601952826,0.06242734601952826,0.00443727931672977,141813452.5816418,-0.017316407961146196,0.026478792170647573,-0.004378385967183873,-0.060347638468325915,0.03741050024331449,0.1153358229255177,0.2305845787264047,1.0,3.0,1.0,1.0,0.0,63.0,126.0,0.30817687341727007,,,,,,,,0,0,0,0,0,0
latest_month_unlabeled_or_partially_labeled,2026-07-31,BF-B,25.700000762939453,-0.30942669091237396,-0.07884211218596926,0.9936047310659759,1.0186061304402378,-0.03164213180422182,0.00396378691191801,-0.0440886059964557,0.024574008123700142,-0.04935232147075552,-0.04976843936360553,0.055745754370219336,0.05443916780058533,-0.1594244289219734,0.0500659210030695,-0.09887030495664025,-0.15274298333750747,0.15274298333750747,-0.01857436032022508,0.4746854330153505,-0.7816335720407304,-0.7803283271139487,-0.09344092746721122,0.03764889488666869,-0.07539768509971323,-0.01655433344106705,0.06482865302116425,-0.019514597872755557,-0.052348043778807495,-0.09344092746721122,-0.019514597872755557,-0.02534044505685662,-0.018636693125158477,0.005977315006613804,-0.0019402513382530406,-0.03143318523670069,0.005977315006613804,0.014774379920322059,0.4459236371910741,0.8159138361878966,0.907269659332756,-0.4949946251007794,-0.5129966714455716,0.01917238631508839,-0.14694179038115007,0.14694179038115007,0.13701913056216708,123036333.6876854,0.691598976592942,0.1984126984126984,0.031746031746031744,0.023809523809523808,0.03552951319765406,0.24482650047772084,0.02590571587005308,0.014591199871236249,-0.015502483535669409,0.8555298120525271,0.045191134482078565,0.04971467832692451,0.007932958277781621,0.005709743488201191,-0.3768790759367746,0.4045729864027693,0.8993068684650534,0.018405704593263527,-0.029892970988141365,-0.0871818377787783,0.0871818377787783,0.05125849921640513,0.9841269841269841,0.873015873015873,85091802.46215093,18.2592412723614,0.2222222222222222,0.015873015873015872,0.015873015873015872,0.03275260061426577,-0.02629382538287095,-0.02153683721263233,-0.09797631098787332,-0.035647237117792274,0.3333333333333333,-0.006449219388325211,-0.07539768509971323,0.05443916780058533,0.02470040135053364,-0.035647237117792274,-0.018334574567051898,0.36383526546742906,0.018031087824000796,-0.08082969941112317,0.08082969941112317,0.02512967992757087,68688960.29178981,-0.007492055691132649,0.034018897742515666,-0.01449495715545579,-0.060347638468325915,0.03741050024331449,0.1153358229255177,0.2305845787264047,1.0,3.0,1.0,1.0,0.0,63.0,126.0,0.4654972001284018,,,,,,,,0,0,0,0,0,0
latest_month_unlabeled_or_partially_labeled,2026-07-31,BG,122.3000030517578,0.3459400915087112,0.5765246702351159,0.9061020653635586,0.9309063476327557,0.31766530322500364,0.38911447527435894,0.08660275116778515,-0.11934333076896808,-0.06683153465938241,0.12223488373054625,-0.1539859307522824,0.06553581193260882,-0.028733071757732542,-0.1183537981895213,0.30481623393914614,-0.06932501602979824,0.06932501602979824,-0.0071774332225834625,1.1778443922331145,-0.5606060606060606,-0.5745572782368235,0.019771216508402745,0.05981467678674169,0.05428925787865069,0.009744976136224048,-0.051167147418429204,-0.03274057960118293,0.024544462691668323,-0.03274057960118293,0.08660275116778515,-0.0010219815641452357,-0.03422250465091192,-0.031751047021736145,-0.023834048421429554,-0.06916154726505064,-0.031751047021736145,-0.10673298890444216,0.2841146288326449,1.0137098324682943,1.0470460529814432,-0.5854121079504011,-0.5249311452439505,0.014741433692349263,-0.06932501602979824,0.06932501602979824,0.1659834470723387,202516064.5651681,0.9691811631182663,0.0873015873015873,0.007936507936507936,0.0,0.03075836851920002,0.46487704694571164,0.11848412800336627,-0.05917543945271697,0.026873087146031205,0.840930349853052,-0.13438766654262446,0.09514613222679331,-0.0081102998803676,-0.07145672175874518,-0.5308338530393631,0.29748110071350853,0.9681616482692192,0.01555760893694653,-0.011234549651695569,-0.06932501602979824,0.06932501602979824,0.1659834470723387,0.5396825396825397,0.23809523809523808,196274755.00540355,19.095026051921614,0.07936507936507936,0.015873015873015872,0.0,0.0291119332924123,0.05791274131626967,0.06477683933986644,0.5065179333662758,0.1458821250361435,0.5,0.01774391638653396,-0.13438766654262446,0.1458821250361435,0.20622976350446942,0.1458821250361435,0.07042206082142011,0.288009792795732,0.016176606949675085,-0.012754231810548133,0.012754231810548133,0.1659834470723387,161351257.22579956,0.03009427183078861,0.02701203508662303,0.006799829582512684,-0.060347638468325915,0.03741050024331449,0.1153358229255177,0.2305845787264047,1.0,3.0,1.0,1.0,0.0,63.0,126.0,0.27172753860969434,,,,,,,,0,0,0,0,0,0
latest_month_unlabeled_or_partially_labeled,2026-07-31,BIIB,200.6199951171875,0.33675913312662265,0.5673437118530273,0.9807101524215209,1.0035582841923023,0.3004472001106997,0.13995107026109022,0.11523706597295114,-0.02092629788565148,-0.06936078895824527,0.052198562574395035,0.007712661067957205,0.06631834996413266,-9.875695256655881e-05,-0.055325842330598896,0.3000035377500013,-0.07390485807488079,0.07390485807488079,0.016813479696673017,0.9297302286940669,-0.3343437600773944,-0.2944634802184638,0.04587627701470587,0.03557791663745557,-0.04426027092582707,0.0448985266667814,-0.014753877213368183,0.09431076808729966,0.08514137035831888,0.04587627701470587,0.11523706597295114,0.032455118577511044,0.041572454846778184,0.05991122364235224,0.03550296525803942,0.022500723399037748,0.05991122364235224,0.1428840255672987,0.38411902351958394,1.4522749663538919,1.0915878580434122,-0.05424722807660587,-0.12183227515827977,0.018427342993192795,-0.07390485807488079,0.07390485807488079,0.1691823497806466,237764843.04719955,1.0371261249894728,0.1349206349206349,0.031746031746031744,0.015873015873015872,0.030590427555390376,0.6383334020533542,-0.07127360981115516,0.03763764013743143,0.0062555901070819875,1.4574341541313185,0.10234692631935571,0.06605506321028227,0.023571403659119916,0.04590148629787105,-0.23145849880857816,0.41929966211746966,1.3304242582516297,0.0196069876131873,0.017173869912017636,-0.07390485807488079,0.07390485807488079,0.11042230115919338,0.2698412698412698,0.9523809523809523,246592130.32827225,19.32324623954095,0.15873015873015872,0.047619047619047616,0.031746031746031744,0.0328574209002273,-0.010743033043583705,0.019944112692835914,-0.12810271386652572,-0.07146164313557868,0.6666666666666666,0.020150241009605514,-0.07146164313557868,0.10234692631935571,-0.011114004667252764,-0.07146164313557868,-0.022253007946210768,0.5578464419577935,0.02669615275085305,-0.07390485807488079,0.07390485807488079,0.0451680036821418,306932798.471142,-0.003749248331781474,0.046420390829453796,-0.004327746112871789,-0.060347638468325915,0.03741050024331449,0.1153358229255177,0.2305845787264047,1.0,3.0,1.0,1.0,0.0,63.0,126.0,0.49755430324214434,,,,,,,,0,0,0,0,0,0
latest_month_unlabeled_or_partially_labeled,2026-07-31,BKNG,172.8300018310547,-0.4389346893077186,-0.20835011058131392,1.2004340470086388,1.2236726883516238,-0.1433590624904043,-0.18931347800634712,-0.13202066244710287,0.16082898157442516,0.1561148322753586,-0.15658996362584132,0.18572087281487903,-0.15244187192427772,-0.24735648537262056,0.16115157163614058,-0.3190850433903351,-0.24040346528677536,0.24040346528677536,0.007104244966528395,0.9115243867243867,-0.4598718304645567,-0.4441374058073786,0.02409416982825574,0.09152415471178818,-0.004582145392316828,0.004929295376113307,0.11260599873184707,0.02880831912732229,-0.026372724497174944,-0.13202066244710287,0.02880831912732229,-0.00031345872408949926,0.00923918905940968,0.029130909189037713,-0.005523909607991984,-0.00827959105427678,0.029130909189037713,0.08174735051926309,0.4137475735131924,1.009939265858301,0.8612810536160579,-0.2905955636584625,-0.31212765791477437,0.019684308090173665,-0.15754936775593964,0.15754936775593964,0.12414509950342079,1552412124.8079815,0.8369900830479843,0.19047619047619047,0.03968253968253968,0.031746031746031744,0.035172800003440516,0.46035081953744406,0.005668085835954573,0.07661287138126105,0.014009907704455538,0.9442902443818361,0.06724057546077145,0.07223270666817921,0.03484731219970216,0.07194825525143922,-0.290387128803153,0.35635294604652973,1.1726012799400463,0.017541866070155048,0.061788733111234784,-0.06381018764070334,0.06381018764070334,0.12414509950342079,0.07936507936507936,0.7301587301587301,1299353553.2677302,20.98513271178829,0.14285714285714285,0.031746031746031744,0.0,0.03392337920389261,-0.019445046490246587,0.041339472197880145,-0.07263762816849403,-0.030352353542296484,0.16666666666666666,-0.020995527288366844,-0.15244187192427772,0.06724057546077145,0.02999528492602943,-0.030352353542296484,-0.036305131129306334,0.417859920644567,0.019739919158604274,-0.06381018764070334,0.06381018764070334,0.0,1271018247.6547968,-0.03321081626877964,0.034654185136011616,-0.030374068392803544,-0.060347638468325915,0.03741050024331449,0.1153358229255177,0.2305845787264047,1.0,3.0,1.0,1.0,0.0,63.0,126.0,0.7542611549024503,,,,,,,,0,0,0,0,0,0
latest_month_unlabeled_or_partially_labeled,2026-07-31,BKR,56.09000015258789,0.03596853423383517,0.26655311296023987,1.015681103490471,1.0345868825745077,0.17244889733090218,0.24044500146538583,0.008027525058507567,-0.08620005476155479,-0.14566834056059663,0.2479089145263349,-0.44013559603768415,0.16891840798959978,-0.10730829786701013,-0.20025420656985682,0.023263404272842042,-0.19222668151134925,0.19222668151134925,-0.014485091652850834,1.472164271548902,0.21449521360907609,-0.018963171014413915,-0.13764081550208906,0.07324182764246298,-0.06451129708673675,-0.08500491378571617,-0.19222668151134925,-0.07817252970304722,-0.06926194004887624,-0.13764081550208906,0.008027525058507567,0.14119574043581684,-0.055526187055841336,-0.19222668151134925,-0.08003993033561718,-0.22963718175466374,-0.19222668151134925,-0.537798246814484,0.34507095197064475,0.9323670303026717,1.035823797564904,-0.32750279893295,-0.32035372773935566,0.01667984470842026,-0.19222668151134925,0.19222668151134925,0.06271317638963958,558149013.3904109,0.9545978436782071,0.16666666666666666,0.023809523809523808,0.023809523809523808,0.029060662030067512,0.8882678249492237,0.008496815472779806,-0.09622677844477479,-0.07282513286465997,0.8422338962990299,-0.13118348353156162,0.1233063090135798,-0.12194741367052997,-0.1081268039691905,-0.2430123196842675,0.3574327038995699,0.9001212682065746,0.017113765884604278,-0.07582968748415342,-0.19222668151134925,0.19222668151134925,0.06271317638963958,0.9047619047619048,0.2222222222222222,532807844.633605,20.093671402370337,0.15873015873015872,0.031746031746031744,0.031746031746031744,0.028538445891510354,-0.026034915696400818,-0.0592955704221827,0.033041810106634484,0.010630633379961951,0.5,0.007501678475243838,-0.13118348353156162,0.16891840798959978,0.07097827184828787,0.010630633379961951,0.0003834563863511775,0.3217327787325859,0.01482604979631153,-0.029248851893616368,0.029248851893616368,0.06271317638963958,545145874.4085221,-0.010688587100153524,0.029213252380488924,0.0009993888614572288,-0.060347638468325915,0.03741050024331449,0.1153358229255177,0.2305845787264047,1.0,3.0,1.0,1.0,0.0,63.0,126.0,0.5927019652601918,,,,,,,,0,0,0,0,0,0
latest_month_unlabeled_or_partially_labeled,2026-07-31,BLDR,70.55000305175781,-0.6756407843745093,-0.44505620564810455,0.8907062982961914,0.9112560592627169,-0.3927003170891217,-0.3143162263556616,-0.38330417735354316,0.24022147946328898,0.059783249483399525,-0.308653887386537,0.20067571465217493,-0.08837413003062367,-0.49864000027906086,0.2753260046191811,-0.7541087272597017,-0.5271764635260144,0.5271764635260144,-0.08613972091791455,1.6465196552890278,-0.6553438975050574,-0.6925592336742082,-0.32352092787014364,0.1250588867644634,-0.2105666784130128,-0.1301978195354483,0.16360211440408345,-0.14308269789025418,-0.28330260103798033,-0.38330417735354316,-0.14308269789025418,-0.039353885838757985,-0.025890224070048595,-0.10797817273436205,-0.035781948826622445,-0.14538867297767655,-0.10797817273436205,-0.19496765558985724,0.5082876825287556,1.223985477409324,1.0895917816583554,0.06918732350172574,-0.15700529608772595,0.025621391554908637,-0.4506307112779705,0.4506307112779705,0.06266009489914226,216150180.78422546,0.9401617143655893,0.35714285714285715,0.06349206349206349,0.06349206349206349,0.04568385750510749,0.4946949441668582,-0.20037921630378097,0.048912770300450825,-0.07938791624016062,0.9040466091250353,0.17335432533934347,0.14244721870954025,-0.07487541207083026,0.030110815569675875,-0.5655976882870377,0.5538260816015033,1.1233431621028032,0.02646301322269911,-0.05020363670692274,-0.22052810311980786,0.22052810311980786,0.06266009489914226,0.2698412698412698,0.6984126984126984,203216124.52652946,19.12978062842608,0.36507936507936506,0.09523809523809523,0.09523809523809523,0.04666136503580678,-0.10218881677567349,-0.08022488665296834,-0.3400468677832244,-0.21155565036876967,0.16666666666666666,-0.06871299468974051,-0.21155565036876967,0.17335432533934347,-0.15120801190044375,-0.21155565036876967,-0.1033811919720613,0.6221367417612378,0.029278312508712108,-0.22052810311980786,0.22052810311980786,0.011614643143100567,179033572.89483207,-0.04259791312471084,0.051635086469299894,-0.015434809476803313,-0.060347638468325915,0.03741050024331449,0.1153358229255177,0.2305845787264047,1.0,3.0,1.0,1.0,0.0,63.0,126.0,0.6117869244213004,,,,,,,,0,0,0,0,0,0
latest_month_unlabeled_or_partially_labeled,2026-07-31,BLK,1037.1600341796875,-0.2731865953389725,-0.042602016612567795,0.9316869055907895,0.9508831775887109,-0.026684117374145888,-0.020114014591468887,-0.06267430582154965,0.1472055998693068,0.04911283179492798,-0.04236833953185426,0.0211639797263643,-0.04978803088257877,-0.17801012874706734,0.04146994601605969,-0.21296547258704204,-0.12362801517939115,0.12362801517939115,-0.010880119877384908,1.2454452112037058,0.10591519804571625,0.08246497427199517,-0.013561474026621667,0.07494859352504357,-0.09044715317367258,0.02004364760791133,-0.01229087435862386,0.08453129404775717,0.0027651713998619507,-0.06267430582154965,0.08453129404775717,0.1080262820053377,-0.012337738371492546,-0.02120435980548996,-0.017567578931992123,-0.05861486004880445,-0.02120435980548996,-0.0737686483845054,0.29429327233283675,1.1910169030681466,0.9767265758388456,-0.2927917875474224,-0.23718946746765524,0.013761304269353557,-0.07976417292700089,0.07976417292700089,0.13013825494080455,822460130.0782219,0.9275944577820393,0.07936507936507936,0.007936507936507936,0.007936507936507936,0.025584325227469944,0.7351531085678935,0.06886230707528329,-0.01868372308022337,0.0054407414261534726,1.1094892655682829,-0.07632337255792221,0.08278751828880315,-0.003701812761374823,-0.009327585166531205,-0.27090762682618197,0.2874440601780605,1.2193964334852476,0.013748679324473873,0.0184742893079608,-0.05527515657360049,0.05527515657360049,0.09155209366128392,0.746031746031746,0.2698412698412698,762909458.4072537,20.452649918259056,0.07936507936507936,0.015873015873015872,0.0,0.022986788248050744,0.013559967124135097,0.006040060606245179,0.2243093407872456,0.07862227714655634,0.3333333333333333,-0.007912929399045273,-0.09044715317367258,0.1080262820053377,0.13896991561488226,0.07862227714655634,0.017470453213883852,0.3505082618076459,0.0170905977902656,-0.05143587797568705,0.05143587797568705,0.09155209366128392,924184109.0698242,-0.015220395393575337,0.029274330072490237,-0.013795189240975225,-0.060347638468325915,0.03741050024331449,0.1153358229255177,0.2305845787264047,1.0,3.0,1.0,1.0,0.0,63.0,126.0,0.4744733744694511,,,,,,,,0,0,0,0,0,0
latest_month_unlabeled_or_partially_labeled,2026-07-31,BMY,61.5099983215332,0.2578103183088658,0.4883948970352705,1.0091318806969287,1.0328457796486998,0.3802565297453431,0.17887313327152543,0.14161174185583159,-0.10540855204584698,-0.13398420706702652,0.11198438097042485,-0.08534069658742016,0.13296997396474408,0.02627591893031389,-0.1149680574728269,0.5109579454513357,0.0,-0.0,-0.0004104195858521953,0.9155862713510988,-0.6936587875450662,-0.6854967289669098,0.007627534788805068,0.07056828684292414,-0.027577269885088573,0.07068357677815507,0.01852263826629197,0.036203189809984604,0.061814155484873755,0.007627534788805068,0.14161174185583159,0.00931141502392352,0.005717885572834813,0.026643684383004684,-0.05627991728771875,-0.010766815860309809,0.026643684383004684,0.0862022435268803,0.27714950538785366,1.2686290059436027,1.115222707019636,-0.328256788556622,-0.2748118112207024,0.013826967385326237,0.0,-0.0,0.15780633066671412,694793008.4219797,0.951045068536917,0.09523809523809523,0.007936507936507936,0.0,0.022666870116243017,0.43572231644339426,0.056955797788285745,0.024089008664877953,0.08114692531359613,1.1208939858087312,0.007695007407193533,0.07006820255848262,0.08786885347655038,0.05353800909262918,-0.508631304785093,0.3090834216477954,1.1375566494103544,0.015310633980453436,0.08275910516264906,0.0,-0.0,0.15193225489926432,0.0,0.36507936507936506,660779464.3136524,20.30893070419432,0.15873015873015872,0.015873015873015872,0.0,0.023958967064229012,0.07415199549873197,0.11655510031615335,0.22628453102431065,0.07956161882318402,0.6666666666666666,0.024280138007706304,-0.05627991728771875,0.13296997396474408,0.13990925729150994,0.07956161882318402,0.053413177564674674,0.35159990151795395,0.018692440625929816,0.0,-0.0,0.13098802179956315,668496284.1207231,0.029973178884000085,0.02546623904231343,0.01134492979564583,-0.060347638468325915,0.03741050024331449,0.1153358229255177,0.2305845787264047,1.0,3.0,1.0,1.0,0.0,63.0,126.0,0.4555947497949138,,,,,,,,0,0,0,0,0,0
latest_month_unlabeled_or_partially_labeled,2026-07-31,BNY,160.11000061035156,0.3687639435599037,0.5993485222863084,0.8609760683974979,0.8687569675808832,0.49594715169352366,0.3907966579162283,0.34043991290755615,0.0145761083027105,0.009228881533536404,0.12494474964499269,0.06661591440590309,-0.0068378861329145835,0.22510408998203846,-0.14887924885666037,1.4090839123535617,-0.013797384717902705,0.013797384717902705,0.052954240719819134,1.185977421271539,-0.44734673698088334,-0.341480110927047,0.34966879444109256,0.007373692220018491,-0.003946246159066136,0.18666099622055787,0.008074909236060135,0.35501602121026665,0.34837490951963845,0.34043991290755615,0.35501602121026665,0.1371775370661188,0.05793560813312548,0.19156066405089578,0.03765719835131942,0.1541501638075813,0.19156066405089578,0.8576850481012719,0.24160371850312798,1.1504066717953938,0.9244318083966968,-0.15448035903383595,-0.06385347030095934,0.012179232605886782,-0.013797384717902705,0.013797384717902705,0.4019321950745045,510907213.37015665,1.1097234035481864,0.03968253968253968,0.007936507936507936,0.007936507936507936,0.023217569355324173,0.6558472460347986,0.0043979632211453845,0.06561878689097922,0.1006090458889437,1.235860098014055,0.037151317554864116,0.0588497787164443,0.14831821717625604,0.0689834071807427,-0.27477256671616623,0.22334616241121308,1.2444473041128044,0.011585828171860104,0.09371635655373445,-0.013797384717902705,0.013797384717902705,0.22689655640116135,0.09523809523809523,0.8095238095238095,566965691.7184497,20.155809353192023,0.015873015873015872,0.015873015873015872,0.0,0.022205538812619302,0.06991549471192737,0.09008351874700327,0.38563670573703535,0.10718484153640517,0.6666666666666666,0.0513977937027878,-0.0068378861329145835,0.1371775370661188,0.1675324800047311,0.10718484153640517,0.05001869334999576,0.2779425296965747,0.013478441707243475,-0.013797384717902705,0.013797384717902705,0.11528283180001431,703741533.126831,0.016991139134432842,0.02410397040968236,0.008948271637561955,-0.060347638468325915,0.03741050024331449,0.1153358229255177,0.2305845787264047,1.0,3.0,1.0,1.0,0.0,63.0,126.0,0.3611167385954274,,,,,,,,0,0,0,0,0,0
latest_month_unlabeled_or_partially_labeled,2026-07-31,BR,144.39999389648438,-0.635172313183325,-0.4045877344569203,0.9685821356290327,0.975691234807454,-0.33395643992273005,-0.3449937492204693,-0.2583951304869536,0.15314211910401543,0.04484666050008235,-0.2145170551367045,0.15865578451690043,-0.05702406160915441,-0.3737309534124713,0.20253385986714956,-0.7908352987269472,-0.4478231446605174,0.4478231446605174,-0.04491114168732724,1.207857004132093,-0.7598977815636458,-0.7733101965641342,-0.21354846998687127,0.07873122840389138,-0.121034728232298,-0.06922190411609164,0.12376434969541872,-0.10525301138293819,-0.19239887061892103,-0.2583951304869536,-0.10525301138293819,-0.05231407125471765,-0.030913437818148926,-0.05586127061980406,-0.0016885634520242832,-0.09327177086311855,-0.05586127061980406,-0.18182302967187844,0.32673697153238734,1.0259664101047234,0.9402939473504016,-0.5593393148450245,-0.5353676402720371,0.01603269799104963,-0.30321874661076154,0.30321874661076154,0.06615469059042867,244589670.96861583,0.876738067538033,0.15873015873015872,0.0,0.015873015873015872,0.030442386060221312,0.34972667769546145,0.05808349840326543,-0.020841293490957424,-0.009567887692824129,0.9009877153698338,-0.1030574668901506,0.064941499834944,-0.05426433594220015,-0.01061335627211124,-0.568653108296924,0.3072287967075043,1.0911124260618001,0.015379211362691374,0.041389941057469404,-0.09562379838084956,0.09562379838084956,0.06615469059042867,0.9206349206349206,0.2698412698412698,214441075.46478757,19.183545556799036,0.12698412698412698,0.0,0.0,0.029223173528895027,0.005475436856258842,0.05737677168722377,0.16227912086994153,0.05439939477368361,0.16666666666666666,-0.046786582777443554,-0.121034728232298,0.05439939477368361,0.11474703324200952,0.05439939477368361,-0.0033337625919857006,0.3352211577315726,0.017155377002402265,-0.05657914412806775,0.05657914412806775,0.06615469059042867,188895051.45227343,-0.023294857090144117,0.03131680154875206,-0.015624604076796778,-0.060347638468325915,0.03741050024331449,0.1153358229255177,0.2305845787264047,1.0,3.0,1.0,1.0,0.0,63.0,126.0,0.33294646360166924,,,,,,,,0,0,0,0,0,0
latest_month_unlabeled_or_partially_labeled,2026-07-31,BRK-B,490.8500061035156,-0.19038367802196787,0.040200900704436826,1.0199628857388885,1.0228200711045097,0.027872005110419318,-0.02347555542873203,0.021476301896728556,0.0028350370008403125,-0.049399870096850984,-0.01442156097098135,0.050844702393470276,0.0508189155510983,-0.09385952102878914,0.01494683952576037,0.13917620980680348,-0.04468576237164368,0.04468576237164368,-0.0007589764732159887,1.1304165312533854,-0.4357348364746638,-0.4151825266237966,-0.02792356820012243,0.029373656337741152,-0.05099514680166484,0.013942574117774331,0.03454045935876504,0.024311338897568868,0.0059546908647249985,-0.02792356820012243,0.024311338897568868,-0.011686156011816329,0.019455089746382548,0.036423141422488925,0.0018581183941541735,-0.000987358820825568,0.036423141422488925,0.27085484046922326,0.15431015061080294,0.975810884382771,0.8714576840812737,-0.5122240081211403,-0.5215235284838746,0.007086173154765016,-0.03393097750129692,0.03393097750129692,0.054684169619245715,2387205063.436066,1.005544812656231,0.007936507936507936,0.0,0.0,0.013934097827480698,0.5258501974446197,-0.03334119641671773,0.02026041284346336,0.004190256564616801,0.9276228196892917,0.05460715533252669,0.04137586538651954,0.03450091624125173,0.022796798425936515,-0.4819655242635873,0.13447476648152287,1.1197455736608837,0.006810554448371365,0.0032597223624200033,-0.03334119641671773,0.03334119641671773,0.05441230814494591,0.2222222222222222,0.8571428571428571,2400441668.2848253,21.598918586237755,0.0,0.0,0.0,0.013525078265706283,-0.005880788913658619,-0.002091813871028525,-0.12661348880775197,-0.019065145717634846,0.5,0.004256290124443858,-0.05099514680166484,0.05460715533252669,0.04128249275069107,-0.019065145717634846,-0.009021458246884606,0.1505775245367662,0.0070400707758683555,-0.03334119641671773,0.03334119641671773,0.006231952112782935,2199935666.4450507,-0.0013570135670498695,0.013060425478956408,0.0008972134298250722,-0.060347638468325915,0.03741050024331449,0.1153358229255177,0.2305845787264047,1.0,3.0,1.0,1.0,0.0,63.0,126.0,0.3520435495951778,,,,,,,,0,0,0,0,0,0
latest_month_unlabeled_or_partially_labeled,2026-07-31,BRO,65.73999786376953,-0.5046617911310317,-0.274077212404627,1.0641625932291467,1.0674470935810896,-0.16951876523176967,-0.1708376070448664,-0.08343621178117966,0.09451911950172487,0.0014634044013971392,-0.16382462960035782,0.25996285689681287,-0.0015940752225652721,-0.19877203470669735,0.1795744390776347,-0.24522689590575303,-0.3584100982056245,0.3584100982056245,-0.010862555384417827,0.8881705672415301,-0.6285865917962062,-0.592879565137359,-0.08197280737978252,0.05415313413007095,-0.09203569201868811,0.03312112699272962,0.12663436400376082,0.01108290772054521,-0.051442037146805654,-0.08343621178117966,0.01108290772054521,-0.07759543227106724,0.027157210701434176,0.09613822729645505,-0.0620964817614289,0.058727727053140555,0.09613822729645505,0.27101492642132813,0.3402408674342407,1.1741269045536344,1.042596882970509,-0.1328243664561516,-0.11133089726135392,0.016379737057929063,-0.1700044983475556,0.1700044983475556,0.2089002679758134,215252129.8710596,0.90757686196552,0.15079365079365079,0.015873015873015872,0.015873015873015872,0.029002416318464827,0.5998147610555855,0.006030978192952174,0.11941556066241765,0.0666571090958874,0.9822296517288032,0.14044447157118056,0.08708199000438059,0.1687110731336805,0.15227114143405807,-0.22336642642355964,0.35473406784612155,1.1261561623015572,0.017589597713774895,0.1390611558175494,-0.06085717337472096,0.06085717337472096,0.2089002679758134,0.2222222222222222,0.7619047619047619,195357852.55977085,19.0903435811644,0.15873015873015872,0.031746031746031744,0.0,0.0296580453941617,0.01666078678612526,0.13349970909845665,0.062043735290738276,0.024785600936411578,0.3333333333333333,-0.011348601461026231,-0.09203569201868811,0.14044447157118056,0.08513323940473749,0.024785600936411578,-0.020414280441660604,0.3994859564832085,0.019492188145297528,-0.06085717337472096,0.06085717337472096,0.08071668395394016,188845469.7785877,-0.029997232848685274,0.02935806629111458,-0.02190087571628574,-0.060347638468325915,0.03741050024331449,0.1153358229255177,0.2305845787264047,1.0,3.0,1.0,1.0,0.0,63.0,126.0,0.40197453365195995,,,,,,,,0,0,0,0,0,0
latest_month_unlabeled_or_partially_labeled,2026-07-31,BSX,43.58000183105469,-0.8152204671022236,-0.5846358883758189,0.9270032461285336,0.9581608916574211,-0.5673153166910728,-0.5429470107135584,-0.5340532192896676,0.2285552405016945,0.10113197916407501,-0.3840478845050119,0.1405137996125373,-0.17833850660616013,-0.6493890422151853,0.290519134397193,-1.1706070814745202,-0.5970038646474569,0.5970038646474569,-0.11423394422873134,1.7941082303052827,-0.23831612112725364,-0.4238121075458784,-0.43292124012559263,0.11452937228817885,-0.1834742843732028,-0.22340820331175248,0.047466977386411924,-0.30549797878797313,-0.4241574794010778,-0.5340532192896676,-0.30549797878797313,-0.08191234087089139,-0.12185735330035263,-0.24353408489247463,-0.16143029228486927,-0.2809445851357891,-0.24353408489247463,-0.5966937358883351,0.4562190232242261,0.7076060109154086,0.8946123400898047,-0.6153298578397504,-0.6072182432092722,0.018168379840706524,-0.5353449045138048,0.5353449045138048,0.022284793317774554,1118042048.9888086,0.9003094238023698,0.11904761904761904,0.015873015873015872,0.03968253968253968,0.02907061476908657,0.5840705776526078,0.01370073820109352,-0.1130292594014175,-0.08526854397797057,0.7493657873702069,-0.11653903763347595,0.07804409065938638,-0.09790932328251567,-0.08379503042673997,-0.4875431936158674,0.40813916796010985,0.7909638389789888,0.01764016835955071,-0.06014227837800079,-0.3365809071186,0.3365809071186,0.022284793317774554,0.9841269841269841,0.1111111111111111,1006583792.9119352,20.729828052347738,0.14285714285714285,0.015873015873015872,0.031746031746031744,0.030140044128376505,-0.024670411317632812,-0.04205380787636459,0.06532116595221651,0.02108719586325214,0.16666666666666666,-0.11676787765089124,-0.1834742843732028,0.02108719586325214,0.08143483433157805,0.02108719586325214,-0.009252698321371877,0.3228233231274188,0.01511379707870641,-0.037969038299645375,0.037969038299645375,0.022284793317774554,843559235.4093279,-0.0033161474934254587,0.032141224023333255,0.0016549059401995692,-0.060347638468325915,0.03741050024331449,0.1153358229255177,0.2305845787264047,1.0,3.0,1.0,1.0,0.0,63.0,126.0,0.6681865035488819,,,,,,,,0,0,0,0,0,0
latest_month_unlabeled_or_partially_labeled,2026-07-31,BX,124.5,-0.4846200234234689,-0.2540354446970642,1.0060447487265494,1.027453754431796,-0.12546268557531426,-0.1753340211587162,-0.10747084403794571,0.200205909322958,0.21582052514347105,-0.10799366813473821,0.10857978964320236,-0.19472241371351362,-0.2228066669634634,0.10805696554640987,-0.26690583260185224,-0.32031922013284,0.32031922013284,-0.009649007174110658,1.3179240223678237,-0.09584482683129736,-0.09531488203731397,0.10834968110552534,0.12034999060258814,0.014289479963233598,0.05440925828694043,0.07333443592263855,0.0927350652850123,0.031204634117530643,-0.10747084403794571,0.10834968110552534,0.09209496493677749,-0.008406500147208229,0.0005861215084641547,-0.05993124615049261,-0.03682437873485034,0.0005861215084641547,0.001542054446181555,0.4026545354603086,0.8520418688479134,0.9439638338974434,0.12097277637543091,0.18603818161334162,0.019657713023211062,-0.17943313002613093,0.17943313002613093,0.23045045285517385,838483083.9076209,0.7473873057231263,0.19047619047619047,0.023809523809523808,0.047619047619047616,0.035829096189397086,0.9515781874317182,0.05313312152231553,0.02269383530990665,0.03668964856333323,0.8994956601173068,0.005984414302274255,0.1023878586486289,0.0643754697846759,0.021252696623880185,0.03155870268380112,0.380091319029307,0.9026213062951766,0.018681954752355606,0.016812404451482132,-0.034659232212099655,0.034659232212099655,0.128944517393055,0.07936507936507936,0.5396825396825397,626671612.9761348,20.255933219731766,0.1111111111111111,0.031746031746031744,0.031746031746031744,0.03232689294035287,0.021326162637266943,0.0032096739343252523,0.16918487772620316,0.0580436979462553,0.6666666666666666,-0.014040183785910931,-0.19472241371351362,0.09209496493677749,0.11839133641458122,0.0580436979462553,0.021647434962466905,0.3430785228936898,0.017568103545299626,-0.034659232212099655,0.034659232212099655,0.10186744272805393,589532840.8546448,-0.0021639853872972292,0.032180129558412256,0.0008199400349391261,-0.060347638468325915,0.03741050024331449,0.1153358229255177,0.2305845787264047,1.0,3.0,1.0,1.0,0.0,63.0,126.0,0.6572202803438313,,,,,,,,0,0,0,0,0,0
latest_month_unlabeled_or_partially_labeled,2026-07-31,BXP,67.83999633789062,-0.14756728038559608,0.08301729834080862,1.1228740304229752,1.14356770529896,-0.01385483690481304,0.02984956215384016,0.07459794079557658,0.24631721820210584,0.1323184605268306,-0.08364762651045632,0.2563383641394986,-0.10963349274386414,-0.040737882129941116,0.09809279683346572,0.24856840770511843,-0.10221952172284865,0.10221952172284865,0.025455634372927527,0.510478709390804,0.020431867377646462,0.19665099925527318,0.20691640132240718,0.12327209993243968,-0.08630286123885356,0.14831286441915936,0.06369825794484263,0.3209151589976824,0.20080983370522207,0.07459794079557658,0.3209151589976824,0.12639685520866473,0.07230413164877869,0.1726907376290423,0.02651382519505119,0.1352802373857278,0.1726907376290423,0.6543569764420549,0.30011030558667606,0.8763106556687684,0.8793735495968312,0.93067625611827,0.9752235706083394,0.014718426598636654,-0.039773604066504986,0.039773604066504986,0.35123948637568314,122990886.23033553,0.7641325329515903,0.0873015873015873,0.0,0.015873015873015872,0.02836506294180703,0.40462516486047045,-0.033977824563502734,0.08782064067411421,0.05996562401491623,1.0416586503361562,0.11663667602059635,0.09871712304367851,0.14240130901911185,0.083018375708791,0.1735276259866423,0.26390906469434505,0.9965169592268643,0.013252323053658577,0.05565118829976101,-0.039773604066504986,0.039773604066504986,0.20272801930495055,0.07936507936507936,0.9841269841269841,93981337.42514716,18.358606793133056,0.06349206349206349,0.0,0.0,0.024335703083022266,0.017473585657814317,0.06869230675972715,0.08773503844417045,0.023073425360103705,0.6666666666666666,0.016114071300283046,-0.10963349274386414,0.12639685520866473,0.08342106382842962,0.023073425360103705,0.00044887257241210676,0.26298985866161456,0.013545796704038639,-0.039773604066504986,0.039773604066504986,0.06884158314918132,87021298.51495652,-0.005978255711462266,0.025385378591051513,-0.006182109766000643,-0.060347638468325915,0.03741050024331449,0.1153358229255177,0.2305845787264047,1.0,3.0,1.0,1.0,0.0,63.0,126.0,0.18959553447230446,,,,,,,,0,0,0,0,0,0
latest_month_unlabeled_or_partially_labeled,2026-07-31,C,131.8800048828125,0.20879526917831925,0.43937984790472395,0.9412829607302616,0.9545066319590749,0.32360634184571424,0.1414389713154769,0.15110634100265807,0.017254818265091787,0.05139697973318924,0.11180613162857811,-0.07645805406714845,-0.042741653055675455,0.03577051807714038,-0.11575826344122842,0.4699179597663448,-0.09466598104943635,0.09466598104943635,0.03905621703308704,1.1702665411696647,-0.1157020704667826,-0.08444383866623084,0.20250332073584731,0.026156788375642403,0.029222266759959314,0.04392191008786139,-0.0565600246366319,0.16836115926774986,0.17399027366875175,0.15110634100265807,0.20250332073584731,0.12847184882943719,0.030343724373227188,0.03534807756142966,-0.01159903155426767,-0.0020624226818848346,0.03534807756142966,0.13019484856335883,0.32155898250365234,0.9664244055596082,0.8443283128388559,-0.5151365818813125,-0.5431281303114275,0.01510838368920406,-0.09466598104943635,0.09466598104943635,0.25596062251580176,1654502795.0719259,1.0058229364402695,0.11904761904761904,0.023809523809523808,0.023809523809523808,0.027136913133153376,0.5867270411256931,-0.05546785153167677,0.05578574580771156,-0.01712354121028159,1.1107376093826666,0.1116759731341086,0.07874122355455772,0.047498040384887474,0.016878275409039523,-0.35869504552630327,0.27150135317548796,1.144607365244253,0.013142677772811905,-0.0506290471455485,-0.09466598104943635,0.09466598104943635,0.09927484821975718,0.3492063492063492,0.6984126984126984,1664136859.687878,21.232572423972787,0.07936507936507936,0.0,0.015873015873015872,0.024916187233337793,-0.04982165611411693,-0.09080183499396677,-0.1857714495799325,-0.05773079053628061,0.5,0.02621643559621356,-0.05773079053628061,0.12847184882943719,0.0026168479320453075,-0.05773079053628061,-0.03993008938691056,0.31076244851844465,0.01503670367326781,-0.09035723017501929,0.09035723017501929,0.024549437788547124,1890999917.9619925,-0.01318445131214141,0.03012476848016543,0.006640747030056904,-0.060347638468325915,0.03741050024331449,0.1153358229255177,0.2305845787264047,1.0,3.0,1.0,1.0,0.0,63.0,126.0,0.6381718800156935,,,,,,,,0,0,0,0,0,0
latest_month_unlabeled_or_partially_labeled,2026-07-31,CAH,225.97999572753903,0.2404253565185952,0.4710099352449999,0.9688573840988082,0.9892588794346818,0.19299062601170758,0.10747858992753856,0.05650084924125398,0.017849264633223783,-0.06613791003668223,-0.10020682978443074,0.27436649693120563,0.06678148728970235,-0.058834973684263714,0.11765881790552091,0.19074635182730285,-0.05727758792613591,0.05727758792613591,0.01158611256247899,0.9137456287688961,-0.5954383338470345,-0.5249800087294894,-0.009637060795428254,0.04424677935737325,-0.0781748645858279,0.06263880156874824,0.10164205513343727,0.07435011387447776,0.04040463410676783,-0.009637060795428254,0.07435011387447776,-0.08500509433681669,0.06547692030710017,0.1741596671467749,0.020323508991862305,0.1367491669034604,0.1741596671467749,0.6372754188875294,0.29620933087311935,0.749293523076151,0.9226174912155998,0.10247180225581953,0.05101408400646479,0.013397877131557637,-0.05727758792613591,0.05727758792613591,0.24094200090310802,442613735.0739494,1.1560923829321075,0.07142857142857142,0.007936507936507936,0.007936507936507936,0.02418193967229507,0.7433155801253961,-0.055764455871973984,0.12077266813441101,0.04124375892313714,1.053906380201445,0.20711381276773633,0.11144366101646894,0.15077194321133636,0.10372297793008145,-0.16937124259820102,0.2732879097248089,0.8121388660092659,0.01337472938787264,0.026158347562363682,-0.05727758792613591,0.05727758792613591,0.24094200090310802,0.19047619047619047,0.7936507936507936,511702367.70012265,20.053253702844383,0.07936507936507936,0.0,0.0,0.02443152195729755,-0.016561980337590265,0.002585705424926088,-0.2102966336252102,-0.0466748611112453,0.5,0.014060664835901848,-0.08500509433681669,0.20711381276773633,0.013672777357080612,-0.0466748611112453,-0.028108704786214078,0.2219477330979489,0.011640248995811165,-0.05727758792613591,0.05727758792613591,0.02466673894538607,550132468.8319615,-0.009341962171600326,0.024749351962536505,0.0017909609464257237,-0.060347638468325915,0.03741050024331449,0.1153358229255177,0.2305845787264047,1.0,3.0,1.0,1.0,0.0,63.0,126.0,0.4185190997610301,,,,,,,,0,0,0,0,0,0
